rows	number	change	Name	mRNA_expression	chromosome_name	transcription_start_site	description	TF_status	YAP_promoters	DBD
ENSG00000000003	1	shYT_up	TSPAN6	6.89	X	100636806	tetraspanin 6 [Source:HGNC Symbol;Acc:HGNC:11858]	no	Not_regulated_by_YAP	NA
ENSG00000001036	1	shYT_up	FUCA2	112.58	6	143511720	alpha-L-fucosidase 2 [Source:HGNC Symbol;Acc:HGNC:4008]	no	YAP_regulated	NA
ENSG00000001617	1	shYT_up	SEMA3F	3.07	3	50155045	semaphorin 3F [Source:HGNC Symbol;Acc:HGNC:10728]	no	YAP_regulated	NA
ENSG00000005073	1	shYT_up	HOXA11	3.78	7	27185232	homeobox A11 [Source:HGNC Symbol;Acc:HGNC:5101]	Yes	Not_regulated_by_YAP	Homeodomain
ENSG00000005175	1	shYT_up	RPAP3	40.97	12	47706030	RNA polymerase II associated protein 3 [Source:HGNC Symbol;Acc:HGNC:26151]	no	YAP_regulated	NA
ENSG00000005238	1	shYT_up	FAM214B	5.37	9	35115850	family with sequence similarity 214 member B [Source:HGNC Symbol;Acc:HGNC:25666]	no	YAP_regulated	NA
ENSG00000005302	1	shYT_up	MSL3	19.12	X	11762888	MSL complex subunit 3 [Source:HGNC Symbol;Acc:HGNC:7370]	no	Not_regulated_by_YAP	NA
ENSG00000005893	1	shYT_up	LAMP2	158.59	X	120469365	lysosomal associated membrane protein 2 [Source:HGNC Symbol;Acc:HGNC:6501]	no	Not_regulated_by_YAP	NA
ENSG00000006007	1	shYT_up	GDE1	51.78	16	19522098	glycerophosphodiester phosphodiesterase 1 [Source:HGNC Symbol;Acc:HGNC:29644]	no	YAP_regulated	NA
ENSG00000006015	1	shYT_up	REX1BD	17.08	19	18588685	required for excision 1-B domain containing [Source:HGNC Symbol;Acc:HGNC:26098]	no	Not_regulated_by_YAP	NA
ENSG00000006042	1	shYT_up	TMEM98	1.32	17	32927910	transmembrane protein 98 [Source:HGNC Symbol;Acc:HGNC:24529]	no	Not_regulated_by_YAP	NA
ENSG00000006432	1	shYT_up	MAP3K9	3.46	14	70809171	mitogen-activated protein kinase kinase kinase 9 [Source:HGNC Symbol;Acc:HGNC:6861]	no	YAP_regulated	NA
ENSG00000006712	1	shYT_up	PAF1	37.68	19	39391106	PAF1 homolog, Paf1/RNA polymerase II complex component [Source:HGNC Symbol;Acc:HGNC:25459]	no	YAP_regulated	NA
ENSG00000008441	1	shYT_up	NFIX	13.04	19	13070003	nuclear factor I X [Source:HGNC Symbol;Acc:HGNC:7788]	Yes	Not_regulated_by_YAP	SMAD
ENSG00000008513	1	shYT_up	ST3GAL1	11.36	8	133571925	ST3 beta-galactoside alpha-2,3-sialyltransferase 1 [Source:HGNC Symbol;Acc:HGNC:10862]	no	YAP_regulated	NA
ENSG00000010704	1	shYT_up	HFE	6.04	6	26087281	homeostatic iron regulator [Source:HGNC Symbol;Acc:HGNC:4886]	no	Not_regulated_by_YAP	NA
ENSG00000011105	1	shYT_up	TSPAN9	7.99	12	3077377	tetraspanin 9 [Source:HGNC Symbol;Acc:HGNC:21640]	no	YAP_regulated	NA
ENSG00000011114	1	shYT_up	BTBD7	11.48	14	93293928	BTB domain containing 7 [Source:HGNC Symbol;Acc:HGNC:18269]	no	YAP_regulated	NA
ENSG00000011198	1	shYT_up	ABHD5	16.03	3	43690108	abhydrolase domain containing 5 [Source:HGNC Symbol;Acc:HGNC:21396]	no	YAP_regulated	NA
ENSG00000013364	1	shYT_up	MVP	95.36	16	29820394	major vault protein [Source:HGNC Symbol;Acc:HGNC:7531]	no	Not_regulated_by_YAP	NA
ENSG00000013375	1	shYT_up	PGM3	81.21	6	83172013	phosphoglucomutase 3 [Source:HGNC Symbol;Acc:HGNC:8907]	no	Not_regulated_by_YAP	NA
ENSG00000013392	1	shYT_up	RWDD2A	4.22	6	83193357	RWD domain containing 2A [Source:HGNC Symbol;Acc:HGNC:21385]	no	Not_regulated_by_YAP	NA
ENSG00000017483	1	shYT_up	SLC38A5	6.59	X	48470177	solute carrier family 38 member 5 [Source:HGNC Symbol;Acc:HGNC:18070]	no	Not_regulated_by_YAP	NA
ENSG00000019582	1	shYT_up	CD74	18.67	5	150412751	CD74 molecule [Source:HGNC Symbol;Acc:HGNC:1697]	no	Not_regulated_by_YAP	NA
ENSG00000022976	1	shYT_up	ZNF839	6.43	14	102331692	zinc finger protein 839 [Source:HGNC Symbol;Acc:HGNC:20345]	no	Not_regulated_by_YAP	NA
ENSG00000023608	1	shYT_up	SNAPC1	4.56	14	61762420	small nuclear RNA activating complex polypeptide 1 [Source:HGNC Symbol;Acc:HGNC:11134]	no	Not_regulated_by_YAP	NA
ENSG00000024422	1	shYT_up	EHD2	28.13	19	47713422	EH domain containing 2 [Source:HGNC Symbol;Acc:HGNC:3243]	no	YAP_regulated	NA
ENSG00000027847	1	shYT_up	B4GALT7	27.93	5	177600132	beta-1,4-galactosyltransferase 7 [Source:HGNC Symbol;Acc:HGNC:930]	no	Not_regulated_by_YAP	NA
ENSG00000028839	1	shYT_up	TBPL1	33.01	6	133953195	TATA-box binding protein like 1 [Source:HGNC Symbol;Acc:HGNC:11589]	Yes	Not_regulated_by_YAP	TBP
ENSG00000029993	1	shYT_up	HMGB3	203.45	X	150983406	high mobility group box 3 [Source:HGNC Symbol;Acc:HGNC:5004]	no	Not_regulated_by_YAP	NA
ENSG00000032219	1	shYT_up	ARID4A	4.6	14	58298588	AT-rich interaction domain 4A [Source:HGNC Symbol;Acc:HGNC:9885]	no	YAP_regulated	NA
ENSG00000033170	1	shYT_up	FUT8	22.74	14	65410592	fucosyltransferase 8 [Source:HGNC Symbol;Acc:HGNC:4019]	no	YAP_regulated	NA
ENSG00000033178	1	shYT_up	UBA6	64.27	4	67701155	ubiquitin like modifier activating enzyme 6 [Source:HGNC Symbol;Acc:HGNC:25581]	no	YAP_regulated	NA
ENSG00000033867	1	shYT_up	SLC4A7	17.55	3	27424086	solute carrier family 4 member 7 [Source:HGNC Symbol;Acc:HGNC:11033]	no	YAP_regulated	NA
ENSG00000034510	1	shYT_up	TMSB10	6742.5	2	84905656	thymosin beta 10 [Source:HGNC Symbol;Acc:HGNC:11879]	no	YAP_regulated	NA
ENSG00000034533	1	shYT_up	ASTE1	4.49	3	131026792	asteroid homolog 1 [Source:HGNC Symbol;Acc:HGNC:25021]	no	Not_regulated_by_YAP	NA
ENSG00000035403	1	shYT_up	VCL	164.5	10	73995193	vinculin [Source:HGNC Symbol;Acc:HGNC:12665]	no	YAP_regulated	NA
ENSG00000040199	1	shYT_up	PHLPP2	7.15	16	71681854	PH domain and leucine rich repeat protein phosphatase 2 [Source:HGNC Symbol;Acc:HGNC:29149]	no	Not_regulated_by_YAP	NA
ENSG00000040633	1	shYT_up	PHF23	28.62	17	7239457	PHD finger protein 23 [Source:HGNC Symbol;Acc:HGNC:28428]	no	YAP_regulated	NA
ENSG00000041982	1	shYT_up	TNC	127.74	9	115118157	tenascin C [Source:HGNC Symbol;Acc:HGNC:5318]	no	Not_regulated_by_YAP	NA
ENSG00000042317	1	shYT_up	SPATA7	1.97	14	88385668	spermatogenesis associated 7 [Source:HGNC Symbol;Acc:HGNC:20423]	no	Not_regulated_by_YAP	NA
ENSG00000044574	1	shYT_up	HSPA5	516.54	9	125241343	heat shock protein family A (Hsp70) member 5 [Source:HGNC Symbol;Acc:HGNC:5238]	no	YAP_regulated	NA
ENSG00000048544	1	shYT_up	MRPS10	60.41	6	42217861	mitochondrial ribosomal protein S10 [Source:HGNC Symbol;Acc:HGNC:14502]	no	Not_regulated_by_YAP	NA
ENSG00000049130	1	shYT_up	KITLG	23.48	12	88534762	KIT ligand [Source:HGNC Symbol;Acc:HGNC:6343]	no	Not_regulated_by_YAP	NA
ENSG00000050130	1	shYT_up	JKAMP	53.91	14	59484517	JNK1/MAPK8 associated membrane protein [Source:HGNC Symbol;Acc:HGNC:20184]	no	YAP_regulated	NA
ENSG00000050165	1	shYT_up	DKK3	29.71	11	12009082	dickkopf WNT signaling pathway inhibitor 3 [Source:HGNC Symbol;Acc:HGNC:2893]	no	Not_regulated_by_YAP	NA
ENSG00000050405	1	shYT_up	LIMA1	54.51	12	50200847	LIM domain and actin binding 1 [Source:HGNC Symbol;Acc:HGNC:24636]	no	Not_regulated_by_YAP	NA
ENSG00000050820	1	shYT_up	BCAR1	52.88	16	75268053	BCAR1 scaffold protein, Cas family member [Source:HGNC Symbol;Acc:HGNC:971]	no	YAP_regulated	NA
ENSG00000051523	1	shYT_up	CYBA	264.59	16	88651053	cytochrome b-245 alpha chain [Source:HGNC Symbol;Acc:HGNC:2577]	no	YAP_regulated	NA
ENSG00000051620	1	shYT_up	HEBP2	12.21	6	138403531	heme binding protein 2 [Source:HGNC Symbol;Acc:HGNC:15716]	no	Not_regulated_by_YAP	NA
ENSG00000053747	1	shYT_up	LAMA3	30	18	23689443	laminin subunit alpha 3 [Source:HGNC Symbol;Acc:HGNC:6483]	no	Not_regulated_by_YAP	NA
ENSG00000053770	1	shYT_up	AP5M1	13.55	14	57268971	adaptor related protein complex 5 subunit mu 1 [Source:HGNC Symbol;Acc:HGNC:20192]	no	Not_regulated_by_YAP	NA
ENSG00000053900	1	shYT_up	ANAPC4	21.95	4	25377213	anaphase promoting complex subunit 4 [Source:HGNC Symbol;Acc:HGNC:19990]	no	YAP_regulated	NA
ENSG00000054118	1	shYT_up	THRAP3	75.7	1	36224432	thyroid hormone receptor associated protein 3 [Source:HGNC Symbol;Acc:HGNC:22964]	no	YAP_regulated	NA
ENSG00000054598	1	shYT_up	FOXC1	2.69	6	1609915	forkhead box C1 [Source:HGNC Symbol;Acc:HGNC:3800]	Yes	YAP_regulated	Forkhead
ENSG00000054654	1	shYT_up	SYNE2	4.87	14	63852983	spectrin repeat containing nuclear envelope protein 2 [Source:HGNC Symbol;Acc:HGNC:17084]	no	Not_regulated_by_YAP	NA
ENSG00000055211	1	shYT_up	GINM1	39.38	6	149566294	glycoprotein integral membrane 1 [Source:HGNC Symbol;Acc:HGNC:21074]	no	YAP_regulated	NA
ENSG00000058056	1	shYT_up	USP13	11.63	3	179653040	ubiquitin specific peptidase 13 [Source:HGNC Symbol;Acc:HGNC:12611]	no	YAP_regulated	NA
ENSG00000058085	1	shYT_up	LAMC2	92.2	1	183186238	laminin subunit gamma 2 [Source:HGNC Symbol;Acc:HGNC:6493]	no	Not_regulated_by_YAP	NA
ENSG00000058668	1	shYT_up	ATP2B4	47.82	1	203626561	ATPase plasma membrane Ca2+ transporting 4 [Source:HGNC Symbol;Acc:HGNC:817]	no	YAP_regulated	NA
ENSG00000058729	1	shYT_up	RIOK2	7.13	5	97183222	RIO kinase 2 [Source:HGNC Symbol;Acc:HGNC:18999]	no	Not_regulated_by_YAP	NA
ENSG00000059377	1	shYT_up	TBXAS1	14.28	7	139777051	thromboxane A synthase 1 [Source:HGNC Symbol;Acc:HGNC:11609]	no	Not_regulated_by_YAP	NA
ENSG00000060656	1	shYT_up	PTPRU	0.65	1	29323218	protein tyrosine phosphatase receptor type U [Source:HGNC Symbol;Acc:HGNC:9683]	no	Not_regulated_by_YAP	NA
ENSG00000060762	1	shYT_up	MPC1	14.31	6	166382940	mitochondrial pyruvate carrier 1 [Source:HGNC Symbol;Acc:HGNC:21606]	no	YAP_regulated	NA
ENSG00000060971	1	shYT_up	ACAA1	28.12	3	38123083	acetyl-CoA acyltransferase 1 [Source:HGNC Symbol;Acc:HGNC:82]	no	YAP_regulated	NA
ENSG00000061337	1	shYT_up	LZTS1	0.24	8	20255181	leucine zipper tumor suppressor 1 [Source:HGNC Symbol;Acc:HGNC:13861]	no	Not_regulated_by_YAP	NA
ENSG00000061987	1	shYT_up	MON2	15.15	12	62466817	MON2 homolog, regulator of endosome-to-Golgi trafficking [Source:HGNC Symbol;Acc:HGNC:29177]	no	Not_regulated_by_YAP	NA
ENSG00000063241	1	shYT_up	ISOC2	45.17	19	55462343	isochorismatase domain containing 2 [Source:HGNC Symbol;Acc:HGNC:26278]	no	YAP_regulated	NA
ENSG00000065054	1	shYT_up	SLC9A3R2	3.67	16	2025356	SLC9A3 regulator 2 [Source:HGNC Symbol;Acc:HGNC:11076]	no	Not_regulated_by_YAP	NA
ENSG00000065427	1	shYT_up	KARS1	205.87	16	75647665	lysyl-tRNA synthetase 1 [Source:HGNC Symbol;Acc:HGNC:6215]	no	Not_regulated_by_YAP	NA
ENSG00000065457	1	shYT_up	ADAT1	27.5	16	75603134	adenosine deaminase tRNA specific 1 [Source:HGNC Symbol;Acc:HGNC:228]	no	Not_regulated_by_YAP	NA
ENSG00000065534	1	shYT_up	MYLK	32.51	3	123884331	myosin light chain kinase [Source:HGNC Symbol;Acc:HGNC:7590]	no	YAP_regulated	NA
ENSG00000066455	1	shYT_up	GOLGA5	24.84	14	92794305	golgin A5 [Source:HGNC Symbol;Acc:HGNC:4428]	no	YAP_regulated	NA
ENSG00000066629	1	shYT_up	EML1	4.9	14	99737693	EMAP like 1 [Source:HGNC Symbol;Acc:HGNC:3330]	no	Not_regulated_by_YAP	NA
ENSG00000066739	1	shYT_up	ATG2B	3.79	14	96363341	autophagy related 2B [Source:HGNC Symbol;Acc:HGNC:20187]	no	Not_regulated_by_YAP	NA
ENSG00000067445	1	shYT_up	TRO	0.5	X	54920462	trophinin [Source:HGNC Symbol;Acc:HGNC:12326]	no	Not_regulated_by_YAP	NA
ENSG00000068697	1	shYT_up	LAPTM4A	298.84	2	20051628	lysosomal protein transmembrane 4 alpha [Source:HGNC Symbol;Acc:HGNC:6924]	no	YAP_regulated	NA
ENSG00000068745	1	shYT_up	IP6K2	31	3	48717221	inositol hexakisphosphate kinase 2 [Source:HGNC Symbol;Acc:HGNC:17313]	no	YAP_regulated	NA
ENSG00000069275	1	shYT_up	NUCKS1	119.74	1	205719726	nuclear casein kinase and cyclin dependent kinase substrate 1 [Source:HGNC Symbol;Acc:HGNC:29923]	no	YAP_regulated	NA
ENSG00000069329	1	shYT_up	VPS35	96.06	16	46689178	VPS35 retromer complex component [Source:HGNC Symbol;Acc:HGNC:13487]	no	YAP_regulated	NA
ENSG00000069399	1	shYT_up	BCL3	15.39	19	44751321	BCL3 transcription coactivator [Source:HGNC Symbol;Acc:HGNC:998]	no	YAP_regulated	NA
ENSG00000070010	1	shYT_up	UFD1	132.01	22	19479193	ubiquitin recognition factor in ER associated degradation 1 [Source:HGNC Symbol;Acc:HGNC:12520]	no	YAP_regulated	NA
ENSG00000070269	1	shYT_up	TMEM260	3.32	14	56488354	transmembrane protein 260 [Source:HGNC Symbol;Acc:HGNC:20185]	no	Not_regulated_by_YAP	NA
ENSG00000070367	1	shYT_up	EXOC5	20.68	14	57268905	exocyst complex component 5 [Source:HGNC Symbol;Acc:HGNC:10696]	no	Not_regulated_by_YAP	NA
ENSG00000071537	1	shYT_up	SEL1L	26.83	14	81533853	SEL1L adaptor subunit of ERAD E3 ubiquitin ligase [Source:HGNC Symbol;Acc:HGNC:10717]	no	Not_regulated_by_YAP	NA
ENSG00000072042	1	shYT_up	RDH11	44.88	14	67695764	retinol dehydrogenase 11 [Source:HGNC Symbol;Acc:HGNC:17964]	no	YAP_regulated	NA
ENSG00000072110	1	shYT_up	ACTN1	218.34	14	68979440	actinin alpha 1 [Source:HGNC Symbol;Acc:HGNC:163]	no	YAP_regulated	NA
ENSG00000072849	1	shYT_up	DERL2	48.47	17	5486178	derlin 2 [Source:HGNC Symbol;Acc:HGNC:17943]	no	YAP_regulated	NA
ENSG00000073350	1	shYT_up	LLGL2	6.45	17	75525080	LLGL scribble cell polarity complex component 2 [Source:HGNC Symbol;Acc:HGNC:6629]	no	YAP_regulated	NA
ENSG00000073712	1	shYT_up	FERMT2	36.71	14	52951035	fermitin family member 2 [Source:HGNC Symbol;Acc:HGNC:15767]	no	YAP_regulated	NA
ENSG00000074266	1	shYT_up	EED	21.98	11	86244764	embryonic ectoderm development [Source:HGNC Symbol;Acc:HGNC:3188]	no	YAP_regulated	NA
ENSG00000074800	1	shYT_up	ENO1	2865.8	1	8878646	enolase 1 [Source:HGNC Symbol;Acc:HGNC:3350]	no	YAP_regulated	NA
ENSG00000075223	1	shYT_up	SEMA3C	137.46	7	80919051	semaphorin 3C [Source:HGNC Symbol;Acc:HGNC:10725]	no	YAP_regulated	NA
ENSG00000075336	1	shYT_up	TIMM21	43.76	18	74148523	translocase of inner mitochondrial membrane 21 [Source:HGNC Symbol;Acc:HGNC:25010]	no	Not_regulated_by_YAP	NA
ENSG00000075399	1	shYT_up	VPS9D1	4.43	16	89719369	VPS9 domain containing 1 [Source:HGNC Symbol;Acc:HGNC:13526]	no	YAP_regulated	NA
ENSG00000075413	1	shYT_up	MARK3	38.34	14	103385392	microtubule affinity regulating kinase 3 [Source:HGNC Symbol;Acc:HGNC:6897]	no	YAP_regulated	NA
ENSG00000075618	1	shYT_up	FSCN1	210.18	7	5592816	fascin actin-bundling protein 1 [Source:HGNC Symbol;Acc:HGNC:11148]	no	YAP_regulated	NA
ENSG00000075624	1	shYT_up	ACTB	5921.9	7	5530601	actin beta [Source:HGNC Symbol;Acc:HGNC:132]	no	YAP_regulated	NA
ENSG00000077549	1	shYT_up	CAPZB	398.53	1	19485539	capping actin protein of muscle Z-line subunit beta [Source:HGNC Symbol;Acc:HGNC:1491]	no	YAP_regulated	NA
ENSG00000078177	1	shYT_up	N4BP2	3.78	4	40056850	NEDD4 binding protein 2 [Source:HGNC Symbol;Acc:HGNC:29851]	no	YAP_regulated	NA
ENSG00000078269	1	shYT_up	SYNJ2	39.83	6	157981863	synaptojanin 2 [Source:HGNC Symbol;Acc:HGNC:11504]	no	YAP_regulated	NA
ENSG00000078304	1	shYT_up	PPP2R5C	65.81	14	101761862	protein phosphatase 2 regulatory subunit B'gamma [Source:HGNC Symbol;Acc:HGNC:9311]	no	Not_regulated_by_YAP	NA
ENSG00000078725	1	shYT_up	BRINP1	2.6	9	119208886	BMP/retinoic acid inducible neural specific 1 [Source:HGNC Symbol;Acc:HGNC:2687]	no	Not_regulated_by_YAP	NA
ENSG00000079150	1	shYT_up	FKBP7	20.49	2	178478600	FKBP prolyl isomerase 7 [Source:HGNC Symbol;Acc:HGNC:3723]	no	YAP_regulated	NA
ENSG00000079257	1	shYT_up	LXN	22.26	3	158669593	latexin [Source:HGNC Symbol;Acc:HGNC:13347]	no	Not_regulated_by_YAP	NA
ENSG00000079332	1	shYT_up	SAR1A	97.62	10	70170523	secretion associated Ras related GTPase 1A [Source:HGNC Symbol;Acc:HGNC:10534]	no	YAP_regulated	NA
ENSG00000079819	1	shYT_up	EPB41L2	143.4	6	130868907	erythrocyte membrane protein band 4.1 like 2 [Source:HGNC Symbol;Acc:HGNC:3379]	no	YAP_regulated	NA
ENSG00000079931	1	shYT_up	MOXD1	55.15	6	132401475	monooxygenase DBH like 1 [Source:HGNC Symbol;Acc:HGNC:21063]	no	Not_regulated_by_YAP	NA
ENSG00000080503	1	shYT_up	SMARCA2	50.05	9	2015281	SWI/SNF related, matrix associated, actin dependent regulator of chromatin, subfamily a, member 2 [Source:HGNC Symbol;Acc:HGNC:11098]	no	YAP_regulated	NA
ENSG00000080802	1	shYT_up	CNOT4	11.98	7	135510091	CCR4-NOT transcription complex subunit 4 [Source:HGNC Symbol;Acc:HGNC:7880]	no	YAP_regulated	NA
ENSG00000080824	1	shYT_up	HSP90AA1	688.4	14	102087044	heat shock protein 90 alpha family class A member 1 [Source:HGNC Symbol;Acc:HGNC:5253]	no	YAP_regulated	NA
ENSG00000081059	1	shYT_up	TCF7	7.79	5	134142792	transcription factor 7 [Source:HGNC Symbol;Acc:HGNC:11639]	Yes	YAP_regulated	HMG/Sox
ENSG00000081177	1	shYT_up	EXD2	6.99	14	69191511	exonuclease 3'-5' domain containing 2 [Source:HGNC Symbol;Acc:HGNC:20217]	no	Not_regulated_by_YAP	NA
ENSG00000083812	1	shYT_up	ZNF324	2.22	19	58467056	zinc finger protein 324 [Source:HGNC Symbol;Acc:HGNC:14096]	Yes	Not_regulated_by_YAP	C2H2 ZF
ENSG00000083937	1	shYT_up	CHMP2B	25.33	3	87227271	charged multivesicular body protein 2B [Source:HGNC Symbol;Acc:HGNC:24537]	no	Not_regulated_by_YAP	NA
ENSG00000084234	1	shYT_up	APLP2	424.33	11	130068147	amyloid beta precursor like protein 2 [Source:HGNC Symbol;Acc:HGNC:598]	no	YAP_regulated	NA
ENSG00000085224	1	shYT_up	ATRX	15.39	X	77652276	ATRX chromatin remodeler [Source:HGNC Symbol;Acc:HGNC:886]	no	Not_regulated_by_YAP	NA
ENSG00000085377	1	shYT_up	PREP	23.22	6	105403084	prolyl endopeptidase [Source:HGNC Symbol;Acc:HGNC:9358]	no	Not_regulated_by_YAP	NA
ENSG00000087245	1	shYT_up	MMP2	25.61	16	55389700	matrix metallopeptidase 2 [Source:HGNC Symbol;Acc:HGNC:7166]	no	Not_regulated_by_YAP	NA
ENSG00000087302	1	shYT_up	RTRAF	127.03	14	51989546	RNA transcription, translation and transport factor [Source:HGNC Symbol;Acc:HGNC:23169]	no	Not_regulated_by_YAP	NA
ENSG00000088833	1	shYT_up	NSFL1C	101.25	20	1457090	NSFL1 cofactor [Source:HGNC Symbol;Acc:HGNC:15912]	no	YAP_regulated	NA
ENSG00000088930	1	shYT_up	XRN2	62.51	20	21303331	5'-3' exoribonuclease 2 [Source:HGNC Symbol;Acc:HGNC:12836]	no	YAP_regulated	NA
ENSG00000088986	1	shYT_up	DYNLL1	589.78	12	120469850	dynein light chain LC8-type 1 [Source:HGNC Symbol;Acc:HGNC:15476]	no	YAP_regulated	NA
ENSG00000089006	1	shYT_up	SNX5	124.12	20	17961995	sorting nexin 5 [Source:HGNC Symbol;Acc:HGNC:14969]	no	YAP_regulated	NA
ENSG00000089177	1	shYT_up	KIF16B	6.52	20	16573433	kinesin family member 16B [Source:HGNC Symbol;Acc:HGNC:15869]	no	YAP_regulated	NA
ENSG00000089737	1	shYT_up	DDX24	62.44	14	94081202	DEAD-box helicase 24 [Source:HGNC Symbol;Acc:HGNC:13266]	no	Not_regulated_by_YAP	NA
ENSG00000089902	1	shYT_up	RCOR1	8.7	14	102721022	REST corepressor 1 [Source:HGNC Symbol;Acc:HGNC:17441]	no	YAP_regulated	NA
ENSG00000090006	1	shYT_up	LTBP4	30	19	40592883	latent transforming growth factor beta binding protein 4 [Source:HGNC Symbol;Acc:HGNC:6717]	no	Not_regulated_by_YAP	NA
ENSG00000090060	1	shYT_up	PAPOLA	83.91	14	96501433	poly(A) polymerase alpha [Source:HGNC Symbol;Acc:HGNC:14981]	no	Not_regulated_by_YAP	NA
ENSG00000090061	1	shYT_up	CCNK	49.73	14	99481169	cyclin K [Source:HGNC Symbol;Acc:HGNC:1596]	no	YAP_regulated	NA
ENSG00000090432	1	shYT_up	MUL1	28.41	1	20508151	mitochondrial E3 ubiquitin protein ligase 1 [Source:HGNC Symbol;Acc:HGNC:25762]	no	Not_regulated_by_YAP	NA
ENSG00000090612	1	shYT_up	ZNF268	6.87	12	133181620	zinc finger protein 268 [Source:HGNC Symbol;Acc:HGNC:13061]	Yes	Not_regulated_by_YAP	C2H2 ZF
ENSG00000090863	1	shYT_up	GLG1	81.01	16	74607114	golgi glycoprotein 1 [Source:HGNC Symbol;Acc:HGNC:4316]	no	Not_regulated_by_YAP	NA
ENSG00000090889	1	shYT_up	KIF4A	45.62	X	70290104	kinesin family member 4A [Source:HGNC Symbol;Acc:HGNC:13339]	no	Not_regulated_by_YAP	NA
ENSG00000090971	1	shYT_up	NAT14	5.74	19	55485188	N-acetyltransferase 14 (putative) [Source:HGNC Symbol;Acc:HGNC:28918]	no	YAP_regulated	NA
ENSG00000092010	1	shYT_up	PSME1	185.71	14	24136194	proteasome activator subunit 1 [Source:HGNC Symbol;Acc:HGNC:9568]	no	YAP_regulated	NA
ENSG00000092094	1	shYT_up	OSGEP	12.28	14	20450879	O-sialoglycoprotein endopeptidase [Source:HGNC Symbol;Acc:HGNC:18028]	no	YAP_regulated	NA
ENSG00000092108	1	shYT_up	SCFD1	32.68	14	30622319	sec1 family domain containing 1 [Source:HGNC Symbol;Acc:HGNC:20726]	no	Not_regulated_by_YAP	NA
ENSG00000092140	1	shYT_up	G2E3	13.1	14	30559158	G2/M-phase specific E3 ubiquitin protein ligase [Source:HGNC Symbol;Acc:HGNC:20338]	no	Not_regulated_by_YAP	NA
ENSG00000092148	1	shYT_up	HECTD1	36.64	14	31127868	HECT domain E3 ubiquitin protein ligase 1 [Source:HGNC Symbol;Acc:HGNC:20157]	no	YAP_regulated	NA
ENSG00000092201	1	shYT_up	SUPT16H	68.84	14	21383946	SPT16 homolog, facilitates chromatin remodeling subunit [Source:HGNC Symbol;Acc:HGNC:11465]	no	Not_regulated_by_YAP	NA
ENSG00000092203	1	shYT_up	TOX4	22.86	14	21477182	TOX high mobility group box family member 4 [Source:HGNC Symbol;Acc:HGNC:20161]	no	YAP_regulated	NA
ENSG00000092330	1	shYT_up	TINF2	12.04	14	24240242	TERF1 interacting nuclear factor 2 [Source:HGNC Symbol;Acc:HGNC:11824]	no	YAP_regulated	NA
ENSG00000092841	1	shYT_up	MYL6	2143.4	12	56158359	myosin light chain 6 [Source:HGNC Symbol;Acc:HGNC:7587]	no	Not_regulated_by_YAP	NA
ENSG00000092964	1	shYT_up	DPYSL2	3.45	8	26514031	dihydropyrimidinase like 2 [Source:HGNC Symbol;Acc:HGNC:3014]	no	Not_regulated_by_YAP	NA
ENSG00000092978	1	shYT_up	GPATCH2	6.53	1	217631090	G-patch domain containing 2 [Source:HGNC Symbol;Acc:HGNC:25499]	no	Not_regulated_by_YAP	NA
ENSG00000094841	1	shYT_up	UPRT	8.48	X	75156388	uracil phosphoribosyltransferase homolog [Source:HGNC Symbol;Acc:HGNC:28334]	no	YAP_regulated	NA
ENSG00000095383	1	shYT_up	TBC1D2	23.78	9	98213550	TBC1 domain family member 2 [Source:HGNC Symbol;Acc:HGNC:18026]	no	YAP_regulated	NA
ENSG00000095739	1	shYT_up	BAMBI	11.71	10	28677521	BMP and activin membrane bound inhibitor [Source:HGNC Symbol;Acc:HGNC:30251]	no	YAP_regulated	NA
ENSG00000095752	1	shYT_up	IL11	6.86	19	55370463	interleukin 11 [Source:HGNC Symbol;Acc:HGNC:5966]	no	Not_regulated_by_YAP	NA
ENSG00000095906	1	shYT_up	NUBP2	58.86	16	1782960	nucleotide binding protein 2 [Source:HGNC Symbol;Acc:HGNC:8042]	no	YAP_regulated	NA
ENSG00000096092	1	shYT_up	TMEM14A	57.12	6	52671113	transmembrane protein 14A [Source:HGNC Symbol;Acc:HGNC:21076]	no	Not_regulated_by_YAP	NA
ENSG00000096401	1	shYT_up	CDC5L	15.98	6	44387706	cell division cycle 5 like [Source:HGNC Symbol;Acc:HGNC:1743]	Yes	YAP_regulated	Myb/SANT
ENSG00000099250	1	shYT_up	NRP1	18.36	10	33334636	neuropilin 1 [Source:HGNC Symbol;Acc:HGNC:8004]	no	YAP_regulated	NA
ENSG00000099622	1	shYT_up	CIRBP	119.66	19	1259384	cold inducible RNA binding protein [Source:HGNC Symbol;Acc:HGNC:1982]	no	YAP_regulated	NA
ENSG00000099814	1	shYT_up	CEP170B	12.04	14	104865280	centrosomal protein 170B [Source:HGNC Symbol;Acc:HGNC:20362]	no	YAP_regulated	NA
ENSG00000099910	1	shYT_up	KLHL22	5.27	22	20495795	kelch like family member 22 [Source:HGNC Symbol;Acc:HGNC:25888]	no	YAP_regulated	NA
ENSG00000100097	1	shYT_up	LGALS1	4700	22	37675636	galectin 1 [Source:HGNC Symbol;Acc:HGNC:6561]	no	YAP_regulated	NA
ENSG00000100105	1	shYT_up	PATZ1	6.89	22	31345776	POZ/BTB and AT hook containing zinc finger 1 [Source:HGNC Symbol;Acc:HGNC:13071]	Yes	Not_regulated_by_YAP	C2H2 ZF; AT hook
ENSG00000100106	1	shYT_up	TRIOBP	35.69	22	37697048	TRIO and F-actin binding protein [Source:HGNC Symbol;Acc:HGNC:17009]	no	YAP_regulated	NA
ENSG00000100116	1	shYT_up	GCAT	10.38	22	37807905	glycine C-acetyltransferase [Source:HGNC Symbol;Acc:HGNC:4188]	no	Not_regulated_by_YAP	NA
ENSG00000100220	1	shYT_up	RTCB	151.3	22	32412247	RNA 2',3'-cyclic phosphate and 5'-OH ligase [Source:HGNC Symbol;Acc:HGNC:26935]	no	Not_regulated_by_YAP	NA
ENSG00000100263	1	shYT_up	RHBDD3	24.18	22	29267981	rhomboid domain containing 3 [Source:HGNC Symbol;Acc:HGNC:1308]	no	Not_regulated_by_YAP	NA
ENSG00000100299	1	shYT_up	ARSA	9.35	22	50623326	arylsulfatase A [Source:HGNC Symbol;Acc:HGNC:713]	no	Not_regulated_by_YAP	NA
ENSG00000100320	1	shYT_up	RBFOX2	41.84	22	35840587	RNA binding fox-1 homolog 2 [Source:HGNC Symbol;Acc:HGNC:9906]	no	YAP_regulated	NA
ENSG00000100335	1	shYT_up	MIEF1	21.62	22	39499432	mitochondrial elongation factor 1 [Source:HGNC Symbol;Acc:HGNC:25979]	no	YAP_regulated	NA
ENSG00000100347	1	shYT_up	SAMM50	52.08	22	43955442	SAMM50 sorting and assembly machinery component [Source:HGNC Symbol;Acc:HGNC:24276]	no	Not_regulated_by_YAP	NA
ENSG00000100354	1	shYT_up	TNRC6B	2.16	22	40044817	trinucleotide repeat containing adaptor 6B [Source:HGNC Symbol;Acc:HGNC:29190]	no	YAP_regulated	NA
ENSG00000100372	1	shYT_up	SLC25A17	31.82	22	40819330	solute carrier family 25 member 17 [Source:HGNC Symbol;Acc:HGNC:10987]	no	YAP_regulated	NA
ENSG00000100387	1	shYT_up	RBX1	96.17	22	40951347	ring-box 1 [Source:HGNC Symbol;Acc:HGNC:9928]	no	YAP_regulated	NA
ENSG00000100418	1	shYT_up	DESI1	48.73	22	41621043	desumoylating isopeptidase 1 [Source:HGNC Symbol;Acc:HGNC:24577]	no	YAP_regulated	NA
ENSG00000100442	1	shYT_up	FKBP3	62.41	14	45135319	FKBP prolyl isomerase 3 [Source:HGNC Symbol;Acc:HGNC:3719]	no	Not_regulated_by_YAP	NA
ENSG00000100445	1	shYT_up	SDR39U1	21.1	14	24442776	short chain dehydrogenase/reductase family 39U member 1 [Source:HGNC Symbol;Acc:HGNC:20275]	no	YAP_regulated	NA
ENSG00000100462	1	shYT_up	PRMT5	47.4	14	22929376	protein arginine methyltransferase 5 [Source:HGNC Symbol;Acc:HGNC:10894]	no	YAP_regulated	NA
ENSG00000100479	1	shYT_up	POLE2	9.12	14	49651484	DNA polymerase epsilon 2, accessory subunit [Source:HGNC Symbol;Acc:HGNC:9178]	no	Not_regulated_by_YAP	NA
ENSG00000100485	1	shYT_up	SOS2	5.51	14	50231578	SOS Ras/Rho guanine nucleotide exchange factor 2 [Source:HGNC Symbol;Acc:HGNC:11188]	no	Not_regulated_by_YAP	NA
ENSG00000100503	1	shYT_up	NIN	14.08	14	50831046	ninein [Source:HGNC Symbol;Acc:HGNC:14906]	no	Not_regulated_by_YAP	NA
ENSG00000100504	1	shYT_up	PYGL	58.86	14	50944456	glycogen phosphorylase L [Source:HGNC Symbol;Acc:HGNC:9725]	no	Not_regulated_by_YAP	NA
ENSG00000100505	1	shYT_up	TRIM9	9.4	14	51096061	tripartite motif containing 9 [Source:HGNC Symbol;Acc:HGNC:16288]	no	YAP_regulated	NA
ENSG00000100519	1	shYT_up	PSMC6	86.22	14	52707200	proteasome 26S subunit, ATPase 6 [Source:HGNC Symbol;Acc:HGNC:9553]	no	Not_regulated_by_YAP	NA
ENSG00000100522	1	shYT_up	GNPNAT1	37.46	14	52791607	glucosamine-phosphate N-acetyltransferase 1 [Source:HGNC Symbol;Acc:HGNC:19980]	no	YAP_regulated	NA
ENSG00000100528	1	shYT_up	CNIH1	75.87	14	54441374	cornichon family AMPA receptor auxiliary protein 1 [Source:HGNC Symbol;Acc:HGNC:19431]	no	YAP_regulated	NA
ENSG00000100532	1	shYT_up	CGRRF1	6.61	14	54509812	cell growth regulator with ring finger domain 1 [Source:HGNC Symbol;Acc:HGNC:15528]	no	YAP_regulated	NA
ENSG00000100558	1	shYT_up	PLEK2	26.36	14	67412167	pleckstrin 2 [Source:HGNC Symbol;Acc:HGNC:19238]	no	Not_regulated_by_YAP	NA
ENSG00000100567	1	shYT_up	PSMA3	202.75	14	58244843	proteasome 20S subunit alpha 3 [Source:HGNC Symbol;Acc:HGNC:9532]	no	Not_regulated_by_YAP	NA
ENSG00000100568	1	shYT_up	VTI1B	51.24	14	67674632	vesicle transport through interaction with t-SNAREs 1B [Source:HGNC Symbol;Acc:HGNC:17793]	no	Not_regulated_by_YAP	NA
ENSG00000100577	1	shYT_up	GSTZ1	12.65	14	77321036	glutathione S-transferase zeta 1 [Source:HGNC Symbol;Acc:HGNC:4643]	no	YAP_regulated	NA
ENSG00000100578	1	shYT_up	KIAA0586	9.89	14	58427385	KIAA0586 [Source:HGNC Symbol;Acc:HGNC:19960]	no	Not_regulated_by_YAP	NA
ENSG00000100591	1	shYT_up	AHSA1	159.33	14	77457870	activator of HSP90 ATPase activity 1 [Source:HGNC Symbol;Acc:HGNC:1189]	no	Not_regulated_by_YAP	NA
ENSG00000100592	1	shYT_up	DAAM1	6.13	14	59188646	dishevelled associated activator of morphogenesis 1 [Source:HGNC Symbol;Acc:HGNC:18142]	no	Not_regulated_by_YAP	NA
ENSG00000100596	1	shYT_up	SPTLC2	14.11	14	77616773	serine palmitoyltransferase long chain base subunit 2 [Source:HGNC Symbol;Acc:HGNC:11278]	no	YAP_regulated	NA
ENSG00000100599	1	shYT_up	RIN3	3.99	14	92513781	Ras and Rab interactor 3 [Source:HGNC Symbol;Acc:HGNC:18751]	no	Not_regulated_by_YAP	NA
ENSG00000100600	1	shYT_up	LGMN	44.1	14	92748612	legumain [Source:HGNC Symbol;Acc:HGNC:9472]	no	Not_regulated_by_YAP	NA
ENSG00000100603	1	shYT_up	SNW1	58.79	14	77761207	SNW domain containing 1 [Source:HGNC Symbol;Acc:HGNC:16696]	no	Not_regulated_by_YAP	NA
ENSG00000100605	1	shYT_up	ITPK1	13.73	14	93115925	inositol-tetrakisphosphate 1-kinase [Source:HGNC Symbol;Acc:HGNC:6177]	no	Not_regulated_by_YAP	NA
ENSG00000100612	1	shYT_up	DHRS7	34.08	14	60169856	dehydrogenase/reductase 7 [Source:HGNC Symbol;Acc:HGNC:21524]	no	YAP_regulated	NA
ENSG00000100632	1	shYT_up	ERH	131.86	14	69398299	ERH mRNA splicing and mitosis factor [Source:HGNC Symbol;Acc:HGNC:3447]	no	Not_regulated_by_YAP	NA
ENSG00000100644	1	shYT_up	HIF1A	12.22	14	61695777	hypoxia inducible factor 1 subunit alpha [Source:HGNC Symbol;Acc:HGNC:4910]	Yes	YAP_regulated	bHLH
ENSG00000100650	1	shYT_up	SRSF5	149.24	14	69726900	serine and arginine rich splicing factor 5 [Source:HGNC Symbol;Acc:HGNC:10787]	no	Not_regulated_by_YAP	NA
ENSG00000100664	1	shYT_up	EIF5	134.95	14	103333544	eukaryotic translation initiation factor 5 [Source:HGNC Symbol;Acc:HGNC:3299]	no	YAP_regulated	NA
ENSG00000100697	1	shYT_up	DICER1	10.77	14	95157422	dicer 1, ribonuclease III [Source:HGNC Symbol;Acc:HGNC:17098]	no	Not_regulated_by_YAP	NA
ENSG00000100711	1	shYT_up	ZFYVE21	23.67	14	103715730	zinc finger FYVE-type containing 21 [Source:HGNC Symbol;Acc:HGNC:20760]	no	YAP_regulated	NA
ENSG00000100714	1	shYT_up	MTHFD1	70.33	14	64388031	methylenetetrahydrofolate dehydrogenase, cyclohydrolase and formyltetrahydrofolate synthetase 1 [Source:HGNC Symbol;Acc:HGNC:7432]	no	YAP_regulated	NA
ENSG00000100722	1	shYT_up	ZC3H14	37.55	14	88563010	zinc finger CCCH-type containing 14 [Source:HGNC Symbol;Acc:HGNC:20509]	no	YAP_regulated	NA
ENSG00000100726	1	shYT_up	TELO2	28.16	16	1493344	telomere maintenance 2 [Source:HGNC Symbol;Acc:HGNC:29099]	no	Not_regulated_by_YAP	NA
ENSG00000100744	1	shYT_up	GSKIP	14.79	14	96363526	GSK3B interacting protein [Source:HGNC Symbol;Acc:HGNC:20343]	no	Not_regulated_by_YAP	NA
ENSG00000100796	1	shYT_up	PPP4R3A	29.07	14	91510144	protein phosphatase 4 regulatory subunit 3A [Source:HGNC Symbol;Acc:HGNC:20219]	no	Not_regulated_by_YAP	NA
ENSG00000100804	1	shYT_up	PSMB5	125.35	14	23034727	proteasome 20S subunit beta 5 [Source:HGNC Symbol;Acc:HGNC:9542]	no	Not_regulated_by_YAP	NA
ENSG00000100811	1	shYT_up	YY1	31.39	14	100276199	YY1 transcription factor [Source:HGNC Symbol;Acc:HGNC:12856]	Yes	YAP_regulated	C2H2 ZF
ENSG00000100815	1	shYT_up	TRIP11	5.63	14	92040896	thyroid hormone receptor interactor 11 [Source:HGNC Symbol;Acc:HGNC:12305]	no	Not_regulated_by_YAP	NA
ENSG00000100823	1	shYT_up	APEX1	133.21	14	20455247	apurinic/apyrimidinic endodeoxyribonuclease 1 [Source:HGNC Symbol;Acc:HGNC:587]	no	YAP_regulated	NA
ENSG00000100836	1	shYT_up	PABPN1	61.42	14	23322022	poly(A) binding protein nuclear 1 [Source:HGNC Symbol;Acc:HGNC:8565]	no	YAP_regulated	NA
ENSG00000100852	1	shYT_up	ARHGAP5	24.02	14	32076114	Rho GTPase activating protein 5 [Source:HGNC Symbol;Acc:HGNC:675]	no	YAP_regulated	NA
ENSG00000100865	1	shYT_up	CINP	26.62	14	102362916	cyclin dependent kinase 2 interacting protein [Source:HGNC Symbol;Acc:HGNC:23789]	no	Not_regulated_by_YAP	NA
ENSG00000100883	1	shYT_up	SRP54	54.68	14	34981957	signal recognition particle 54 [Source:HGNC Symbol;Acc:HGNC:11301]	no	YAP_regulated	NA
ENSG00000100888	1	shYT_up	CHD8	19.41	14	21437245	chromodomain helicase DNA binding protein 8 [Source:HGNC Symbol;Acc:HGNC:20153]	no	YAP_regulated	NA
ENSG00000100911	1	shYT_up	PSME2	156.49	14	24143952	proteasome activator subunit 2 [Source:HGNC Symbol;Acc:HGNC:9569]	no	YAP_regulated	NA
ENSG00000100934	1	shYT_up	SEC23A	84.69	14	39041433	Sec23 homolog A, COPII coat complex component [Source:HGNC Symbol;Acc:HGNC:10701]	no	Not_regulated_by_YAP	NA
ENSG00000100938	1	shYT_up	GMPR2	26.47	14	24232422	guanosine monophosphate reductase 2 [Source:HGNC Symbol;Acc:HGNC:4377]	no	Not_regulated_by_YAP	NA
ENSG00000100941	1	shYT_up	PNN	74.1	14	39175183	pinin, desmosome associated protein [Source:HGNC Symbol;Acc:HGNC:9162]	no	YAP_regulated	NA
ENSG00000100994	1	shYT_up	PYGB	57.6	20	25248085	glycogen phosphorylase B [Source:HGNC Symbol;Acc:HGNC:9723]	no	YAP_regulated	NA
ENSG00000101265	1	shYT_up	RASSF2	2.62	20	4795504	Ras association domain family member 2 [Source:HGNC Symbol;Acc:HGNC:9883]	no	Not_regulated_by_YAP	NA
ENSG00000101335	1	shYT_up	MYL9	202.7	20	36541519	myosin light chain 9 [Source:HGNC Symbol;Acc:HGNC:15754]	no	Not_regulated_by_YAP	NA
ENSG00000101439	1	shYT_up	CST3	91.95	20	23637945	cystatin C [Source:HGNC Symbol;Acc:HGNC:2475]	no	YAP_regulated	NA
ENSG00000101843	1	shYT_up	PSMD10	71.21	X	108091538	proteasome 26S subunit, non-ATPase 10 [Source:HGNC Symbol;Acc:HGNC:9555]	no	Not_regulated_by_YAP	NA
ENSG00000101955	1	shYT_up	SRPX	12.33	X	38220871	sushi repeat containing protein X-linked [Source:HGNC Symbol;Acc:HGNC:11309]	no	Not_regulated_by_YAP	NA
ENSG00000102038	1	shYT_up	SMARCA1	15.97	X	129523485	SWI/SNF related, matrix associated, actin dependent regulator of chromatin, subfamily a, member 1 [Source:HGNC Symbol;Acc:HGNC:11097]	no	Not_regulated_by_YAP	NA
ENSG00000102144	1	shYT_up	PGK1	616.34	X	77910739	phosphoglycerate kinase 1 [Source:HGNC Symbol;Acc:HGNC:8896]	no	YAP_regulated	NA
ENSG00000102265	1	shYT_up	TIMP1	92.69	X	47582436	TIMP metallopeptidase inhibitor 1 [Source:HGNC Symbol;Acc:HGNC:11820]	no	YAP_regulated	NA
ENSG00000102271	1	shYT_up	KLHL4	2.81	X	87517409	kelch like family member 4 [Source:HGNC Symbol;Acc:HGNC:6355]	no	Not_regulated_by_YAP	NA
ENSG00000102309	1	shYT_up	PIN4	9.6	X	72181353	peptidylprolyl cis/trans isomerase, NIMA-interacting 4 [Source:HGNC Symbol;Acc:HGNC:8992]	no	Not_regulated_by_YAP	NA
ENSG00000102317	1	shYT_up	RBM3	404.12	X	48574449	RNA binding motif protein 3 [Source:HGNC Symbol;Acc:HGNC:9900]	no	Not_regulated_by_YAP	NA
ENSG00000102390	1	shYT_up	PBDC1	31.91	X	76173062	polysaccharide biosynthesis domain containing 1 [Source:HGNC Symbol;Acc:HGNC:28790]	no	Not_regulated_by_YAP	NA
ENSG00000102870	1	shYT_up	ZNF629	3.96	16	30787205	zinc finger protein 629 [Source:HGNC Symbol;Acc:HGNC:29008]	Yes	Not_regulated_by_YAP	C2H2 ZF
ENSG00000102871	1	shYT_up	TRADD	7.41	16	67159909	TNFRSF1A associated via death domain [Source:HGNC Symbol;Acc:HGNC:12030]	no	YAP_regulated	NA
ENSG00000102893	1	shYT_up	PHKB	39.69	16	47461123	phosphorylase kinase regulatory subunit beta [Source:HGNC Symbol;Acc:HGNC:8927]	no	YAP_regulated	NA
ENSG00000102898	1	shYT_up	NUTF2	198.25	16	67846933	nuclear transport factor 2 [Source:HGNC Symbol;Acc:HGNC:13722]	no	YAP_regulated	NA
ENSG00000102900	1	shYT_up	NUP93	83.36	16	56730129	nucleoporin 93 [Source:HGNC Symbol;Acc:HGNC:28958]	no	Not_regulated_by_YAP	NA
ENSG00000102921	1	shYT_up	N4BP1	9.35	16	48610180	NEDD4 binding protein 1 [Source:HGNC Symbol;Acc:HGNC:29850]	no	Not_regulated_by_YAP	NA
ENSG00000102931	1	shYT_up	ARL2BP	79.17	16	57245259	ADP ribosylation factor like GTPase 2 binding protein [Source:HGNC Symbol;Acc:HGNC:17146]	no	YAP_regulated	NA
ENSG00000102978	1	shYT_up	POLR2C	89.56	16	57462679	RNA polymerase II subunit C [Source:HGNC Symbol;Acc:HGNC:9189]	no	Not_regulated_by_YAP	NA
ENSG00000103035	1	shYT_up	PSMD7	169.74	16	74296814	proteasome 26S subunit, non-ATPase 7 [Source:HGNC Symbol;Acc:HGNC:9565]	no	Not_regulated_by_YAP	NA
ENSG00000103044	1	shYT_up	HAS3	7.12	16	69105653	hyaluronan synthase 3 [Source:HGNC Symbol;Acc:HGNC:4820]	no	Not_regulated_by_YAP	NA
ENSG00000103196	1	shYT_up	CRISPLD2	3.92	16	84819985	cysteine rich secretory protein LCCL domain containing 2 [Source:HGNC Symbol;Acc:HGNC:25248]	no	YAP_regulated	NA
ENSG00000103254	1	shYT_up	ANTKMT	13.03	16	720581	adenine nucleotide translocase lysine methyltransferase [Source:HGNC Symbol;Acc:HGNC:14152]	no	Not_regulated_by_YAP	NA
ENSG00000103260	1	shYT_up	METRN	24.98	16	715118	meteorin, glial cell differentiation regulator [Source:HGNC Symbol;Acc:HGNC:14151]	no	Not_regulated_by_YAP	NA
ENSG00000103319	1	shYT_up	EEF2K	13.75	16	22206278	eukaryotic elongation factor 2 kinase [Source:HGNC Symbol;Acc:HGNC:24615]	no	YAP_regulated	NA
ENSG00000103342	1	shYT_up	GSPT1	182.38	16	11915956	G1 to S phase transition 1 [Source:HGNC Symbol;Acc:HGNC:4621]	no	Not_regulated_by_YAP	NA
ENSG00000103363	1	shYT_up	ELOB	230.95	16	2777277	elongin B [Source:HGNC Symbol;Acc:HGNC:11619]	no	Not_regulated_by_YAP	NA
ENSG00000103381	1	shYT_up	CPPED1	30.1	16	12803887	calcineurin like phosphoesterase domain containing 1 [Source:HGNC Symbol;Acc:HGNC:25632]	no	YAP_regulated	NA
ENSG00000103449	1	shYT_up	SALL1	8.99	16	51151241	spalt like transcription factor 1 [Source:HGNC Symbol;Acc:HGNC:10524]	Yes	YAP_regulated	C2H2 ZF
ENSG00000103507	1	shYT_up	BCKDK	31.74	16	31106107	branched chain keto acid dehydrogenase kinase [Source:HGNC Symbol;Acc:HGNC:16902]	no	Not_regulated_by_YAP	NA
ENSG00000103550	1	shYT_up	KNOP1	20.15	16	19718227	lysine rich nucleolar protein 1 [Source:HGNC Symbol;Acc:HGNC:34404]	no	Not_regulated_by_YAP	NA
ENSG00000104081	1	shYT_up	BMF	1.04	15	40108879	Bcl2 modifying factor [Source:HGNC Symbol;Acc:HGNC:24132]	no	Not_regulated_by_YAP	NA
ENSG00000104331	1	shYT_up	IMPAD1	100.1	8	56993867	inositol monophosphatase domain containing 1 [Source:HGNC Symbol;Acc:HGNC:26019]	no	YAP_regulated	NA
ENSG00000104695	1	shYT_up	PPP2CB	69.65	8	30791280	protein phosphatase 2 catalytic subunit beta [Source:HGNC Symbol;Acc:HGNC:9300]	no	Not_regulated_by_YAP	NA
ENSG00000104812	1	shYT_up	GYS1	30.27	19	48993309	glycogen synthase 1 [Source:HGNC Symbol;Acc:HGNC:4706]	no	YAP_regulated	NA
ENSG00000104870	1	shYT_up	FCGRT	0.22	19	49506816	Fc fragment of IgG receptor and transporter [Source:HGNC Symbol;Acc:HGNC:3621]	no	Not_regulated_by_YAP	NA
ENSG00000105048	1	shYT_up	TNNT1	4.36	19	55149193	troponin T1, slow skeletal type [Source:HGNC Symbol;Acc:HGNC:11948]	no	Not_regulated_by_YAP	NA
ENSG00000105085	1	shYT_up	MED26	2.9	19	16578777	mediator complex subunit 26 [Source:HGNC Symbol;Acc:HGNC:2376]	no	YAP_regulated	NA
ENSG00000105323	1	shYT_up	HNRNPUL1	121.72	19	41262496	heterogeneous nuclear ribonucleoprotein U like 1 [Source:HGNC Symbol;Acc:HGNC:17011]	no	YAP_regulated	NA
ENSG00000105379	1	shYT_up	ETFB	57.61	19	51357106	electron transfer flavoprotein subunit beta [Source:HGNC Symbol;Acc:HGNC:3482]	no	YAP_regulated	NA
ENSG00000105404	1	shYT_up	RABAC1	103.78	19	41957342	Rab acceptor 1 [Source:HGNC Symbol;Acc:HGNC:9794]	no	YAP_regulated	NA
ENSG00000105443	1	shYT_up	CYTH2	27.46	19	48469369	cytohesin 2 [Source:HGNC Symbol;Acc:HGNC:9502]	no	YAP_regulated	NA
ENSG00000105520	1	shYT_up	PLPPR2	9.22	19	11355386	phospholipid phosphatase related 2 [Source:HGNC Symbol;Acc:HGNC:29566]	no	Not_regulated_by_YAP	NA
ENSG00000105568	1	shYT_up	PPP2R1A	135.23	19	52190052	protein phosphatase 2 scaffold subunit Aalpha [Source:HGNC Symbol;Acc:HGNC:9302]	no	YAP_regulated	NA
ENSG00000105618	1	shYT_up	PRPF31	57.78	19	54115410	pre-mRNA processing factor 31 [Source:HGNC Symbol;Acc:HGNC:15446]	no	Not_regulated_by_YAP	NA
ENSG00000105732	1	shYT_up	ZNF574	7.52	19	42076166	zinc finger protein 574 [Source:HGNC Symbol;Acc:HGNC:26166]	Yes	YAP_regulated	C2H2 ZF
ENSG00000105825	1	shYT_up	TFPI2	320.48	7	93890753	tissue factor pathway inhibitor 2 [Source:HGNC Symbol;Acc:HGNC:11761]	no	Not_regulated_by_YAP	NA
ENSG00000105968	1	shYT_up	H2AZ2	275.33	7	44848077	H2A.Z variant histone 2 [Source:HGNC Symbol;Acc:HGNC:20664]	no	Not_regulated_by_YAP	NA
ENSG00000106031	1	shYT_up	HOXA13	0.47	7	27200091	homeobox A13 [Source:HGNC Symbol;Acc:HGNC:5102]	Yes	Not_regulated_by_YAP	Homeodomain
ENSG00000106537	1	shYT_up	TSPAN13	187.72	7	16753755	tetraspanin 13 [Source:HGNC Symbol;Acc:HGNC:21643]	no	YAP_regulated	NA
ENSG00000106571	1	shYT_up	GLI3	1.2	7	42237870	GLI family zinc finger 3 [Source:HGNC Symbol;Acc:HGNC:4319]	Yes	Not_regulated_by_YAP	C2H2 ZF
ENSG00000106789	1	shYT_up	CORO2A	0.38	9	98172884	coronin 2A [Source:HGNC Symbol;Acc:HGNC:2255]	no	Not_regulated_by_YAP	NA
ENSG00000106853	1	shYT_up	PTGR1	57.5	9	111599835	prostaglandin reductase 1 [Source:HGNC Symbol;Acc:HGNC:18429]	no	Not_regulated_by_YAP	NA
ENSG00000106868	1	shYT_up	SUSD1	10.49	9	112175185	sushi domain containing 1 [Source:HGNC Symbol;Acc:HGNC:25413]	no	YAP_regulated	NA
ENSG00000106927	1	shYT_up	AMBP	0.6	9	114078300	alpha-1-microglobulin/bikunin precursor [Source:HGNC Symbol;Acc:HGNC:453]	no	Not_regulated_by_YAP	NA
ENSG00000106993	1	shYT_up	CDC37L1	7.12	9	4679559	cell division cycle 37 like 1 [Source:HGNC Symbol;Acc:HGNC:17179]	no	YAP_regulated	NA
ENSG00000107175	1	shYT_up	CREB3	42.47	9	35732598	cAMP responsive element binding protein 3 [Source:HGNC Symbol;Acc:HGNC:2347]	Yes	YAP_regulated	bZIP
ENSG00000107371	1	shYT_up	EXOSC3	41.7	9	37785061	exosome component 3 [Source:HGNC Symbol;Acc:HGNC:17944]	no	YAP_regulated	NA
ENSG00000107438	1	shYT_up	PDLIM1	169.88	10	95291003	PDZ and LIM domain 1 [Source:HGNC Symbol;Acc:HGNC:2067]	no	Not_regulated_by_YAP	NA
ENSG00000107672	1	shYT_up	NSMCE4A	30.96	10	121975217	NSE4 homolog A, SMC5-SMC6 complex component [Source:HGNC Symbol;Acc:HGNC:25935]	no	Not_regulated_by_YAP	NA
ENSG00000107738	1	shYT_up	VSIR	1.45	10	71773520	V-set immunoregulatory receptor [Source:HGNC Symbol;Acc:HGNC:30085]	no	Not_regulated_by_YAP	NA
ENSG00000107796	1	shYT_up	ACTA2	5.3	10	88952773	actin alpha 2, smooth muscle [Source:HGNC Symbol;Acc:HGNC:130]	no	YAP_regulated	NA
ENSG00000108511	1	shYT_up	HOXB6	11.45	17	48597134	homeobox B6 [Source:HGNC Symbol;Acc:HGNC:5117]	Yes	Not_regulated_by_YAP	Homeodomain
ENSG00000108518	1	shYT_up	PFN1	1036.8	17	4948530	profilin 1 [Source:HGNC Symbol;Acc:HGNC:8881]	no	YAP_regulated	NA
ENSG00000108528	1	shYT_up	SLC25A11	18.02	17	4940046	solute carrier family 25 member 11 [Source:HGNC Symbol;Acc:HGNC:10981]	no	YAP_regulated	NA
ENSG00000108641	1	shYT_up	B9D1	6.58	17	19334830	B9 domain containing 1 [Source:HGNC Symbol;Acc:HGNC:24123]	no	YAP_regulated	NA
ENSG00000108821	1	shYT_up	COL1A1	1.46	17	50201631	collagen type I alpha 1 chain [Source:HGNC Symbol;Acc:HGNC:2197]	no	Not_regulated_by_YAP	NA
ENSG00000108846	1	shYT_up	ABCC3	10.61	17	50634814	ATP binding cassette subfamily C member 3 [Source:HGNC Symbol;Acc:HGNC:54]	no	YAP_regulated	NA
ENSG00000108953	1	shYT_up	YWHAE	562.65	17	1361294	tyrosine 3-monooxygenase/tryptophan 5-monooxygenase activation protein epsilon [Source:HGNC Symbol;Acc:HGNC:12851]	no	Not_regulated_by_YAP	NA
ENSG00000109099	1	shYT_up	PMP22	31.56	17	15265326	peripheral myelin protein 22 [Source:HGNC Symbol;Acc:HGNC:9118]	no	Not_regulated_by_YAP	NA
ENSG00000109255	1	shYT_up	NMU	13.66	4	55636284	neuromedin U [Source:HGNC Symbol;Acc:HGNC:7859]	no	Not_regulated_by_YAP	NA
ENSG00000109321	1	shYT_up	AREG	7.94	4	74445136	amphiregulin [Source:HGNC Symbol;Acc:HGNC:651]	no	Not_regulated_by_YAP	NA
ENSG00000109390	1	shYT_up	NDUFC1	106.87	4	139295815	NADH:ubiquinone oxidoreductase subunit C1 [Source:HGNC Symbol;Acc:HGNC:7705]	no	YAP_regulated	NA
ENSG00000109475	1	shYT_up	RPL34	1584.4	4	108620566	ribosomal protein L34 [Source:HGNC Symbol;Acc:HGNC:10340]	no	Not_regulated_by_YAP	NA
ENSG00000109501	1	shYT_up	WFS1	13.16	4	6277657	wolframin ER transmembrane glycoprotein [Source:HGNC Symbol;Acc:HGNC:12762]	no	YAP_regulated	NA
ENSG00000109534	1	shYT_up	GAR1	65.38	4	109815510	GAR1 ribonucleoprotein [Source:HGNC Symbol;Acc:HGNC:14264]	no	Not_regulated_by_YAP	NA
ENSG00000109586	1	shYT_up	GALNT7	99.78	4	173168811	polypeptide N-acetylgalactosaminyltransferase 7 [Source:HGNC Symbol;Acc:HGNC:4129]	no	Not_regulated_by_YAP	NA
ENSG00000109654	1	shYT_up	TRIM2	1.48	4	153152342	tripartite motif containing 2 [Source:HGNC Symbol;Acc:HGNC:15974]	no	Not_regulated_by_YAP	NA
ENSG00000109814	1	shYT_up	UGDH	52.89	4	39527439	UDP-glucose 6-dehydrogenase [Source:HGNC Symbol;Acc:HGNC:12525]	no	YAP_regulated	NA
ENSG00000109854	1	shYT_up	HTATIP2	50.03	11	20363685	HIV-1 Tat interactive protein 2 [Source:HGNC Symbol;Acc:HGNC:16637]	no	Not_regulated_by_YAP	NA
ENSG00000110031	1	shYT_up	LPXN	64.51	11	58575836	leupaxin [Source:HGNC Symbol;Acc:HGNC:14061]	no	YAP_regulated	NA
ENSG00000110060	1	shYT_up	PUS3	4.94	11	125896330	pseudouridine synthase 3 [Source:HGNC Symbol;Acc:HGNC:25461]	no	Not_regulated_by_YAP	NA
ENSG00000110367	1	shYT_up	DDX6	24.8	11	118791164	DEAD-box helicase 6 [Source:HGNC Symbol;Acc:HGNC:2747]	no	YAP_regulated	NA
ENSG00000110400	1	shYT_up	NECTIN1	5.1	11	119638200	nectin cell adhesion molecule 1 [Source:HGNC Symbol;Acc:HGNC:9706]	no	YAP_regulated	NA
ENSG00000111247	1	shYT_up	RAD51AP1	46.65	12	4538798	RAD51 associated protein 1 [Source:HGNC Symbol;Acc:HGNC:16956]	no	Not_regulated_by_YAP	NA
ENSG00000111275	1	shYT_up	ALDH2	64.66	12	111766887	aldehyde dehydrogenase 2 family member [Source:HGNC Symbol;Acc:HGNC:404]	no	Not_regulated_by_YAP	NA
ENSG00000111328	1	shYT_up	CDK2AP1	181.91	12	123268317	cyclin dependent kinase 2 associated protein 1 [Source:HGNC Symbol;Acc:HGNC:14002]	no	Not_regulated_by_YAP	NA
ENSG00000111669	1	shYT_up	TPI1	1112.8	12	6867119	triosephosphate isomerase 1 [Source:HGNC Symbol;Acc:HGNC:12009]	no	Not_regulated_by_YAP	NA
ENSG00000111671	1	shYT_up	SPSB2	5.93	12	6873285	splA/ryanodine receptor domain and SOCS box containing 2 [Source:HGNC Symbol;Acc:HGNC:29522]	no	YAP_regulated	NA
ENSG00000111801	1	shYT_up	BTN3A3	8.47	6	26440472	butyrophilin subfamily 3 member A3 [Source:HGNC Symbol;Acc:HGNC:1140]	no	Not_regulated_by_YAP	NA
ENSG00000111832	1	shYT_up	RWDD1	41.53	6	116571504	RWD domain containing 1 [Source:HGNC Symbol;Acc:HGNC:20993]	no	YAP_regulated	NA
ENSG00000111875	1	shYT_up	ASF1A	15.35	6	118894152	anti-silencing function 1A histone chaperone [Source:HGNC Symbol;Acc:HGNC:20995]	no	YAP_regulated	NA
ENSG00000111906	1	shYT_up	HDDC2	53.38	6	125276217	HD domain containing 2 [Source:HGNC Symbol;Acc:HGNC:21078]	no	Not_regulated_by_YAP	NA
ENSG00000111907	1	shYT_up	TPD52L1	70.56	6	125153733	TPD52 like 1 [Source:HGNC Symbol;Acc:HGNC:12006]	no	Not_regulated_by_YAP	NA
ENSG00000111962	1	shYT_up	UST	5.31	6	148747030	uronyl 2-sulfotransferase [Source:HGNC Symbol;Acc:HGNC:17223]	no	YAP_regulated	NA
ENSG00000112110	1	shYT_up	MRPL18	113.07	6	159789812	mitochondrial ribosomal protein L18 [Source:HGNC Symbol;Acc:HGNC:14477]	no	YAP_regulated	NA
ENSG00000112149	1	shYT_up	CD83	16.48	6	14117772	CD83 molecule [Source:HGNC Symbol;Acc:HGNC:1703]	no	Not_regulated_by_YAP	NA
ENSG00000112246	1	shYT_up	SIM1	0.87	6	100464889	SIM bHLH transcription factor 1 [Source:HGNC Symbol;Acc:HGNC:10882]	Yes	Not_regulated_by_YAP	bHLH
ENSG00000112294	1	shYT_up	ALDH5A1	0.77	6	24494969	aldehyde dehydrogenase 5 family member A1 [Source:HGNC Symbol;Acc:HGNC:408]	no	Not_regulated_by_YAP	NA
ENSG00000112297	1	shYT_up	CRYBG1	19.19	6	106360717	crystallin beta-gamma domain containing 1 [Source:HGNC Symbol;Acc:HGNC:356]	no	Not_regulated_by_YAP	NA
ENSG00000112304	1	shYT_up	ACOT13	8.88	6	24667077	acyl-CoA thioesterase 13 [Source:HGNC Symbol;Acc:HGNC:20999]	no	YAP_regulated	NA
ENSG00000112335	1	shYT_up	SNX3	229.24	6	108261040	sorting nexin 3 [Source:HGNC Symbol;Acc:HGNC:11174]	no	YAP_regulated	NA
ENSG00000112339	1	shYT_up	HBS1L	66	6	135054822	HBS1 like translational GTPase [Source:HGNC Symbol;Acc:HGNC:4834]	no	YAP_regulated	NA
ENSG00000112343	1	shYT_up	TRIM38	4.98	6	25962802	tripartite motif containing 38 [Source:HGNC Symbol;Acc:HGNC:10059]	no	Not_regulated_by_YAP	NA
ENSG00000112365	1	shYT_up	ZBTB24	6.18	6	109483219	zinc finger and BTB domain containing 24 [Source:HGNC Symbol;Acc:HGNC:21143]	Yes	YAP_regulated	C2H2 ZF; AT hook
ENSG00000112584	1	shYT_up	FAM120B	9.91	6	170290703	family with sequence similarity 120B [Source:HGNC Symbol;Acc:HGNC:21109]	no	YAP_regulated	NA
ENSG00000112658	1	shYT_up	SRF	22.67	6	43171269	serum response factor [Source:HGNC Symbol;Acc:HGNC:11291]	Yes	YAP_regulated	MADS box
ENSG00000112699	1	shYT_up	GMDS	16.39	6	1624740	GDP-mannose 4,6-dehydratase [Source:HGNC Symbol;Acc:HGNC:4369]	no	YAP_regulated	NA
ENSG00000112763	1	shYT_up	BTN2A1	21.51	6	26457922	butyrophilin subfamily 2 member A1 [Source:HGNC Symbol;Acc:HGNC:1136]	no	Not_regulated_by_YAP	NA
ENSG00000113083	1	shYT_up	LOX	5.15	5	122078259	lysyl oxidase [Source:HGNC Symbol;Acc:HGNC:6664]	no	Not_regulated_by_YAP	NA
ENSG00000113312	1	shYT_up	TTC1	61.24	5	160009113	tetratricopeptide repeat domain 1 [Source:HGNC Symbol;Acc:HGNC:12391]	no	Not_regulated_by_YAP	NA
ENSG00000113361	1	shYT_up	CDH6	39.26	5	31193750	cadherin 6 [Source:HGNC Symbol;Acc:HGNC:1765]	no	Not_regulated_by_YAP	NA
ENSG00000113575	1	shYT_up	PPP2CA	95.49	5	134226073	protein phosphatase 2 catalytic subunit alpha [Source:HGNC Symbol;Acc:HGNC:9299]	no	YAP_regulated	NA
ENSG00000113594	1	shYT_up	LIFR	6.52	5	38595404	LIF receptor subunit alpha [Source:HGNC Symbol;Acc:HGNC:6597]	no	YAP_regulated	NA
ENSG00000113621	1	shYT_up	TXNDC15	51.74	5	134875342	thioredoxin domain containing 15 [Source:HGNC Symbol;Acc:HGNC:20652]	no	Not_regulated_by_YAP	NA
ENSG00000113649	1	shYT_up	TCERG1	83.1	5	146447311	transcription elongation regulator 1 [Source:HGNC Symbol;Acc:HGNC:15630]	no	YAP_regulated	NA
ENSG00000113657	1	shYT_up	DPYSL3	107.6	5	147453959	dihydropyrimidinase like 3 [Source:HGNC Symbol;Acc:HGNC:3015]	no	Not_regulated_by_YAP	NA
ENSG00000113739	1	shYT_up	STC2	68.01	5	173329503	stanniocalcin 2 [Source:HGNC Symbol;Acc:HGNC:11374]	no	Not_regulated_by_YAP	NA
ENSG00000113916	1	shYT_up	BCL6	2.26	3	187734882	BCL6 transcription repressor [Source:HGNC Symbol;Acc:HGNC:1001]	Yes	Not_regulated_by_YAP	C2H2 ZF
ENSG00000114026	1	shYT_up	OGG1	13.39	3	9751092	8-oxoguanine DNA glycosylase [Source:HGNC Symbol;Acc:HGNC:8125]	no	YAP_regulated	NA
ENSG00000114316	1	shYT_up	USP4	14.01	3	49340033	ubiquitin specific peptidase 4 [Source:HGNC Symbol;Acc:HGNC:12627]	no	YAP_regulated	NA
ENSG00000114405	1	shYT_up	C3orf14	64.48	3	62318973	chromosome 3 open reading frame 14 [Source:HGNC Symbol;Acc:HGNC:25024]	no	Not_regulated_by_YAP	NA
ENSG00000114480	1	shYT_up	GBE1	30.86	3	81761645	1,4-alpha-glucan branching enzyme 1 [Source:HGNC Symbol;Acc:HGNC:4180]	no	YAP_regulated	NA
ENSG00000114491	1	shYT_up	UMPS	34.21	3	124737195	uridine monophosphate synthetase [Source:HGNC Symbol;Acc:HGNC:12563]	no	Not_regulated_by_YAP	NA
ENSG00000114648	1	shYT_up	KLHL18	19.07	3	47282917	kelch like family member 18 [Source:HGNC Symbol;Acc:HGNC:29120]	no	Not_regulated_by_YAP	NA
ENSG00000114737	1	shYT_up	CISH	1.54	3	50611761	cytokine inducible SH2 containing protein [Source:HGNC Symbol;Acc:HGNC:1984]	no	Not_regulated_by_YAP	NA
ENSG00000114738	1	shYT_up	MAPKAPK3	42.67	3	50611520	MAPK activated protein kinase 3 [Source:HGNC Symbol;Acc:HGNC:6888]	no	YAP_regulated	NA
ENSG00000114902	1	shYT_up	SPCS1	187.76	3	52706109	signal peptidase complex subunit 1 [Source:HGNC Symbol;Acc:HGNC:23401]	no	YAP_regulated	NA
ENSG00000115129	1	shYT_up	TP53I3	1.78	2	24085215	tumor protein p53 inducible protein 3 [Source:HGNC Symbol;Acc:HGNC:19373]	no	Not_regulated_by_YAP	NA
ENSG00000115221	1	shYT_up	ITGB6	5.82	2	160200272	integrin subunit beta 6 [Source:HGNC Symbol;Acc:HGNC:6161]	no	YAP_regulated	NA
ENSG00000115290	1	shYT_up	GRB14	8.28	2	164621392	growth factor receptor bound protein 14 [Source:HGNC Symbol;Acc:HGNC:4565]	no	Not_regulated_by_YAP	NA
ENSG00000115350	1	shYT_up	POLE4	28.19	2	74958792	DNA polymerase epsilon 4, accessory subunit [Source:HGNC Symbol;Acc:HGNC:18755]	no	Not_regulated_by_YAP	NA
ENSG00000115380	1	shYT_up	EFEMP1	33.13	2	55924139	EGF containing fibulin extracellular matrix protein 1 [Source:HGNC Symbol;Acc:HGNC:3218]	no	Not_regulated_by_YAP	NA
ENSG00000115414	1	shYT_up	FN1	828.02	2	215436067	fibronectin 1 [Source:HGNC Symbol;Acc:HGNC:3778]	no	YAP_regulated	NA
ENSG00000115524	1	shYT_up	SF3B1	161.59	2	197435029	splicing factor 3b subunit 1 [Source:HGNC Symbol;Acc:HGNC:10768]	no	YAP_regulated	NA
ENSG00000115590	1	shYT_up	IL1R2	4.46	2	101991960	interleukin 1 receptor type 2 [Source:HGNC Symbol;Acc:HGNC:5994]	no	Not_regulated_by_YAP	NA
ENSG00000115594	1	shYT_up	IL1R1	10.06	2	102064544	interleukin 1 receptor type 1 [Source:HGNC Symbol;Acc:HGNC:5993]	no	Not_regulated_by_YAP	NA
ENSG00000116001	1	shYT_up	TIA1	45.83	2	70215322	TIA1 cytotoxic granule associated RNA binding protein [Source:HGNC Symbol;Acc:HGNC:11802]	no	YAP_regulated	NA
ENSG00000116044	1	shYT_up	NFE2L2	79.16	2	177264659	nuclear factor, erythroid 2 like 2 [Source:HGNC Symbol;Acc:HGNC:7782]	Yes	YAP_regulated	bZIP
ENSG00000116406	1	shYT_up	EDEM3	17.7	1	184754858	ER degradation enhancing alpha-mannosidase like protein 3 [Source:HGNC Symbol;Acc:HGNC:16787]	no	YAP_regulated	NA
ENSG00000116525	1	shYT_up	TRIM62	2.81	1	33182053	tripartite motif containing 62 [Source:HGNC Symbol;Acc:HGNC:25574]	no	YAP_regulated	NA
ENSG00000116679	1	shYT_up	IVNS1ABP	37.17	1	185306500	influenza virus NS1A binding protein [Source:HGNC Symbol;Acc:HGNC:16951]	no	YAP_regulated	NA
ENSG00000116741	1	shYT_up	RGS2	6.36	1	192809039	regulator of G protein signaling 2 [Source:HGNC Symbol;Acc:HGNC:9998]	no	Not_regulated_by_YAP	NA
ENSG00000116830	1	shYT_up	TTF2	29.3	1	117092787	transcription termination factor 2 [Source:HGNC Symbol;Acc:HGNC:12398]	no	YAP_regulated	NA
ENSG00000116991	1	shYT_up	SIPA1L2	6.45	1	232561558	signal induced proliferation associated 1 like 2 [Source:HGNC Symbol;Acc:HGNC:23800]	no	Not_regulated_by_YAP	NA
ENSG00000117114	1	shYT_up	ADGRL2	30	1	81306147	adhesion G protein-coupled receptor L2 [Source:HGNC Symbol;Acc:HGNC:18582]	no	Not_regulated_by_YAP	NA
ENSG00000117407	1	shYT_up	ARTN	10.91	1	43933801	artemin [Source:HGNC Symbol;Acc:HGNC:727]	no	YAP_regulated	NA
ENSG00000118412	1	shYT_up	CASP8AP2	7.82	6	89829894	caspase 8 associated protein 2 [Source:HGNC Symbol;Acc:HGNC:1510]	no	YAP_regulated	NA
ENSG00000118418	1	shYT_up	HMGN3	137.29	6	79234689	high mobility group nucleosomal binding domain 3 [Source:HGNC Symbol;Acc:HGNC:12312]	Yes	YAP_regulated	HMG/Sox
ENSG00000118515	1	shYT_up	SGK1	18.66	6	134262017	serum/glucocorticoid regulated kinase 1 [Source:HGNC Symbol;Acc:HGNC:10810]	no	YAP_regulated	NA
ENSG00000118620	1	shYT_up	ZNF430	4.34	19	21020634	zinc finger protein 430 [Source:HGNC Symbol;Acc:HGNC:20808]	Yes	Not_regulated_by_YAP	C2H2 ZF
ENSG00000118762	1	shYT_up	PKD2	11.83	4	88007635	polycystin 2, transient receptor potential cation channel [Source:HGNC Symbol;Acc:HGNC:9009]	no	Not_regulated_by_YAP	NA
ENSG00000118785	1	shYT_up	SPP1	146.43	4	87975667	secreted phosphoprotein 1 [Source:HGNC Symbol;Acc:HGNC:11255]	no	YAP_regulated	NA
ENSG00000119321	1	shYT_up	FKBP15	23.83	9	113221277	FKBP prolyl isomerase 15 [Source:HGNC Symbol;Acc:HGNC:23397]	no	YAP_regulated	NA
ENSG00000119574	1	shYT_up	ZBTB45	3.22	19	58519810	zinc finger and BTB domain containing 45 [Source:HGNC Symbol;Acc:HGNC:23715]	Yes	YAP_regulated	C2H2 ZF
ENSG00000119596	1	shYT_up	YLPM1	21.45	14	74763366	YLP motif containing 1 [Source:HGNC Symbol;Acc:HGNC:17798]	no	Not_regulated_by_YAP	NA
ENSG00000119616	1	shYT_up	FCF1	45.5	14	74713144	FCF1 rRNA-processing protein [Source:HGNC Symbol;Acc:HGNC:20220]	no	Not_regulated_by_YAP	NA
ENSG00000119632	1	shYT_up	IFI27L2	11.53	14	94129401	interferon alpha inducible protein 27 like 2 [Source:HGNC Symbol;Acc:HGNC:19753]	no	Not_regulated_by_YAP	NA
ENSG00000119650	1	shYT_up	IFT43	18.6	14	75902136	intraflagellar transport 43 [Source:HGNC Symbol;Acc:HGNC:29669]	no	Not_regulated_by_YAP	NA
ENSG00000119661	1	shYT_up	DNAL1	9.22	14	73644875	dynein axonemal light chain 1 [Source:HGNC Symbol;Acc:HGNC:23247]	no	Not_regulated_by_YAP	NA
ENSG00000119669	1	shYT_up	IRF2BPL	4.18	14	77028708	interferon regulatory factor 2 binding protein like [Source:HGNC Symbol;Acc:HGNC:14282]	no	Not_regulated_by_YAP	NA
ENSG00000119673	1	shYT_up	ACOT2	5.91	14	73567620	acyl-CoA thioesterase 2 [Source:HGNC Symbol;Acc:HGNC:18431]	no	Not_regulated_by_YAP	NA
ENSG00000119681	1	shYT_up	LTBP2	1.89	14	74612237	latent transforming growth factor beta binding protein 2 [Source:HGNC Symbol;Acc:HGNC:6715]	no	Not_regulated_by_YAP	NA
ENSG00000119682	1	shYT_up	AREL1	10.96	14	74664065	apoptosis resistant E3 ubiquitin protein ligase 1 [Source:HGNC Symbol;Acc:HGNC:20363]	no	Not_regulated_by_YAP	NA
ENSG00000119685	1	shYT_up	TTLL5	13.38	14	75633625	tubulin tyrosine ligase like 5 [Source:HGNC Symbol;Acc:HGNC:19963]	no	YAP_regulated	NA
ENSG00000119686	1	shYT_up	FLVCR2	0.21	14	75578620	FLVCR heme transporter 2 [Source:HGNC Symbol;Acc:HGNC:20105]	no	Not_regulated_by_YAP	NA
ENSG00000119707	1	shYT_up	RBM25	40.91	14	73058534	RNA binding motif protein 25 [Source:HGNC Symbol;Acc:HGNC:23244]	no	Not_regulated_by_YAP	NA
ENSG00000119720	1	shYT_up	NRDE2	5.14	14	90331941	NRDE-2, necessary for RNA interference, domain containing [Source:HGNC Symbol;Acc:HGNC:20186]	no	Not_regulated_by_YAP	NA
ENSG00000119723	1	shYT_up	COQ6	10.45	14	73949926	coenzyme Q6, monooxygenase [Source:HGNC Symbol;Acc:HGNC:20233]	no	YAP_regulated	NA
ENSG00000119878	1	shYT_up	CRIPT	16.28	2	46616416	CXXC repeat containing interactor of PDZ3 domain [Source:HGNC Symbol;Acc:HGNC:14312]	no	YAP_regulated	NA
ENSG00000120068	1	shYT_up	HOXB8	3.12	17	48613479	homeobox B8 [Source:HGNC Symbol;Acc:HGNC:5119]	Yes	Not_regulated_by_YAP	Homeodomain
ENSG00000120093	1	shYT_up	HOXB3	6.79	17	48590272	homeobox B3 [Source:HGNC Symbol;Acc:HGNC:5114]	Yes	Not_regulated_by_YAP	Homeodomain
ENSG00000120509	1	shYT_up	PDZD11	58.06	X	70289979	PDZ domain containing 11 [Source:HGNC Symbol;Acc:HGNC:28034]	no	Not_regulated_by_YAP	NA
ENSG00000120784	1	shYT_up	ZFP30	6.39	19	37655465	ZFP30 zinc finger protein [Source:HGNC Symbol;Acc:HGNC:29555]	Yes	Not_regulated_by_YAP	C2H2 ZF
ENSG00000120885	1	shYT_up	CLU	65.86	8	27611357	clusterin [Source:HGNC Symbol;Acc:HGNC:2095]	no	Not_regulated_by_YAP	NA
ENSG00000120948	1	shYT_up	TARDBP	159.21	1	11013728	TAR DNA binding protein [Source:HGNC Symbol;Acc:HGNC:11571]	no	YAP_regulated	NA
ENSG00000121236	1	shYT_up	TRIM6	12.68	11	5596129	tripartite motif containing 6 [Source:HGNC Symbol;Acc:HGNC:16277]	no	Not_regulated_by_YAP	NA
ENSG00000121413	1	shYT_up	ZSCAN18	11.86	19	58118366	zinc finger and SCAN domain containing 18 [Source:HGNC Symbol;Acc:HGNC:21037]	Yes	Not_regulated_by_YAP	C2H2 ZF
ENSG00000122482	1	shYT_up	ZNF644	20.74	1	91021473	zinc finger protein 644 [Source:HGNC Symbol;Acc:HGNC:29222]	Yes	YAP_regulated	C2H2 ZF
ENSG00000122483	1	shYT_up	CCDC18	26.35	1	93179919	coiled-coil domain containing 18 [Source:HGNC Symbol;Acc:HGNC:30370]	no	YAP_regulated	NA
ENSG00000122707	1	shYT_up	RECK	9.43	9	36036913	reversion inducing cysteine rich protein with kazal motifs [Source:HGNC Symbol;Acc:HGNC:11345]	no	Not_regulated_by_YAP	NA
ENSG00000122729	1	shYT_up	ACO1	24.98	9	32384620	aconitase 1 [Source:HGNC Symbol;Acc:HGNC:117]	no	YAP_regulated	NA
ENSG00000122779	1	shYT_up	TRIM24	18.72	7	138514400	tripartite motif containing 24 [Source:HGNC Symbol;Acc:HGNC:11812]	no	YAP_regulated	NA
ENSG00000122783	1	shYT_up	CYREN	100.07	7	135170695	cell cycle regulator of NHEJ [Source:HGNC Symbol;Acc:HGNC:22432]	no	YAP_regulated	NA
ENSG00000122786	1	shYT_up	CALD1	299.88	7	134744252	caldesmon 1 [Source:HGNC Symbol;Acc:HGNC:1441]	no	YAP_regulated	NA
ENSG00000122862	1	shYT_up	SRGN	1.64	10	69088106	serglycin [Source:HGNC Symbol;Acc:HGNC:9361]	no	Not_regulated_by_YAP	NA
ENSG00000122912	1	shYT_up	SLC25A16	14.71	10	68480764	solute carrier family 25 member 16 [Source:HGNC Symbol;Acc:HGNC:10986]	no	YAP_regulated	NA
ENSG00000123080	1	shYT_up	CDKN2C	46.41	1	50960745	cyclin dependent kinase inhibitor 2C [Source:HGNC Symbol;Acc:HGNC:1789]	no	YAP_regulated	NA
ENSG00000123095	1	shYT_up	BHLHE41	25.66	12	26123768	basic helix-loop-helix family member e41 [Source:HGNC Symbol;Acc:HGNC:16617]	Yes	YAP_regulated	bHLH
ENSG00000123096	1	shYT_up	SSPN	0.67	12	26121991	sarcospan [Source:HGNC Symbol;Acc:HGNC:11322]	no	Not_regulated_by_YAP	NA
ENSG00000123106	1	shYT_up	CCDC91	14.47	12	28133249	coiled-coil domain containing 91 [Source:HGNC Symbol;Acc:HGNC:24855]	no	Not_regulated_by_YAP	NA
ENSG00000123124	1	shYT_up	WWP1	60.82	8	86342547	WW domain containing E3 ubiquitin protein ligase 1 [Source:HGNC Symbol;Acc:HGNC:17004]	no	YAP_regulated	NA
ENSG00000123131	1	shYT_up	PRDX4	295.93	X	23664262	peroxiredoxin 4 [Source:HGNC Symbol;Acc:HGNC:17169]	no	YAP_regulated	NA
ENSG00000123353	1	shYT_up	ORMDL2	47.24	12	55818041	ORMDL sphingolipid biosynthesis regulator 2 [Source:HGNC Symbol;Acc:HGNC:16037]	no	YAP_regulated	NA
ENSG00000123453	1	shYT_up	SARDH	0.21	9	133739920	sarcosine dehydrogenase [Source:HGNC Symbol;Acc:HGNC:10536]	no	Not_regulated_by_YAP	NA
ENSG00000123472	1	shYT_up	ATPAF1	34.77	1	46668454	ATP synthase mitochondrial F1 complex assembly factor 1 [Source:HGNC Symbol;Acc:HGNC:18803]	no	Not_regulated_by_YAP	NA
ENSG00000123505	1	shYT_up	AMD1	74.77	6	110874770	adenosylmethionine decarboxylase 1 [Source:HGNC Symbol;Acc:HGNC:457]	no	YAP_regulated	NA
ENSG00000124216	1	shYT_up	SNAI1	9.89	20	49982980	snail family transcriptional repressor 1 [Source:HGNC Symbol;Acc:HGNC:11128]	Yes	YAP_regulated	C2H2 ZF
ENSG00000124299	1	shYT_up	PEPD	25.09	19	33389120	peptidase D [Source:HGNC Symbol;Acc:HGNC:8840]	no	Not_regulated_by_YAP	NA
ENSG00000124383	1	shYT_up	MPHOSPH10	43	2	71144240	M-phase phosphoprotein 10 [Source:HGNC Symbol;Acc:HGNC:7213]	no	YAP_regulated	NA
ENSG00000124641	1	shYT_up	MED20	15.18	6	41921139	mediator complex subunit 20 [Source:HGNC Symbol;Acc:HGNC:16840]	no	Not_regulated_by_YAP	NA
ENSG00000124688	1	shYT_up	MAD2L1BP	28.39	6	43629540	MAD2L1 binding protein [Source:HGNC Symbol;Acc:HGNC:21059]	no	YAP_regulated	NA
ENSG00000124733	1	shYT_up	MEA1	36.89	6	43013684	male-enhanced antigen 1 [Source:HGNC Symbol;Acc:HGNC:6986]	no	YAP_regulated	NA
ENSG00000124766	1	shYT_up	SOX4	14.42	6	21593751	SRY-box transcription factor 4 [Source:HGNC Symbol;Acc:HGNC:11200]	Yes	Not_regulated_by_YAP	HMG/Sox
ENSG00000124788	1	shYT_up	ATXN1	9.56	6	16761456	ataxin 1 [Source:HGNC Symbol;Acc:HGNC:10548]	no	YAP_regulated	NA
ENSG00000125037	1	shYT_up	EMC3	50.81	3	9987120	ER membrane protein complex subunit 3 [Source:HGNC Symbol;Acc:HGNC:23999]	no	YAP_regulated	NA
ENSG00000125166	1	shYT_up	GOT2	151.89	16	58734316	glutamic-oxaloacetic transaminase 2 [Source:HGNC Symbol;Acc:HGNC:4433]	no	Not_regulated_by_YAP	NA
ENSG00000125375	1	shYT_up	DMAC2L	5.17	14	50312324	distal membrane arm assembly complex 2 like [Source:HGNC Symbol;Acc:HGNC:18799]	no	YAP_regulated	NA
ENSG00000125384	1	shYT_up	PTGER2	1.74	14	52314305	prostaglandin E receptor 2 [Source:HGNC Symbol;Acc:HGNC:9594]	no	Not_regulated_by_YAP	NA
ENSG00000125730	1	shYT_up	C3	6.03	19	6720650	complement C3 [Source:HGNC Symbol;Acc:HGNC:1318]	no	Not_regulated_by_YAP	NA
ENSG00000125772	1	shYT_up	GPCPD1	4.18	20	5611006	glycerophosphocholine phosphodiesterase 1 [Source:HGNC Symbol;Acc:HGNC:26957]	no	Not_regulated_by_YAP	NA
ENSG00000125798	1	shYT_up	FOXA2	1.67	20	22584463	forkhead box A2 [Source:HGNC Symbol;Acc:HGNC:5022]	Yes	Not_regulated_by_YAP	Forkhead
ENSG00000125812	1	shYT_up	GZF1	10	20	23362320	GDNF inducible zinc finger protein 1 [Source:HGNC Symbol;Acc:HGNC:15808]	Yes	YAP_regulated	C2H2 ZF
ENSG00000125817	1	shYT_up	CENPB	35.44	20	3786740	centromere protein B [Source:HGNC Symbol;Acc:HGNC:1852]	Yes	Not_regulated_by_YAP	CENPB
ENSG00000125827	1	shYT_up	TMX4	11.35	20	8019761	thioredoxin related transmembrane protein 4 [Source:HGNC Symbol;Acc:HGNC:25237]	no	Not_regulated_by_YAP	NA
ENSG00000125844	1	shYT_up	RRBP1	89.24	20	17619817	ribosome binding protein 1 [Source:HGNC Symbol;Acc:HGNC:10448]	no	YAP_regulated	NA
ENSG00000125868	1	shYT_up	DSTN	343.89	20	17570075	destrin, actin depolymerizing factor [Source:HGNC Symbol;Acc:HGNC:15750]	no	YAP_regulated	NA
ENSG00000125870	1	shYT_up	SNRPB2	71.27	20	16729961	small nuclear ribonucleoprotein polypeptide B2 [Source:HGNC Symbol;Acc:HGNC:11155]	no	Not_regulated_by_YAP	NA
ENSG00000125872	1	shYT_up	LRRN4	86.43	20	6054060	leucine rich repeat neuronal 4 [Source:HGNC Symbol;Acc:HGNC:16208]	no	Not_regulated_by_YAP	NA
ENSG00000125945	1	shYT_up	ZNF436	5.59	1	23368386	zinc finger protein 436 [Source:HGNC Symbol;Acc:HGNC:20814]	Yes	YAP_regulated	C2H2 ZF
ENSG00000125952	1	shYT_up	MAX	22.63	14	65102517	MYC associated factor X [Source:HGNC Symbol;Acc:HGNC:6913]	Yes	Not_regulated_by_YAP	bHLH
ENSG00000126214	1	shYT_up	KLC1	55.18	14	103561896	kinesin light chain 1 [Source:HGNC Symbol;Acc:HGNC:6387]	no	YAP_regulated	NA
ENSG00000126247	1	shYT_up	CAPNS1	254.63	19	36140066	calpain small subunit 1 [Source:HGNC Symbol;Acc:HGNC:1481]	no	YAP_regulated	NA
ENSG00000126254	1	shYT_up	RBM42	52.67	19	35629030	RNA binding motif protein 42 [Source:HGNC Symbol;Acc:HGNC:28117]	no	YAP_regulated	NA
ENSG00000126457	1	shYT_up	PRMT1	221.27	19	49675786	protein arginine methyltransferase 1 [Source:HGNC Symbol;Acc:HGNC:5187]	no	YAP_regulated	NA
ENSG00000126461	1	shYT_up	SCAF1	23.8	19	49642209	SR-related CTD associated factor 1 [Source:HGNC Symbol;Acc:HGNC:30403]	no	YAP_regulated	NA
ENSG00000126778	1	shYT_up	SIX1	1.97	14	60653131	SIX homeobox 1 [Source:HGNC Symbol;Acc:HGNC:10887]	Yes	Not_regulated_by_YAP	Homeodomain
ENSG00000126787	1	shYT_up	DLGAP5	45.22	14	55191544	DLG associated protein 5 [Source:HGNC Symbol;Acc:HGNC:16864]	no	Not_regulated_by_YAP	NA
ENSG00000126814	1	shYT_up	TRMT5	7.68	14	60981079	tRNA methyltransferase 5 [Source:HGNC Symbol;Acc:HGNC:23141]	no	Not_regulated_by_YAP	NA
ENSG00000126822	1	shYT_up	PLEKHG3	7.83	14	64704102	pleckstrin homology and RhoGEF domain containing G3 [Source:HGNC Symbol;Acc:HGNC:20364]	no	YAP_regulated	NA
ENSG00000126903	1	shYT_up	SLC10A3	28.21	X	154490614	solute carrier family 10 member 3 [Source:HGNC Symbol;Acc:HGNC:22979]	no	YAP_regulated	NA
ENSG00000128185	1	shYT_up	DGCR6L	23.31	22	20320060	DiGeorge syndrome critical region gene 6 like [Source:HGNC Symbol;Acc:HGNC:18551]	no	Not_regulated_by_YAP	NA
ENSG00000128228	1	shYT_up	SDF2L1	39.94	22	21642302	stromal cell derived factor 2 like 1 [Source:HGNC Symbol;Acc:HGNC:10676]	no	YAP_regulated	NA
ENSG00000128274	1	shYT_up	A4GALT	4.49	22	42720870	alpha 1,4-galactosyltransferase (P blood group) [Source:HGNC Symbol;Acc:HGNC:18149]	no	YAP_regulated	NA
ENSG00000128567	1	shYT_up	PODXL	5.75	7	131556563	podocalyxin like [Source:HGNC Symbol;Acc:HGNC:9171]	no	Not_regulated_by_YAP	NA
ENSG00000128641	1	shYT_up	MYO1B	87.52	2	191245185	myosin IB [Source:HGNC Symbol;Acc:HGNC:7596]	no	YAP_regulated	NA
ENSG00000128739	1	shYT_up	SNRPN	6.68	15	24823637	small nuclear ribonucleoprotein polypeptide N [Source:HGNC Symbol;Acc:HGNC:11164]	no	Not_regulated_by_YAP	NA
ENSG00000128849	1	shYT_up	CGNL1	6.29	15	57375967	cingulin like 1 [Source:HGNC Symbol;Acc:HGNC:25931]	no	Not_regulated_by_YAP	NA
ENSG00000129038	1	shYT_up	LOXL1	22.18	15	73925989	lysyl oxidase like 1 [Source:HGNC Symbol;Acc:HGNC:6665]	no	Not_regulated_by_YAP	NA
ENSG00000129128	1	shYT_up	SPCS3	82.35	4	176319966	signal peptidase complex subunit 3 [Source:HGNC Symbol;Acc:HGNC:26212]	no	Not_regulated_by_YAP	NA
ENSG00000129235	1	shYT_up	TXNDC17	145.67	17	6641060	thioredoxin domain containing 17 [Source:HGNC Symbol;Acc:HGNC:28218]	no	Not_regulated_by_YAP	NA
ENSG00000129480	1	shYT_up	DTD2	8.94	14	31457506	D-aminoacyl-tRNA deacylase 2 [Source:HGNC Symbol;Acc:HGNC:20277]	no	Not_regulated_by_YAP	NA
ENSG00000129493	1	shYT_up	HEATR5A	8.7	14	31420550	HEAT repeat containing 5A [Source:HGNC Symbol;Acc:HGNC:20276]	no	YAP_regulated	NA
ENSG00000129515	1	shYT_up	SNX6	79.03	14	34630109	sorting nexin 6 [Source:HGNC Symbol;Acc:HGNC:14970]	no	Not_regulated_by_YAP	NA
ENSG00000129534	1	shYT_up	MIS18BP1	14.26	14	45231441	MIS18 binding protein 1 [Source:HGNC Symbol;Acc:HGNC:20190]	no	Not_regulated_by_YAP	NA
ENSG00000129559	1	shYT_up	NEDD8	178.14	14	24232367	NEDD8 ubiquitin like modifier [Source:HGNC Symbol;Acc:HGNC:7732]	no	Not_regulated_by_YAP	NA
ENSG00000129562	1	shYT_up	DAD1	281.46	14	22589224	defender against cell death 1 [Source:HGNC Symbol;Acc:HGNC:2664]	no	YAP_regulated	NA
ENSG00000129625	1	shYT_up	REEP5	109.3	5	112922227	receptor accessory protein 5 [Source:HGNC Symbol;Acc:HGNC:30077]	no	YAP_regulated	NA
ENSG00000129636	1	shYT_up	ITFG1	52.83	16	47312275	integrin alpha FG-GAP repeat containing 1 [Source:HGNC Symbol;Acc:HGNC:30697]	no	YAP_regulated	NA
ENSG00000129757	1	shYT_up	CDKN1C	0.05	11	2885771	cyclin dependent kinase inhibitor 1C [Source:HGNC Symbol;Acc:HGNC:1786]	no	Not_regulated_by_YAP	NA
ENSG00000130052	1	shYT_up	STARD8	5.12	X	68647666	StAR related lipid transfer domain containing 8 [Source:HGNC Symbol;Acc:HGNC:19161]	no	Not_regulated_by_YAP	NA
ENSG00000130066	1	shYT_up	SAT1	82.08	X	23783173	spermidine/spermine N1-acetyltransferase 1 [Source:HGNC Symbol;Acc:HGNC:10540]	no	Not_regulated_by_YAP	NA
ENSG00000130349	1	shYT_up	MTRES1	5.31	6	107028213	mitochondrial transcription rescue factor 1 [Source:HGNC Symbol;Acc:HGNC:17971]	no	Not_regulated_by_YAP	NA
ENSG00000130396	1	shYT_up	AFDN	43.75	6	167827000	afadin, adherens junction formation factor [Source:HGNC Symbol;Acc:HGNC:7137]	no	Not_regulated_by_YAP	NA
ENSG00000130402	1	shYT_up	ACTN4	394.21	19	38647649	actinin alpha 4 [Source:HGNC Symbol;Acc:HGNC:166]	no	Not_regulated_by_YAP	NA
ENSG00000130702	1	shYT_up	LAMA5	1.99	20	62309257	laminin subunit alpha 5 [Source:HGNC Symbol;Acc:HGNC:6485]	no	Not_regulated_by_YAP	NA
ENSG00000130707	1	shYT_up	ASS1	7.07	9	130452223	argininosuccinate synthase 1 [Source:HGNC Symbol;Acc:HGNC:758]	no	YAP_regulated	NA
ENSG00000130720	1	shYT_up	FIBCD1	6.38	9	130939247	fibrinogen C domain containing 1 [Source:HGNC Symbol;Acc:HGNC:25922]	no	YAP_regulated	NA
ENSG00000130724	1	shYT_up	CHMP2A	70.75	19	58554097	charged multivesicular body protein 2A [Source:HGNC Symbol;Acc:HGNC:30216]	no	Not_regulated_by_YAP	NA
ENSG00000130726	1	shYT_up	TRIM28	302.99	19	58547762	tripartite motif containing 28 [Source:HGNC Symbol;Acc:HGNC:16384]	no	YAP_regulated	NA
ENSG00000131019	1	shYT_up	ULBP3	6.73	6	150069121	UL16 binding protein 3 [Source:HGNC Symbol;Acc:HGNC:14895]	no	YAP_regulated	NA
ENSG00000131171	1	shYT_up	SH3BGRL	38.9	X	81202102	SH3 domain binding glutamate rich protein like [Source:HGNC Symbol;Acc:HGNC:10823]	no	Not_regulated_by_YAP	NA
ENSG00000131263	1	shYT_up	RLIM	22.42	X	74614617	ring finger protein, LIM domain interacting [Source:HGNC Symbol;Acc:HGNC:13429]	no	YAP_regulated	NA
ENSG00000131269	1	shYT_up	ABCB7	13.39	X	75156133	ATP binding cassette subfamily B member 7 [Source:HGNC Symbol;Acc:HGNC:48]	no	Not_regulated_by_YAP	NA
ENSG00000131378	1	shYT_up	RFTN1	21.69	3	16326867	raftlin, lipid raft linker 1 [Source:HGNC Symbol;Acc:HGNC:30278]	no	Not_regulated_by_YAP	NA
ENSG00000131459	1	shYT_up	GFPT2	2.8	5	180353336	glutamine-fructose-6-phosphate transaminase 2 [Source:HGNC Symbol;Acc:HGNC:4242]	no	Not_regulated_by_YAP	NA
ENSG00000131507	1	shYT_up	NDFIP1	53.34	5	142108779	Nedd4 family interacting protein 1 [Source:HGNC Symbol;Acc:HGNC:17592]	no	YAP_regulated	NA
ENSG00000131725	1	shYT_up	WDR44	8.54	X	118346106	WD repeat domain 44 [Source:HGNC Symbol;Acc:HGNC:30512]	no	YAP_regulated	NA
ENSG00000131773	1	shYT_up	KHDRBS3	12.95	8	135457456	KH RNA binding domain containing, signal transduction associated 3 [Source:HGNC Symbol;Acc:HGNC:18117]	no	YAP_regulated	NA
ENSG00000131966	1	shYT_up	ACTR10	41.07	14	58200080	actin related protein 10 [Source:HGNC Symbol;Acc:HGNC:17372]	no	YAP_regulated	NA
ENSG00000131981	1	shYT_up	LGALS3	32.62	14	55124110	galectin 3 [Source:HGNC Symbol;Acc:HGNC:6563]	no	Not_regulated_by_YAP	NA
ENSG00000132109	1	shYT_up	TRIM21	10.56	11	4393702	tripartite motif containing 21 [Source:HGNC Symbol;Acc:HGNC:11312]	no	Not_regulated_by_YAP	NA
ENSG00000132423	1	shYT_up	COQ3	20.41	6	99394195	coenzyme Q3, methyltransferase [Source:HGNC Symbol;Acc:HGNC:18175]	no	Not_regulated_by_YAP	NA
ENSG00000132463	1	shYT_up	GRSF1	100.69	4	70839890	G-rich RNA sequence binding factor 1 [Source:HGNC Symbol;Acc:HGNC:4610]	no	YAP_regulated	NA
ENSG00000132570	1	shYT_up	PCBD2	9.15	5	134905131	pterin-4 alpha-carbinolamine dehydratase 2 [Source:HGNC Symbol;Acc:HGNC:24474]	no	YAP_regulated	NA
ENSG00000132669	1	shYT_up	RIN2	17.74	20	19757606	Ras and Rab interactor 2 [Source:HGNC Symbol;Acc:HGNC:18750]	no	YAP_regulated	NA
ENSG00000132780	1	shYT_up	NASP	220.92	1	45583989	nuclear autoantigenic sperm protein [Source:HGNC Symbol;Acc:HGNC:7644]	no	YAP_regulated	NA
ENSG00000133028	1	shYT_up	SCO1	29.6	17	10697533	synthesis of cytochrome C oxidase 1 [Source:HGNC Symbol;Acc:HGNC:10603]	no	YAP_regulated	NA
ENSG00000133030	1	shYT_up	MPRIP	61.27	17	17042760	myosin phosphatase Rho interacting protein [Source:HGNC Symbol;Acc:HGNC:30321]	no	YAP_regulated	NA
ENSG00000133131	1	shYT_up	MORC4	24.5	X	106993340	MORC family CW-type zinc finger 4 [Source:HGNC Symbol;Acc:HGNC:23485]	no	Not_regulated_by_YAP	NA
ENSG00000133216	1	shYT_up	EPHB2	12.19	1	22710965	EPH receptor B2 [Source:HGNC Symbol;Acc:HGNC:3393]	no	Not_regulated_by_YAP	NA
ENSG00000133265	1	shYT_up	HSPBP1	40.72	19	55280360	HSPA (Hsp70) binding protein 1 [Source:HGNC Symbol;Acc:HGNC:24989]	no	YAP_regulated	NA
ENSG00000133321	1	shYT_up	PLAAT4	2.4	11	63536809	phospholipase A and acyltransferase 4 [Source:HGNC Symbol;Acc:HGNC:9869]	no	Not_regulated_by_YAP	NA
ENSG00000133460	1	shYT_up	SLC2A11	8.02	22	23875160	solute carrier family 2 member 11 [Source:HGNC Symbol;Acc:HGNC:14239]	no	YAP_regulated	NA
ENSG00000133466	1	shYT_up	C1QTNF6	8.85	22	37188286	C1q and TNF related 6 [Source:HGNC Symbol;Acc:HGNC:14343]	no	YAP_regulated	NA
ENSG00000133739	1	shYT_up	LRRCC1	14.36	8	85107238	leucine rich repeat and coiled-coil centrosomal protein 1 [Source:HGNC Symbol;Acc:HGNC:29373]	no	Not_regulated_by_YAP	NA
ENSG00000133935	1	shYT_up	ERG28	13.85	14	75660876	ergosterol biosynthesis 28 homolog [Source:HGNC Symbol;Acc:HGNC:1187]	no	YAP_regulated	NA
ENSG00000133943	1	shYT_up	DGLUCY	11.68	14	91060333	D-glutamate cyclase [Source:HGNC Symbol;Acc:HGNC:20498]	no	YAP_regulated	NA
ENSG00000133985	1	shYT_up	TTC9	0.24	14	70641916	tetratricopeptide repeat domain 9 [Source:HGNC Symbol;Acc:HGNC:20267]	no	Not_regulated_by_YAP	NA
ENSG00000133997	1	shYT_up	MED6	19.1	14	70600653	mediator complex subunit 6 [Source:HGNC Symbol;Acc:HGNC:19970]	no	Not_regulated_by_YAP	NA
ENSG00000134001	1	shYT_up	EIF2S1	112.37	14	67360151	eukaryotic translation initiation factor 2 subunit alpha [Source:HGNC Symbol;Acc:HGNC:3265]	no	YAP_regulated	NA
ENSG00000134077	1	shYT_up	THUMPD3	23.29	3	9362971	THUMP domain containing 3 [Source:HGNC Symbol;Acc:HGNC:24493]	no	Not_regulated_by_YAP	NA
ENSG00000134138	1	shYT_up	MEIS2	8.27	15	37098531	Meis homeobox 2 [Source:HGNC Symbol;Acc:HGNC:7001]	Yes	YAP_regulated	Homeodomain
ENSG00000134198	1	shYT_up	TSPAN2	22.1	1	115089503	tetraspanin 2 [Source:HGNC Symbol;Acc:HGNC:20659]	no	Not_regulated_by_YAP	NA
ENSG00000134202	1	shYT_up	GSTM3	14.62	1	109741038	glutathione S-transferase mu 3 [Source:HGNC Symbol;Acc:HGNC:4635]	no	Not_regulated_by_YAP	NA
ENSG00000134243	1	shYT_up	SORT1	4.04	1	109397918	sortilin 1 [Source:HGNC Symbol;Acc:HGNC:11186]	no	Not_regulated_by_YAP	NA
ENSG00000134265	1	shYT_up	NAPG	23.29	18	10525905	NSF attachment protein gamma [Source:HGNC Symbol;Acc:HGNC:7642]	no	YAP_regulated	NA
ENSG00000134575	1	shYT_up	ACP2	8.27	11	47248814	acid phosphatase 2, lysosomal [Source:HGNC Symbol;Acc:HGNC:123]	no	Not_regulated_by_YAP	NA
ENSG00000134779	1	shYT_up	TPGS2	163.98	18	36798585	tubulin polyglutamylase complex subunit 2 [Source:HGNC Symbol;Acc:HGNC:24561]	no	YAP_regulated	NA
ENSG00000134874	1	shYT_up	DZIP1	3.29	13	95644690	DAZ interacting zinc finger protein 1 [Source:HGNC Symbol;Acc:HGNC:20908]	Yes	Not_regulated_by_YAP	C2H2 ZF
ENSG00000134986	1	shYT_up	NREP	24.17	5	111757194	neuronal regeneration related protein [Source:HGNC Symbol;Acc:HGNC:16834]	no	YAP_regulated	NA
ENSG00000135074	1	shYT_up	ADAM19	19.43	5	157575775	ADAM metallopeptidase domain 19 [Source:HGNC Symbol;Acc:HGNC:197]	no	Not_regulated_by_YAP	NA
ENSG00000135111	1	shYT_up	TBX3	5.41	12	114683590	T-box transcription factor 3 [Source:HGNC Symbol;Acc:HGNC:11602]	Yes	YAP_regulated	T-box
ENSG00000135316	1	shYT_up	SYNCRIP	134.87	6	85642991	synaptotagmin binding cytoplasmic RNA interacting protein [Source:HGNC Symbol;Acc:HGNC:16918]	no	YAP_regulated	NA
ENSG00000135318	1	shYT_up	NT5E	60.39	6	85450091	5'-nucleotidase ecto [Source:HGNC Symbol;Acc:HGNC:8021]	no	YAP_regulated	NA
ENSG00000135336	1	shYT_up	ORC3	29.75	6	87590121	origin recognition complex subunit 3 [Source:HGNC Symbol;Acc:HGNC:8489]	no	Not_regulated_by_YAP	NA
ENSG00000135341	1	shYT_up	MAP3K7	18.8	6	90586883	mitogen-activated protein kinase kinase kinase 7 [Source:HGNC Symbol;Acc:HGNC:6859]	no	Not_regulated_by_YAP	NA
ENSG00000135447	1	shYT_up	NA	NA	NA	NA	NA	NA	NA	NA
ENSG00000135521	1	shYT_up	LTV1	50.38	6	143843338	LTV1 ribosome biogenesis factor [Source:HGNC Symbol;Acc:HGNC:21173]	no	Not_regulated_by_YAP	NA
ENSG00000135535	1	shYT_up	CD164	157.71	6	109382444	CD164 molecule [Source:HGNC Symbol;Acc:HGNC:1632]	no	YAP_regulated	NA
ENSG00000135541	1	shYT_up	AHI1	9.3	6	135442685	Abelson helper integration site 1 [Source:HGNC Symbol;Acc:HGNC:21575]	no	YAP_regulated	NA
ENSG00000135596	1	shYT_up	MICAL1	11	6	109455645	microtubule associated monooxygenase, calponin and LIM domain containing 1 [Source:HGNC Symbol;Acc:HGNC:20619]	no	Not_regulated_by_YAP	NA
ENSG00000135636	1	shYT_up	DYSF	1.26	2	71453722	dysferlin [Source:HGNC Symbol;Acc:HGNC:3097]	no	Not_regulated_by_YAP	NA
ENSG00000135723	1	shYT_up	FHOD1	17.72	16	67230196	formin homology 2 domain containing 1 [Source:HGNC Symbol;Acc:HGNC:17905]	no	YAP_regulated	NA
ENSG00000135919	1	shYT_up	SERPINE2	28.7	2	224039288	serpin family E member 2 [Source:HGNC Symbol;Acc:HGNC:8951]	no	YAP_regulated	NA
ENSG00000135974	1	shYT_up	C2orf49	9.72	2	105337540	chromosome 2 open reading frame 49 [Source:HGNC Symbol;Acc:HGNC:28772]	no	Not_regulated_by_YAP	NA
ENSG00000136240	1	shYT_up	KDELR2	294.22	7	6484190	KDEL endoplasmic reticulum protein retention receptor 2 [Source:HGNC Symbol;Acc:HGNC:6305]	no	YAP_regulated	NA
ENSG00000136250	1	shYT_up	AOAH	5.21	7	36724494	acyloxyacyl hydrolase [Source:HGNC Symbol;Acc:HGNC:548]	no	Not_regulated_by_YAP	NA
ENSG00000136279	1	shYT_up	DBNL	59.98	7	44044640	drebrin like [Source:HGNC Symbol;Acc:HGNC:2696]	no	Not_regulated_by_YAP	NA
ENSG00000136280	1	shYT_up	CCM2	44.15	7	44999475	CCM2 scaffold protein [Source:HGNC Symbol;Acc:HGNC:21708]	no	YAP_regulated	NA
ENSG00000136319	1	shYT_up	TTC5	3.66	14	20305953	tetratricopeptide repeat domain 5 [Source:HGNC Symbol;Acc:HGNC:19274]	no	Not_regulated_by_YAP	NA
ENSG00000136490	1	shYT_up	LIMD2	11.43	17	63700125	LIM domain containing 2 [Source:HGNC Symbol;Acc:HGNC:28142]	no	Not_regulated_by_YAP	NA
ENSG00000136720	1	shYT_up	HS6ST1	9.07	2	128318396	heparan sulfate 6-O-sulfotransferase 1 [Source:HGNC Symbol;Acc:HGNC:5201]	no	Not_regulated_by_YAP	NA
ENSG00000136807	1	shYT_up	CDK9	49.72	9	127788422	cyclin dependent kinase 9 [Source:HGNC Symbol;Acc:HGNC:1780]	no	YAP_regulated	NA
ENSG00000137038	1	shYT_up	DMAC1	8.44	9	7799778	distal membrane arm assembly complex 1 [Source:HGNC Symbol;Acc:HGNC:30536]	no	Not_regulated_by_YAP	NA
ENSG00000137100	1	shYT_up	DCTN3	59.96	9	34615011	dynactin subunit 3 [Source:HGNC Symbol;Acc:HGNC:2713]	no	Not_regulated_by_YAP	NA
ENSG00000137124	1	shYT_up	ALDH1B1	50.46	9	38392702	aldehyde dehydrogenase 1 family member B1 [Source:HGNC Symbol;Acc:HGNC:407]	no	Not_regulated_by_YAP	NA
ENSG00000137135	1	shYT_up	ARHGEF39	4.07	9	35675866	Rho guanine nucleotide exchange factor 39 [Source:HGNC Symbol;Acc:HGNC:25909]	no	YAP_regulated	NA
ENSG00000137154	1	shYT_up	RPS6	1488.8	9	19380236	ribosomal protein S6 [Source:HGNC Symbol;Acc:HGNC:10429]	no	YAP_regulated	NA
ENSG00000137168	1	shYT_up	PPIL1	46.86	6	36858635	peptidylprolyl isomerase like 1 [Source:HGNC Symbol;Acc:HGNC:9260]	no	Not_regulated_by_YAP	NA
ENSG00000137203	1	shYT_up	TFAP2A	1.96	6	10419623	transcription factor AP-2 alpha [Source:HGNC Symbol;Acc:HGNC:11742]	Yes	Not_regulated_by_YAP	AP-2
ENSG00000137266	1	shYT_up	SLC22A23	1.72	6	3444969	solute carrier family 22 member 23 [Source:HGNC Symbol;Acc:HGNC:21106]	no	Not_regulated_by_YAP	NA
ENSG00000137275	1	shYT_up	RIPK1	15.28	6	3063991	receptor interacting serine/threonine kinase 1 [Source:HGNC Symbol;Acc:HGNC:10019]	no	YAP_regulated	NA
ENSG00000137288	1	shYT_up	UQCC2	74.6	6	33698657	ubiquinol-cytochrome c reductase complex assembly factor 2 [Source:HGNC Symbol;Acc:HGNC:21237]	no	Not_regulated_by_YAP	NA
ENSG00000137460	1	shYT_up	FHDC1	0.79	4	152936352	FH2 domain containing 1 [Source:HGNC Symbol;Acc:HGNC:29363]	no	Not_regulated_by_YAP	NA
ENSG00000137486	1	shYT_up	ARRB1	5	11	75276911	arrestin beta 1 [Source:HGNC Symbol;Acc:HGNC:711]	no	Not_regulated_by_YAP	NA
ENSG00000137501	1	shYT_up	SYTL2	12.48	11	85719075	synaptotagmin like 2 [Source:HGNC Symbol;Acc:HGNC:15585]	no	Not_regulated_by_YAP	NA
ENSG00000137720	1	shYT_up	C11orf1	19.07	11	111878935	chromosome 11 open reading frame 1 [Source:HGNC Symbol;Acc:HGNC:1163]	no	YAP_regulated	NA
ENSG00000137745	1	shYT_up	MMP13	2.68	11	102955732	matrix metallopeptidase 13 [Source:HGNC Symbol;Acc:HGNC:7159]	no	Not_regulated_by_YAP	NA
ENSG00000137962	1	shYT_up	ARHGAP29	47.38	1	94154829	Rho GTPase activating protein 29 [Source:HGNC Symbol;Acc:HGNC:30207]	no	YAP_regulated	NA
ENSG00000138032	1	shYT_up	PPM1B	23.91	2	44167969	protein phosphatase, Mg2+/Mn2+ dependent 1B [Source:HGNC Symbol;Acc:HGNC:9276]	no	YAP_regulated	NA
ENSG00000138061	1	shYT_up	CYP1B1	20.81	2	38070697	cytochrome P450 family 1 subfamily B member 1 [Source:HGNC Symbol;Acc:HGNC:2597]	no	YAP_regulated	NA
ENSG00000138166	1	shYT_up	DUSP5	3.74	10	110497907	dual specificity phosphatase 5 [Source:HGNC Symbol;Acc:HGNC:3071]	no	YAP_regulated	NA
ENSG00000138311	1	shYT_up	ZNF365	4.58	10	62375544	zinc finger protein 365 [Source:HGNC Symbol;Acc:HGNC:18194]	Yes	Not_regulated_by_YAP	C2H2 ZF
ENSG00000138448	1	shYT_up	ITGAV	133.85	2	186590056	integrin subunit alpha V [Source:HGNC Symbol;Acc:HGNC:6150]	no	YAP_regulated	NA
ENSG00000138463	1	shYT_up	SLC49A4	8.48	3	122795069	solute carrier family 49 member 4 [Source:HGNC Symbol;Acc:HGNC:16628]	no	YAP_regulated	NA
ENSG00000138646	1	shYT_up	HERC5	1.2	4	88457119	HECT and RLD domain containing E3 ubiquitin protein ligase 5 [Source:HGNC Symbol;Acc:HGNC:24368]	no	Not_regulated_by_YAP	NA
ENSG00000138663	1	shYT_up	COPS4	35.71	4	83035171	COP9 signalosome subunit 4 [Source:HGNC Symbol;Acc:HGNC:16702]	no	YAP_regulated	NA
ENSG00000138678	1	shYT_up	GPAT3	7.52	4	83535914	glycerol-3-phosphate acyltransferase 3 [Source:HGNC Symbol;Acc:HGNC:28157]	no	Not_regulated_by_YAP	NA
ENSG00000138757	1	shYT_up	G3BP2	109.78	4	75673114	G3BP stress granule assembly factor 2 [Source:HGNC Symbol;Acc:HGNC:30291]	no	YAP_regulated	NA
ENSG00000138768	1	shYT_up	USO1	81.46	4	75724593	USO1 vesicle transport factor [Source:HGNC Symbol;Acc:HGNC:30904]	no	YAP_regulated	NA
ENSG00000138777	1	shYT_up	PPA2	57	4	105474062	inorganic pyrophosphatase 2 [Source:HGNC Symbol;Acc:HGNC:28883]	no	YAP_regulated	NA
ENSG00000138780	1	shYT_up	GSTCD	6.09	4	105708778	glutathione S-transferase C-terminal domain containing [Source:HGNC Symbol;Acc:HGNC:25806]	no	Not_regulated_by_YAP	NA
ENSG00000138794	1	shYT_up	CASP6	27.74	4	109703419	caspase 6 [Source:HGNC Symbol;Acc:HGNC:1507]	no	Not_regulated_by_YAP	NA
ENSG00000139178	1	shYT_up	C1RL	5.06	12	7099960	complement C1r subcomponent like [Source:HGNC Symbol;Acc:HGNC:21265]	no	YAP_regulated	NA
ENSG00000139668	1	shYT_up	WDFY2	7	13	51584455	WD repeat and FYVE domain containing 2 [Source:HGNC Symbol;Acc:HGNC:20482]	no	YAP_regulated	NA
ENSG00000139718	1	shYT_up	SETD1B	5.66	12	121804180	SET domain containing 1B, histone lysine methyltransferase [Source:HGNC Symbol;Acc:HGNC:29187]	no	YAP_regulated	NA
ENSG00000139921	1	shYT_up	TMX1	69.23	14	51240162	thioredoxin related transmembrane protein 1 [Source:HGNC Symbol;Acc:HGNC:15487]	no	Not_regulated_by_YAP	NA
ENSG00000139977	1	shYT_up	NAA30	8.98	14	57390544	N-alpha-acetyltransferase 30, NatC catalytic subunit [Source:HGNC Symbol;Acc:HGNC:19844]	no	Not_regulated_by_YAP	NA
ENSG00000140006	1	shYT_up	WDR89	6.21	14	63641861	WD repeat domain 89 [Source:HGNC Symbol;Acc:HGNC:20489]	no	YAP_regulated	NA
ENSG00000140022	1	shYT_up	STON2	0.19	14	81427404	stonin 2 [Source:HGNC Symbol;Acc:HGNC:30652]	no	Not_regulated_by_YAP	NA
ENSG00000140104	1	shYT_up	CLBA1	2.01	14	104985775	clathrin binding box of aftiphilin containing 1 [Source:HGNC Symbol;Acc:HGNC:20126]	no	YAP_regulated	NA
ENSG00000140153	1	shYT_up	WDR20	9.99	14	102139503	WD repeat domain 20 [Source:HGNC Symbol;Acc:HGNC:19667]	no	YAP_regulated	NA
ENSG00000140319	1	shYT_up	SRP14	242.56	15	40039181	signal recognition particle 14 [Source:HGNC Symbol;Acc:HGNC:11299]	no	Not_regulated_by_YAP	NA
ENSG00000140538	1	shYT_up	NTRK3	0.53	15	88256747	neurotrophic receptor tyrosine kinase 3 [Source:HGNC Symbol;Acc:HGNC:8033]	no	Not_regulated_by_YAP	NA
ENSG00000140632	1	shYT_up	GLYR1	54.47	16	4847271	glyoxylate reductase 1 homolog [Source:HGNC Symbol;Acc:HGNC:24434]	Yes	YAP_regulated	AT hook
ENSG00000140836	1	shYT_up	ZFHX3	3.33	16	73891750	zinc finger homeobox 3 [Source:HGNC Symbol;Acc:HGNC:777]	Yes	Not_regulated_by_YAP	C2H2 ZF; Homeodomain
ENSG00000140931	1	shYT_up	CMTM3	43.05	16	66604895	CKLF like MARVEL transmembrane domain containing 3 [Source:HGNC Symbol;Acc:HGNC:19174]	no	Not_regulated_by_YAP	NA
ENSG00000140939	1	shYT_up	NOL3	23.25	16	67170154	nucleolar protein 3 [Source:HGNC Symbol;Acc:HGNC:7869]	no	YAP_regulated	NA
ENSG00000140943	1	shYT_up	MBTPS1	56.18	16	84116835	membrane bound transcription factor peptidase, site 1 [Source:HGNC Symbol;Acc:HGNC:15456]	no	YAP_regulated	NA
ENSG00000140945	1	shYT_up	CDH13	21.16	16	82626969	cadherin 13 [Source:HGNC Symbol;Acc:HGNC:1753]	no	Not_regulated_by_YAP	NA
ENSG00000141002	1	shYT_up	TCF25	94.92	16	89873644	transcription factor 25 [Source:HGNC Symbol;Acc:HGNC:29181]	no	YAP_regulated	NA
ENSG00000141098	1	shYT_up	GFOD2	10.34	16	67719339	glucose-fructose oxidoreductase domain containing 2 [Source:HGNC Symbol;Acc:HGNC:28159]	no	Not_regulated_by_YAP	NA
ENSG00000141456	1	shYT_up	PELP1	18.26	17	4704137	proline, glutamate and leucine rich protein 1 [Source:HGNC Symbol;Acc:HGNC:30134]	no	Not_regulated_by_YAP	NA
ENSG00000141499	1	shYT_up	WRAP53	14.89	17	7686071	WD repeat containing antisense to TP53 [Source:HGNC Symbol;Acc:HGNC:25522]	no	YAP_regulated	NA
ENSG00000142089	1	shYT_up	IFITM3	86.07	11	320860	interferon induced transmembrane protein 3 [Source:HGNC Symbol;Acc:HGNC:5414]	no	Not_regulated_by_YAP	NA
ENSG00000142156	1	shYT_up	COL6A1	10.28	21	45999400	collagen type VI alpha 1 chain [Source:HGNC Symbol;Acc:HGNC:2211]	no	Not_regulated_by_YAP	NA
ENSG00000142173	1	shYT_up	COL6A2	26.35	21	46098112	collagen type VI alpha 2 chain [Source:HGNC Symbol;Acc:HGNC:2212]	no	Not_regulated_by_YAP	NA
ENSG00000142188	1	shYT_up	TMEM50B	23.9	21	33448964	transmembrane protein 50B [Source:HGNC Symbol;Acc:HGNC:1280]	no	YAP_regulated	NA
ENSG00000142208	1	shYT_up	AKT1	60.74	14	104772963	AKT serine/threonine kinase 1 [Source:HGNC Symbol;Acc:HGNC:391]	no	Not_regulated_by_YAP	NA
ENSG00000142227	1	shYT_up	EMP3	128.3	19	48325547	epithelial membrane protein 3 [Source:HGNC Symbol;Acc:HGNC:3335]	no	YAP_regulated	NA
ENSG00000142396	1	shYT_up	ERVK3-1	37.77	19	58305375	endogenous retrovirus group K3 member 1 [Source:HGNC Symbol;Acc:HGNC:30466]	no	Not_regulated_by_YAP	NA
ENSG00000142507	1	shYT_up	PSMB6	185.93	17	4796144	proteasome 20S subunit beta 6 [Source:HGNC Symbol;Acc:HGNC:9543]	no	Not_regulated_by_YAP	NA
ENSG00000142892	1	shYT_up	PIGK	41.8	1	77219429	phosphatidylinositol glycan anchor biosynthesis class K [Source:HGNC Symbol;Acc:HGNC:8965]	no	Not_regulated_by_YAP	NA
ENSG00000143149	1	shYT_up	ALDH9A1	27	1	165698863	aldehyde dehydrogenase 9 family member A1 [Source:HGNC Symbol;Acc:HGNC:412]	no	Not_regulated_by_YAP	NA
ENSG00000143320	1	shYT_up	CRABP2	5.49	1	156705583	cellular retinoic acid binding protein 2 [Source:HGNC Symbol;Acc:HGNC:2339]	no	Not_regulated_by_YAP	NA
ENSG00000143368	1	shYT_up	SF3B4	83.92	1	149927803	splicing factor 3b subunit 4 [Source:HGNC Symbol;Acc:HGNC:10771]	no	Not_regulated_by_YAP	NA
ENSG00000143401	1	shYT_up	ANP32E	105.66	1	150236112	acidic nuclear phosphoprotein 32 family member E [Source:HGNC Symbol;Acc:HGNC:16673]	no	YAP_regulated	NA
ENSG00000143621	1	shYT_up	ILF2	294.92	1	153670993	interleukin enhancer binding factor 2 [Source:HGNC Symbol;Acc:HGNC:6037]	no	YAP_regulated	NA
ENSG00000143878	1	shYT_up	RHOB	9.01	2	20447074	ras homolog family member B [Source:HGNC Symbol;Acc:HGNC:668]	no	YAP_regulated	NA
ENSG00000144559	1	shYT_up	TAMM41	16.79	3	11810059	TAM41 mitochondrial translocator assembly and maintenance homolog [Source:HGNC Symbol;Acc:HGNC:25187]	no	Not_regulated_by_YAP	NA
ENSG00000144566	1	shYT_up	RAB5A	31.12	3	19947379	RAB5A, member RAS oncogene family [Source:HGNC Symbol;Acc:HGNC:9783]	no	Not_regulated_by_YAP	NA
ENSG00000144642	1	shYT_up	RBMS3	4.61	3	29281373	RNA binding motif single stranded interacting protein 3 [Source:HGNC Symbol;Acc:HGNC:13427]	no	Not_regulated_by_YAP	NA
ENSG00000144645	1	shYT_up	OSBPL10	9.24	3	31981302	oxysterol binding protein like 10 [Source:HGNC Symbol;Acc:HGNC:16395]	no	YAP_regulated	NA
ENSG00000144711	1	shYT_up	IQSEC1	4.42	3	12967668	IQ motif and Sec7 domain ArfGEF 1 [Source:HGNC Symbol;Acc:HGNC:29112]	no	YAP_regulated	NA
ENSG00000144724	1	shYT_up	PTPRG	13.28	3	61561569	protein tyrosine phosphatase receptor type G [Source:HGNC Symbol;Acc:HGNC:9671]	no	Not_regulated_by_YAP	NA
ENSG00000144746	1	shYT_up	ARL6IP5	98.05	3	69084937	ADP ribosylation factor like GTPase 6 interacting protein 5 [Source:HGNC Symbol;Acc:HGNC:16937]	no	YAP_regulated	NA
ENSG00000145050	1	shYT_up	MANF	126.21	3	51385291	mesencephalic astrocyte derived neurotrophic factor [Source:HGNC Symbol;Acc:HGNC:15461]	no	YAP_regulated	NA
ENSG00000145332	1	shYT_up	KLHL8	8.21	4	87220618	kelch like family member 8 [Source:HGNC Symbol;Acc:HGNC:18644]	no	YAP_regulated	NA
ENSG00000145388	1	shYT_up	METTL14	9.95	4	118685392	methyltransferase like 14 [Source:HGNC Symbol;Acc:HGNC:29330]	no	Not_regulated_by_YAP	NA
ENSG00000145555	1	shYT_up	MYO10	44.76	5	16936276	myosin X [Source:HGNC Symbol;Acc:HGNC:7593]	no	YAP_regulated	NA
ENSG00000145819	1	shYT_up	ARHGAP26	9.2	5	142907322	Rho GTPase activating protein 26 [Source:HGNC Symbol;Acc:HGNC:17073]	no	YAP_regulated	NA
ENSG00000145860	1	shYT_up	RNF145	51.5	5	159207634	ring finger protein 145 [Source:HGNC Symbol;Acc:HGNC:20853]	no	Not_regulated_by_YAP	NA
ENSG00000145907	1	shYT_up	G3BP1	124.58	5	151771045	G3BP stress granule assembly factor 1 [Source:HGNC Symbol;Acc:HGNC:30292]	no	YAP_regulated	NA
ENSG00000146007	1	shYT_up	ZMAT2	65.78	5	140700447	zinc finger matrin-type 2 [Source:HGNC Symbol;Acc:HGNC:26433]	no	Not_regulated_by_YAP	NA
ENSG00000146038	1	shYT_up	DCDC2	7.6	6	24205303	doublecortin domain containing 2 [Source:HGNC Symbol;Acc:HGNC:18141]	no	YAP_regulated	NA
ENSG00000146054	1	shYT_up	TRIM7	0.97	5	181205196	tripartite motif containing 7 [Source:HGNC Symbol;Acc:HGNC:16278]	no	Not_regulated_by_YAP	NA
ENSG00000146282	1	shYT_up	RARS2	31.61	6	87589987	arginyl-tRNA synthetase 2, mitochondrial [Source:HGNC Symbol;Acc:HGNC:21406]	no	Not_regulated_by_YAP	NA
ENSG00000146411	1	shYT_up	SLC2A12	0.18	6	134052624	solute carrier family 2 member 12 [Source:HGNC Symbol;Acc:HGNC:18067]	no	Not_regulated_by_YAP	NA
ENSG00000146540	1	shYT_up	C7orf50	45.2	7	1138257	chromosome 7 open reading frame 50 [Source:HGNC Symbol;Acc:HGNC:22421]	no	YAP_regulated	NA
ENSG00000146828	1	shYT_up	SLC12A9	20.03	7	100826820	solute carrier family 12 member 9 [Source:HGNC Symbol;Acc:HGNC:17435]	no	YAP_regulated	NA
ENSG00000147065	1	shYT_up	MSN	362.43	X	65588377	moesin [Source:HGNC Symbol;Acc:HGNC:7373]	no	Not_regulated_by_YAP	NA
ENSG00000147100	1	shYT_up	SLC16A2	5.13	X	74421493	solute carrier family 16 member 2 [Source:HGNC Symbol;Acc:HGNC:10923]	no	Not_regulated_by_YAP	NA
ENSG00000147119	1	shYT_up	CHST7	4.37	X	46573765	carbohydrate sulfotransferase 7 [Source:HGNC Symbol;Acc:HGNC:13817]	no	Not_regulated_by_YAP	NA
ENSG00000147130	1	shYT_up	ZMYM3	8.23	X	71254539	zinc finger MYM-type containing 3 [Source:HGNC Symbol;Acc:HGNC:13054]	no	Not_regulated_by_YAP	NA
ENSG00000147140	1	shYT_up	NONO	284.7	X	71283761	non-POU domain containing octamer binding [Source:HGNC Symbol;Acc:HGNC:7871]	no	Not_regulated_by_YAP	NA
ENSG00000147164	1	shYT_up	SNX12	42.96	X	71062931	sorting nexin 12 [Source:HGNC Symbol;Acc:HGNC:14976]	no	Not_regulated_by_YAP	NA
ENSG00000147475	1	shYT_up	ERLIN2	16.26	8	37736601	ER lipid raft associated 2 [Source:HGNC Symbol;Acc:HGNC:1356]	no	Not_regulated_by_YAP	NA
ENSG00000147509	1	shYT_up	RGS20	34.65	8	53851795	regulator of G protein signaling 20 [Source:HGNC Symbol;Acc:HGNC:14600]	no	YAP_regulated	NA
ENSG00000147601	1	shYT_up	TERF1	48.46	8	73008877	telomeric repeat binding factor 1 [Source:HGNC Symbol;Acc:HGNC:11728]	Yes	YAP_regulated	Myb/SANT
ENSG00000147862	1	shYT_up	NFIB	3.52	9	14300231	nuclear factor I B [Source:HGNC Symbol;Acc:HGNC:7785]	Yes	Not_regulated_by_YAP	SMAD
ENSG00000148120	1	shYT_up	AOPEP	53.84	9	94726701	aminopeptidase O (putative) [Source:HGNC Symbol;Acc:HGNC:1361]	no	YAP_regulated	NA
ENSG00000148180	1	shYT_up	GSN	8.96	9	121207794	gelsolin [Source:HGNC Symbol;Acc:HGNC:4620]	no	Not_regulated_by_YAP	NA
ENSG00000148218	1	shYT_up	ALAD	11.07	9	113401284	aminolevulinate dehydratase [Source:HGNC Symbol;Acc:HGNC:395]	no	YAP_regulated	NA
ENSG00000148481	1	shYT_up	MINDY3	18.53	10	15818008	MINDY lysine 48 deubiquitinase 3 [Source:HGNC Symbol;Acc:HGNC:23578]	no	Not_regulated_by_YAP	NA
ENSG00000149084	1	shYT_up	HSD17B12	32.06	11	43680738	hydroxysteroid 17-beta dehydrogenase 12 [Source:HGNC Symbol;Acc:HGNC:18646]	no	Not_regulated_by_YAP	NA
ENSG00000149177	1	shYT_up	PTPRJ	16.71	11	47980559	protein tyrosine phosphatase receptor type J [Source:HGNC Symbol;Acc:HGNC:9673]	no	Not_regulated_by_YAP	NA
ENSG00000149218	1	shYT_up	ENDOD1	7.88	11	95089846	endonuclease domain containing 1 [Source:HGNC Symbol;Acc:HGNC:29129]	no	Not_regulated_by_YAP	NA
ENSG00000149257	1	shYT_up	SERPINH1	62.27	11	75562243	serpin family H member 1 [Source:HGNC Symbol;Acc:HGNC:1546]	no	Not_regulated_by_YAP	NA
ENSG00000150756	1	shYT_up	ATPSCKMT	32.03	5	10249885	ATP synthase c subunit lysine N-methyltransferase [Source:HGNC Symbol;Acc:HGNC:27029]	no	YAP_regulated	NA
ENSG00000150764	1	shYT_up	DIXDC1	8.93	11	111927144	DIX domain containing 1 [Source:HGNC Symbol;Acc:HGNC:23695]	no	YAP_regulated	NA
ENSG00000151136	1	shYT_up	BTBD11	5.37	12	107318434	BTB domain containing 11 [Source:HGNC Symbol;Acc:HGNC:23844]	no	Not_regulated_by_YAP	NA
ENSG00000151247	1	shYT_up	EIF4E	127.3	4	98890898	eukaryotic translation initiation factor 4E [Source:HGNC Symbol;Acc:HGNC:3287]	no	YAP_regulated	NA
ENSG00000151304	1	shYT_up	SRFBP1	12.94	5	121961975	serum response factor binding protein 1 [Source:HGNC Symbol;Acc:HGNC:26333]	no	Not_regulated_by_YAP	NA
ENSG00000151327	1	shYT_up	FAM177A1	38.57	14	35045117	family with sequence similarity 177 member A1 [Source:HGNC Symbol;Acc:HGNC:19829]	no	Not_regulated_by_YAP	NA
ENSG00000151332	1	shYT_up	MBIP	14.67	14	36320637	MAP3K12 binding inhibitory protein 1 [Source:HGNC Symbol;Acc:HGNC:20427]	no	Not_regulated_by_YAP	NA
ENSG00000151364	1	shYT_up	KCTD14	2.95	11	78023276	potassium channel tetramerization domain containing 14 [Source:HGNC Symbol;Acc:HGNC:23295]	no	Not_regulated_by_YAP	NA
ENSG00000151445	1	shYT_up	VIPAS39	8.12	14	77457561	VPS33B interacting protein, apical-basolateral polarity regulator, spe-39 homolog [Source:HGNC Symbol;Acc:HGNC:20347]	no	Not_regulated_by_YAP	NA
ENSG00000151458	1	shYT_up	ANKRD50	6.36	4	124712732	ankyrin repeat domain 50 [Source:HGNC Symbol;Acc:HGNC:29223]	no	YAP_regulated	NA
ENSG00000151612	1	shYT_up	ZNF827	6.5	4	145862006	zinc finger protein 827 [Source:HGNC Symbol;Acc:HGNC:27193]	Yes	Not_regulated_by_YAP	C2H2 ZF
ENSG00000151657	1	shYT_up	KIN	25.05	10	7774878	Kin17 DNA and RNA binding protein [Source:HGNC Symbol;Acc:HGNC:6327]	Yes	YAP_regulated	C2H2 ZF
ENSG00000151917	1	shYT_up	BEND6	6.58	6	56955107	BEN domain containing 6 [Source:HGNC Symbol;Acc:HGNC:20871]	no	YAP_regulated	NA
ENSG00000152056	1	shYT_up	AP1S3	45.68	2	223837602	adaptor related protein complex 1 subunit sigma 3 [Source:HGNC Symbol;Acc:HGNC:18971]	no	YAP_regulated	NA
ENSG00000152377	1	shYT_up	SPOCK1	39.85	5	137499326	SPARC (osteonectin), cwcv and kazal like domains proteoglycan 1 [Source:HGNC Symbol;Acc:HGNC:11251]	no	Not_regulated_by_YAP	NA
ENSG00000152402	1	shYT_up	GUCY1A2	0.51	11	107018476	guanylate cyclase 1 soluble subunit alpha 2 [Source:HGNC Symbol;Acc:HGNC:4684]	no	Not_regulated_by_YAP	NA
ENSG00000152620	1	shYT_up	NADK2	33.27	5	36242279	NAD kinase 2, mitochondrial [Source:HGNC Symbol;Acc:HGNC:26404]	no	YAP_regulated	NA
ENSG00000152661	1	shYT_up	GJA1	21.34	6	121435595	gap junction protein alpha 1 [Source:HGNC Symbol;Acc:HGNC:4274]	no	Not_regulated_by_YAP	NA
ENSG00000152700	1	shYT_up	SAR1B	49.83	5	134632828	secretion associated Ras related GTPase 1B [Source:HGNC Symbol;Acc:HGNC:10535]	no	YAP_regulated	NA
ENSG00000152894	1	shYT_up	PTPRK	30.21	6	128520674	protein tyrosine phosphatase receptor type K [Source:HGNC Symbol;Acc:HGNC:9674]	no	YAP_regulated	NA
ENSG00000153066	1	shYT_up	TXNDC11	40.74	16	11736130	thioredoxin domain containing 11 [Source:HGNC Symbol;Acc:HGNC:28030]	no	YAP_regulated	NA
ENSG00000153147	1	shYT_up	SMARCA5	32.74	4	143543633	SWI/SNF related, matrix associated, actin dependent regulator of chromatin, subfamily a, member 5 [Source:HGNC Symbol;Acc:HGNC:11101]	no	YAP_regulated	NA
ENSG00000153443	1	shYT_up	UBALD1	14.2	16	4614874	UBA like domain containing 1 [Source:HGNC Symbol;Acc:HGNC:29576]	no	YAP_regulated	NA
ENSG00000153560	1	shYT_up	UBP1	46.64	3	33440010	upstream binding protein 1 [Source:HGNC Symbol;Acc:HGNC:12507]	Yes	YAP_regulated	Grainyhead
ENSG00000153714	1	shYT_up	LURAP1L	0.64	9	12775020	leucine rich adaptor protein 1 like [Source:HGNC Symbol;Acc:HGNC:31452]	no	Not_regulated_by_YAP	NA
ENSG00000153774	1	shYT_up	CFDP1	27.88	16	75306545	craniofacial development protein 1 [Source:HGNC Symbol;Acc:HGNC:1873]	no	YAP_regulated	NA
ENSG00000153822	1	shYT_up	KCNJ16	3.36	17	70105000	potassium inwardly rectifying channel subfamily J member 16 [Source:HGNC Symbol;Acc:HGNC:6262]	no	YAP_regulated	NA
ENSG00000153975	1	shYT_up	ZUP1	12.22	6	116646258	zinc finger containing ubiquitin peptidase 1 [Source:HGNC Symbol;Acc:HGNC:21224]	no	Not_regulated_by_YAP	NA
ENSG00000154001	1	shYT_up	PPP2R5E	13.27	14	63543373	protein phosphatase 2 regulatory subunit B'epsilon [Source:HGNC Symbol;Acc:HGNC:9313]	no	YAP_regulated	NA
ENSG00000154065	1	shYT_up	ANKRD29	2.4	18	23662911	ankyrin repeat domain 29 [Source:HGNC Symbol;Acc:HGNC:27110]	no	Not_regulated_by_YAP	NA
ENSG00000154511	1	shYT_up	DIPK1A	5.5	1	92961462	divergent protein kinase domain 1A [Source:HGNC Symbol;Acc:HGNC:32213]	no	YAP_regulated	NA
ENSG00000154642	1	shYT_up	C21orf91	5.14	21	17819356	chromosome 21 open reading frame 91 [Source:HGNC Symbol;Acc:HGNC:16459]	no	YAP_regulated	NA
ENSG00000154721	1	shYT_up	JAM2	0.28	21	25639272	junctional adhesion molecule 2 [Source:HGNC Symbol;Acc:HGNC:14686]	no	Not_regulated_by_YAP	NA
ENSG00000154723	1	shYT_up	ATP5PF	283.8	21	25735027	ATP synthase peripheral stalk subunit F6 [Source:HGNC Symbol;Acc:HGNC:847]	no	YAP_regulated	NA
ENSG00000154845	1	shYT_up	PPP4R1	42.02	18	9614558	protein phosphatase 4 regulatory subunit 1 [Source:HGNC Symbol;Acc:HGNC:9320]	no	YAP_regulated	NA
ENSG00000155090	1	shYT_up	KLF10	43.46	8	102654375	Kruppel like factor 10 [Source:HGNC Symbol;Acc:HGNC:11810]	Yes	YAP_regulated	C2H2 ZF
ENSG00000155463	1	shYT_up	OXA1L	51.1	14	22766675	OXA1L mitochondrial inner membrane protein [Source:HGNC Symbol;Acc:HGNC:8526]	no	Not_regulated_by_YAP	NA
ENSG00000155850	1	shYT_up	SLC26A2	29.6	5	149960758	solute carrier family 26 member 2 [Source:HGNC Symbol;Acc:HGNC:10994]	no	YAP_regulated	NA
ENSG00000155868	1	shYT_up	MED7	8.24	5	157142865	mediator complex subunit 7 [Source:HGNC Symbol;Acc:HGNC:2378]	no	Not_regulated_by_YAP	NA
ENSG00000156103	1	shYT_up	MMP16	0.83	8	88328025	matrix metallopeptidase 16 [Source:HGNC Symbol;Acc:HGNC:7162]	no	Not_regulated_by_YAP	NA
ENSG00000156218	1	shYT_up	ADAMTSL3	1.39	15	83870912	ADAMTS like 3 [Source:HGNC Symbol;Acc:HGNC:14633]	no	Not_regulated_by_YAP	NA
ENSG00000156411	1	shYT_up	ATP5MPL	100.02	14	103921529	ATP synthase membrane subunit 6.8PL [Source:HGNC Symbol;Acc:HGNC:1188]	no	Not_regulated_by_YAP	NA
ENSG00000156463	1	shYT_up	SH3RF2	14.4	5	145936578	SH3 domain containing ring finger 2 [Source:HGNC Symbol;Acc:HGNC:26299]	no	YAP_regulated	NA
ENSG00000156650	1	shYT_up	KAT6B	3.65	10	74975946	lysine acetyltransferase 6B [Source:HGNC Symbol;Acc:HGNC:17582]	no	YAP_regulated	NA
ENSG00000157036	1	shYT_up	EXOG	8.07	3	38496272	exo/endonuclease G [Source:HGNC Symbol;Acc:HGNC:3347]	no	Not_regulated_by_YAP	NA
ENSG00000157216	1	shYT_up	SSBP3	36.58	1	54251860	single stranded DNA binding protein 3 [Source:HGNC Symbol;Acc:HGNC:15674]	no	YAP_regulated	NA
ENSG00000157240	1	shYT_up	FZD1	11.52	7	91264433	frizzled class receptor 1 [Source:HGNC Symbol;Acc:HGNC:4038]	no	YAP_regulated	NA
ENSG00000157350	1	shYT_up	ST3GAL2	21.87	16	70439100	ST3 beta-galactoside alpha-2,3-sialyltransferase 2 [Source:HGNC Symbol;Acc:HGNC:10863]	no	YAP_regulated	NA
ENSG00000158234	1	shYT_up	FAIM	38.32	3	138608606	Fas apoptotic inhibitory molecule [Source:HGNC Symbol;Acc:HGNC:18703]	no	Not_regulated_by_YAP	NA
ENSG00000158301	1	shYT_up	GPRASP2	1.63	X	102712176	G protein-coupled receptor associated sorting protein 2 [Source:HGNC Symbol;Acc:HGNC:25169]	no	Not_regulated_by_YAP	NA
ENSG00000158321	1	shYT_up	AUTS2	0.07	7	69598296	activator of transcription and developmental regulator AUTS2 [Source:HGNC Symbol;Acc:HGNC:14262]	no	Not_regulated_by_YAP	NA
ENSG00000158417	1	shYT_up	EIF5B	70.6	2	99337389	eukaryotic translation initiation factor 5B [Source:HGNC Symbol;Acc:HGNC:30793]	no	YAP_regulated	NA
ENSG00000159140	1	shYT_up	SON	144.8	21	33571735	SON DNA binding protein [Source:HGNC Symbol;Acc:HGNC:11183]	Yes	YAP_regulated	Unknown
ENSG00000159228	1	shYT_up	CBR1	82.7	21	36069941	carbonyl reductase 1 [Source:HGNC Symbol;Acc:HGNC:1548]	no	Not_regulated_by_YAP	NA
ENSG00000159231	1	shYT_up	CBR3	13.45	21	36135079	carbonyl reductase 3 [Source:HGNC Symbol;Acc:HGNC:1549]	no	Not_regulated_by_YAP	NA
ENSG00000159579	1	shYT_up	RSPRY1	20.34	16	57186137	ring finger and SPRY domain containing 1 [Source:HGNC Symbol;Acc:HGNC:29420]	no	YAP_regulated	NA
ENSG00000159884	1	shYT_up	CCDC107	26.34	9	35658304	coiled-coil domain containing 107 [Source:HGNC Symbol;Acc:HGNC:28465]	no	YAP_regulated	NA
ENSG00000160094	1	shYT_up	ZNF362	0.22	1	33270575	zinc finger protein 362 [Source:HGNC Symbol;Acc:HGNC:18079]	Yes	Not_regulated_by_YAP	C2H2 ZF
ENSG00000160211	1	shYT_up	G6PD	59.15	X	154546109	glucose-6-phosphate dehydrogenase [Source:HGNC Symbol;Acc:HGNC:4057]	no	YAP_regulated	NA
ENSG00000160613	1	shYT_up	PCSK7	17.98	11	117232073	proprotein convertase subtilisin/kexin type 7 [Source:HGNC Symbol;Acc:HGNC:8748]	no	Not_regulated_by_YAP	NA
ENSG00000160679	1	shYT_up	CHTOP	59.02	1	153634075	chromatin target of PRMT1 [Source:HGNC Symbol;Acc:HGNC:24511]	no	YAP_regulated	NA
ENSG00000160932	1	shYT_up	LY6E	33.01	8	143018553	lymphocyte antigen 6 family member E [Source:HGNC Symbol;Acc:HGNC:6727]	no	Not_regulated_by_YAP	NA
ENSG00000161048	1	shYT_up	NAPEPLD	6.71	7	103115340	N-acyl phosphatidylethanolamine phospholipase D [Source:HGNC Symbol;Acc:HGNC:21683]	no	YAP_regulated	NA
ENSG00000161638	1	shYT_up	ITGA5	95.83	12	54406116	integrin subunit alpha 5 [Source:HGNC Symbol;Acc:HGNC:6141]	no	Not_regulated_by_YAP	NA
ENSG00000161920	1	shYT_up	MED11	7.39	17	4731428	mediator complex subunit 11 [Source:HGNC Symbol;Acc:HGNC:32687]	no	YAP_regulated	NA
ENSG00000161981	1	shYT_up	SNRNP25	67.46	16	53828	small nuclear ribonucleoprotein U11/U12 subunit 25 [Source:HGNC Symbol;Acc:HGNC:14161]	no	YAP_regulated	NA
ENSG00000162062	1	shYT_up	TEDC2	11.99	16	2460109	tubulin epsilon and delta complex 2 [Source:HGNC Symbol;Acc:HGNC:25849]	no	YAP_regulated	NA
ENSG00000162512	1	shYT_up	SDC3	21.45	1	30878740	syndecan 3 [Source:HGNC Symbol;Acc:HGNC:10660]	no	Not_regulated_by_YAP	NA
ENSG00000162520	1	shYT_up	SYNC	2.18	1	32702770	syncoilin, intermediate filament protein [Source:HGNC Symbol;Acc:HGNC:28897]	no	YAP_regulated	NA
ENSG00000162645	1	shYT_up	GBP2	3.01	1	89113050	guanylate binding protein 2 [Source:HGNC Symbol;Acc:HGNC:4183]	no	Not_regulated_by_YAP	NA
ENSG00000162664	1	shYT_up	ZNF326	22.64	1	89995112	zinc finger protein 326 [Source:HGNC Symbol;Acc:HGNC:14104]	Yes	YAP_regulated	C2H2 ZF
ENSG00000162692	1	shYT_up	VCAM1	33.84	1	100719742	vascular cell adhesion molecule 1 [Source:HGNC Symbol;Acc:HGNC:12663]	no	Not_regulated_by_YAP	NA
ENSG00000162702	1	shYT_up	ZNF281	15.54	1	200410056	zinc finger protein 281 [Source:HGNC Symbol;Acc:HGNC:13075]	Yes	Not_regulated_by_YAP	C2H2 ZF
ENSG00000162704	1	shYT_up	ARPC5	289.82	1	183635783	actin related protein 2/3 complex subunit 5 [Source:HGNC Symbol;Acc:HGNC:708]	no	YAP_regulated	NA
ENSG00000163069	1	shYT_up	SGCB	47.96	4	52038299	sarcoglycan beta [Source:HGNC Symbol;Acc:HGNC:10806]	no	Not_regulated_by_YAP	NA
ENSG00000163110	1	shYT_up	PDLIM5	36.99	4	94451886	PDZ and LIM domain 5 [Source:HGNC Symbol;Acc:HGNC:17468]	no	YAP_regulated	NA
ENSG00000163132	1	shYT_up	MSX1	4.72	4	4859665	msh homeobox 1 [Source:HGNC Symbol;Acc:HGNC:7391]	Yes	Not_regulated_by_YAP	Homeodomain
ENSG00000163191	1	shYT_up	S100A11	1681.3	1	152037004	S100 calcium binding protein A11 [Source:HGNC Symbol;Acc:HGNC:10488]	no	YAP_regulated	NA
ENSG00000163319	1	shYT_up	MRPS18C	45.51	4	83455932	mitochondrial ribosomal protein S18C [Source:HGNC Symbol;Acc:HGNC:16633]	no	YAP_regulated	NA
ENSG00000163322	1	shYT_up	ABRAXAS1	7.44	4	83485100	abraxas 1, BRCA1 A complex subunit [Source:HGNC Symbol;Acc:HGNC:25829]	no	YAP_regulated	NA
ENSG00000163359	1	shYT_up	COL6A3	22.86	2	237330180	collagen type VI alpha 3 chain [Source:HGNC Symbol;Acc:HGNC:2213]	no	Not_regulated_by_YAP	NA
ENSG00000163364	1	shYT_up	LINC01116	46.12	2	176637931	long intergenic non-protein coding RNA 1116 [Source:HGNC Symbol;Acc:HGNC:49259]	no	Not_regulated_by_YAP	NA
ENSG00000163453	1	shYT_up	IGFBP7	150.81	4	57065603	insulin like growth factor binding protein 7 [Source:HGNC Symbol;Acc:HGNC:5476]	no	Not_regulated_by_YAP	NA
ENSG00000163513	1	shYT_up	TGFBR2	20.67	3	30606601	transforming growth factor beta receptor 2 [Source:HGNC Symbol;Acc:HGNC:11773]	no	YAP_regulated	NA
ENSG00000163634	1	shYT_up	THOC7	125.92	3	63863805	THO complex 7 [Source:HGNC Symbol;Acc:HGNC:29874]	no	Not_regulated_by_YAP	NA
ENSG00000163637	1	shYT_up	PRICKLE2	6.32	3	64225466	prickle planar cell polarity protein 2 [Source:HGNC Symbol;Acc:HGNC:20340]	no	Not_regulated_by_YAP	NA
ENSG00000163638	1	shYT_up	ADAMTS9	36.81	3	64687990	ADAM metallopeptidase with thrombospondin type 1 motif 9 [Source:HGNC Symbol;Acc:HGNC:13202]	no	YAP_regulated	NA
ENSG00000163683	1	shYT_up	SMIM14	6.86	4	39638865	small integral membrane protein 14 [Source:HGNC Symbol;Acc:HGNC:27321]	no	YAP_regulated	NA
ENSG00000163702	1	shYT_up	IL17RC	7.39	3	9917125	interleukin 17 receptor C [Source:HGNC Symbol;Acc:HGNC:18358]	no	YAP_regulated	NA
ENSG00000163710	1	shYT_up	PCOLCE2	8.99	3	142829731	procollagen C-endopeptidase enhancer 2 [Source:HGNC Symbol;Acc:HGNC:8739]	no	Not_regulated_by_YAP	NA
ENSG00000163739	1	shYT_up	CXCL1	18.74	4	73869393	C-X-C motif chemokine ligand 1 [Source:HGNC Symbol;Acc:HGNC:4602]	no	Not_regulated_by_YAP	NA
ENSG00000163762	1	shYT_up	TM4SF18	53.21	3	149333636	transmembrane 4 L six family member 18 [Source:HGNC Symbol;Acc:HGNC:25181]	no	Not_regulated_by_YAP	NA
ENSG00000163788	1	shYT_up	SNRK	6.01	3	43286512	SNF related kinase [Source:HGNC Symbol;Acc:HGNC:30598]	no	Not_regulated_by_YAP	NA
ENSG00000163832	1	shYT_up	ELP6	27.91	3	47511378	elongator acetyltransferase complex subunit 6 [Source:HGNC Symbol;Acc:HGNC:25976]	no	YAP_regulated	NA
ENSG00000163877	1	shYT_up	SNIP1	9.94	1	37554293	Smad nuclear interacting protein 1 [Source:HGNC Symbol;Acc:HGNC:30587]	no	Not_regulated_by_YAP	NA
ENSG00000163932	1	shYT_up	PRKCD	22.94	3	53156009	protein kinase C delta [Source:HGNC Symbol;Acc:HGNC:9399]	no	YAP_regulated	NA
ENSG00000163933	1	shYT_up	RFT1	35.04	3	53130435	RFT1 homolog [Source:HGNC Symbol;Acc:HGNC:30220]	no	Not_regulated_by_YAP	NA
ENSG00000163939	1	shYT_up	PBRM1	17.35	3	52685882	polybromo 1 [Source:HGNC Symbol;Acc:HGNC:30064]	no	YAP_regulated	NA
ENSG00000163975	1	shYT_up	MELTF	12.21	3	197029791	melanotransferrin [Source:HGNC Symbol;Acc:HGNC:7037]	no	YAP_regulated	NA
ENSG00000164032	1	shYT_up	H2AZ1	1017.9	4	99950355	H2A.Z variant histone 1 [Source:HGNC Symbol;Acc:HGNC:4741]	no	Not_regulated_by_YAP	NA
ENSG00000164051	1	shYT_up	CCDC51	11.94	3	48440081	coiled-coil domain containing 51 [Source:HGNC Symbol;Acc:HGNC:25714]	no	YAP_regulated	NA
ENSG00000164053	1	shYT_up	ATRIP	5.69	3	48446733	ATR interacting protein [Source:HGNC Symbol;Acc:HGNC:33499]	no	YAP_regulated	NA
ENSG00000164091	1	shYT_up	WDR82	40.98	3	52278649	WD repeat domain 82 [Source:HGNC Symbol;Acc:HGNC:28826]	no	Not_regulated_by_YAP	NA
ENSG00000164093	1	shYT_up	PITX2	4.24	4	110642016	paired like homeodomain 2 [Source:HGNC Symbol;Acc:HGNC:9005]	Yes	Not_regulated_by_YAP	Homeodomain
ENSG00000164096	1	shYT_up	C4orf3	17.6	4	119304445	chromosome 4 open reading frame 3 [Source:HGNC Symbol;Acc:HGNC:19225]	no	Not_regulated_by_YAP	NA
ENSG00000164109	1	shYT_up	MAD2L1	120.73	4	120066848	mitotic arrest deficient 2 like 1 [Source:HGNC Symbol;Acc:HGNC:6763]	no	YAP_regulated	NA
ENSG00000164136	1	shYT_up	IL15	20.63	4	141721782	interleukin 15 [Source:HGNC Symbol;Acc:HGNC:5977]	no	Not_regulated_by_YAP	NA
ENSG00000164161	1	shYT_up	HHIP	0.13	4	144646156	hedgehog interacting protein [Source:HGNC Symbol;Acc:HGNC:14866]	no	Not_regulated_by_YAP	NA
ENSG00000164294	1	shYT_up	GPX8	55.11	5	55160171	glutathione peroxidase 8 (putative) [Source:HGNC Symbol;Acc:HGNC:33100]	no	Not_regulated_by_YAP	NA
ENSG00000164548	1	shYT_up	TRA2A	60.69	7	23531981	transformer 2 alpha homolog [Source:HGNC Symbol;Acc:HGNC:16645]	no	YAP_regulated	NA
ENSG00000164687	1	shYT_up	FABP5	388.13	8	81280536	fatty acid binding protein 5 [Source:HGNC Symbol;Acc:HGNC:3560]	no	Not_regulated_by_YAP	NA
ENSG00000164733	1	shYT_up	CTSB	128.84	8	11845793	cathepsin B [Source:HGNC Symbol;Acc:HGNC:2527]	no	YAP_regulated	NA
ENSG00000164761	1	shYT_up	TNFRSF11B	2.22	8	118951885	TNF receptor superfamily member 11b [Source:HGNC Symbol;Acc:HGNC:11909]	no	Not_regulated_by_YAP	NA
ENSG00000164902	1	shYT_up	PHAX	51.15	5	126600947	phosphorylated adaptor for RNA export [Source:HGNC Symbol;Acc:HGNC:10241]	no	YAP_regulated	NA
ENSG00000164904	1	shYT_up	ALDH7A1	47.49	5	126595071	aldehyde dehydrogenase 7 family member A1 [Source:HGNC Symbol;Acc:HGNC:877]	no	Not_regulated_by_YAP	NA
ENSG00000164932	1	shYT_up	CTHRC1	22.69	8	103371538	collagen triple helix repeat containing 1 [Source:HGNC Symbol;Acc:HGNC:18831]	no	Not_regulated_by_YAP	NA
ENSG00000165264	1	shYT_up	NDUFB6	62.19	9	32573159	NADH:ubiquinone oxidoreductase subunit B6 [Source:HGNC Symbol;Acc:HGNC:7701]	no	Not_regulated_by_YAP	NA
ENSG00000165355	1	shYT_up	FBXO33	4.22	14	39432500	F-box protein 33 [Source:HGNC Symbol;Acc:HGNC:19833]	no	YAP_regulated	NA
ENSG00000165389	1	shYT_up	SPTSSA	17.98	14	34462240	serine palmitoyltransferase small subunit A [Source:HGNC Symbol;Acc:HGNC:20361]	no	Not_regulated_by_YAP	NA
ENSG00000165410	1	shYT_up	CFL2	41.22	14	34713766	cofilin 2 [Source:HGNC Symbol;Acc:HGNC:1875]	no	Not_regulated_by_YAP	NA
ENSG00000165417	1	shYT_up	GTF2A1	10.84	14	81220959	general transcription factor IIA subunit 1 [Source:HGNC Symbol;Acc:HGNC:4646]	no	YAP_regulated	NA
ENSG00000165474	1	shYT_up	GJB2	36.46	13	20189780	gap junction protein beta 2 [Source:HGNC Symbol;Acc:HGNC:4284]	no	Not_regulated_by_YAP	NA
ENSG00000165490	1	shYT_up	DDIAS	19.87	11	82899975	DNA damage induced apoptosis suppressor [Source:HGNC Symbol;Acc:HGNC:26351]	no	YAP_regulated	NA
ENSG00000165501	1	shYT_up	LRR1	28.95	14	49598761	leucine rich repeat protein 1 [Source:HGNC Symbol;Acc:HGNC:19742]	no	Not_regulated_by_YAP	NA
ENSG00000165502	1	shYT_up	RPL36AL	184.82	14	49620626	ribosomal protein L36a like [Source:HGNC Symbol;Acc:HGNC:10346]	no	Not_regulated_by_YAP	NA
ENSG00000165506	1	shYT_up	DNAAF2	3.28	14	49635230	dynein axonemal assembly factor 2 [Source:HGNC Symbol;Acc:HGNC:20188]	no	YAP_regulated	NA
ENSG00000165512	1	shYT_up	ZNF22	16.71	10	45000923	zinc finger protein 22 [Source:HGNC Symbol;Acc:HGNC:13012]	Yes	Not_regulated_by_YAP	C2H2 ZF
ENSG00000165525	1	shYT_up	NEMF	19.57	14	49852780	nuclear export mediator factor [Source:HGNC Symbol;Acc:HGNC:10663]	no	Not_regulated_by_YAP	NA
ENSG00000165527	1	shYT_up	ARF6	51.83	14	49893082	ADP ribosylation factor 6 [Source:HGNC Symbol;Acc:HGNC:659]	no	Not_regulated_by_YAP	NA
ENSG00000165533	1	shYT_up	TTC8	9.34	14	88824651	tetratricopeptide repeat domain 8 [Source:HGNC Symbol;Acc:HGNC:20087]	no	Not_regulated_by_YAP	NA
ENSG00000165655	1	shYT_up	ZNF503	3.3	10	75401764	zinc finger protein 503 [Source:HGNC Symbol;Acc:HGNC:23589]	Yes	YAP_regulated	C2H2 ZF
ENSG00000165704	1	shYT_up	HPRT1	96.82	X	134460165	hypoxanthine phosphoribosyltransferase 1 [Source:HGNC Symbol;Acc:HGNC:5157]	no	Not_regulated_by_YAP	NA
ENSG00000165801	1	shYT_up	ARHGEF40	16.58	14	21070304	Rho guanine nucleotide exchange factor 40 [Source:HGNC Symbol;Acc:HGNC:25516]	no	YAP_regulated	NA
ENSG00000165813	1	shYT_up	CCDC186	10.49	10	114174203	coiled-coil domain containing 186 [Source:HGNC Symbol;Acc:HGNC:24349]	no	YAP_regulated	NA
ENSG00000165819	1	shYT_up	METTL3	38.46	14	21511310	methyltransferase like 3 [Source:HGNC Symbol;Acc:HGNC:17563]	no	Not_regulated_by_YAP	NA
ENSG00000165898	1	shYT_up	ISCA2	16.41	14	74493765	iron-sulfur cluster assembly 2 [Source:HGNC Symbol;Acc:HGNC:19857]	no	YAP_regulated	NA
ENSG00000165934	1	shYT_up	CPSF2	17.95	14	92121969	cleavage and polyadenylation specific factor 2 [Source:HGNC Symbol;Acc:HGNC:2325]	no	Not_regulated_by_YAP	NA
ENSG00000166002	1	shYT_up	SMCO4	26.77	11	93499351	single-pass membrane protein with coiled-coil domains 4 [Source:HGNC Symbol;Acc:HGNC:24810]	no	Not_regulated_by_YAP	NA
ENSG00000166004	1	shYT_up	CEP295	6.64	11	93661682	centrosomal protein 295 [Source:HGNC Symbol;Acc:HGNC:29366]	no	Not_regulated_by_YAP	NA
ENSG00000166033	1	shYT_up	HTRA1	46.17	10	122458551	HtrA serine peptidase 1 [Source:HGNC Symbol;Acc:HGNC:9476]	no	Not_regulated_by_YAP	NA
ENSG00000166133	1	shYT_up	RPUSD2	8.6	15	40569299	RNA pseudouridine synthase domain containing 2 [Source:HGNC Symbol;Acc:HGNC:24180]	no	Not_regulated_by_YAP	NA
ENSG00000166136	1	shYT_up	NDUFB8	149.28	10	100526598	NADH:ubiquinone oxidoreductase subunit B8 [Source:HGNC Symbol;Acc:HGNC:7703]	no	Not_regulated_by_YAP	NA
ENSG00000166250	1	shYT_up	CLMP	15.55	11	123195248	CXADR like membrane protein [Source:HGNC Symbol;Acc:HGNC:24039]	no	Not_regulated_by_YAP	NA
ENSG00000166275	1	shYT_up	BORCS7	6.94	10	102854259	BLOC-1 related complex subunit 7 [Source:HGNC Symbol;Acc:HGNC:23516]	no	Not_regulated_by_YAP	NA
ENSG00000166311	1	shYT_up	SMPD1	12.12	11	6393293	sphingomyelin phosphodiesterase 1 [Source:HGNC Symbol;Acc:HGNC:11120]	no	YAP_regulated	NA
ENSG00000166444	1	shYT_up	DENND2B	8.61	11	8719143	DENN domain containing 2B [Source:HGNC Symbol;Acc:HGNC:11350]	no	Not_regulated_by_YAP	NA
ENSG00000166454	1	shYT_up	ATMIN	16.75	16	81037182	ATM interactor [Source:HGNC Symbol;Acc:HGNC:29034]	Yes	Not_regulated_by_YAP	C2H2 ZF
ENSG00000166523	1	shYT_up	CLEC4E	16.33	12	8540905	C-type lectin domain family 4 member E [Source:HGNC Symbol;Acc:HGNC:14555]	no	Not_regulated_by_YAP	NA
ENSG00000166548	1	shYT_up	TK2	5.08	16	66513783	thymidine kinase 2 [Source:HGNC Symbol;Acc:HGNC:11831]	no	YAP_regulated	NA
ENSG00000166710	1	shYT_up	B2M	3016.5	15	44711487	beta-2-microglobulin [Source:HGNC Symbol;Acc:HGNC:914]	no	YAP_regulated	NA
ENSG00000166747	1	shYT_up	AP1G1	36.32	16	71809201	adaptor related protein complex 1 subunit gamma 1 [Source:HGNC Symbol;Acc:HGNC:555]	no	YAP_regulated	NA
ENSG00000166780	1	shYT_up	BMERB1	6.28	16	15434588	bMERB domain containing 1 [Source:HGNC Symbol;Acc:HGNC:19213]	no	Not_regulated_by_YAP	NA
ENSG00000166825	1	shYT_up	ANPEP	12.04	15	89814852	alanyl aminopeptidase, membrane [Source:HGNC Symbol;Acc:HGNC:500]	no	Not_regulated_by_YAP	NA
ENSG00000166845	1	shYT_up	C18orf54	5.95	18	54357917	chromosome 18 open reading frame 54 [Source:HGNC Symbol;Acc:HGNC:13796]	no	Not_regulated_by_YAP	NA
ENSG00000166847	1	shYT_up	DCTN5	35.12	16	23641466	dynactin subunit 5 [Source:HGNC Symbol;Acc:HGNC:24594]	no	Not_regulated_by_YAP	NA
ENSG00000167105	1	shYT_up	TMEM92	9.78	17	50271406	transmembrane protein 92 [Source:HGNC Symbol;Acc:HGNC:26579]	no	Not_regulated_by_YAP	NA
ENSG00000167191	1	shYT_up	GPRC5B	6.23	16	19884848	G protein-coupled receptor class C group 5 member B [Source:HGNC Symbol;Acc:HGNC:13308]	no	Not_regulated_by_YAP	NA
ENSG00000167193	1	shYT_up	CRK	40.51	17	1456223	CRK proto-oncogene, adaptor protein [Source:HGNC Symbol;Acc:HGNC:2362]	no	YAP_regulated	NA
ENSG00000167232	1	shYT_up	ZNF91	7.12	19	23395418	zinc finger protein 91 [Source:HGNC Symbol;Acc:HGNC:13166]	Yes	Not_regulated_by_YAP	C2H2 ZF
ENSG00000167272	1	shYT_up	POP5	51.28	12	120581379	POP5 homolog, ribonuclease P/MRP subunit [Source:HGNC Symbol;Acc:HGNC:17689]	no	Not_regulated_by_YAP	NA
ENSG00000167380	1	shYT_up	ZNF226	7.28	19	44165155	zinc finger protein 226 [Source:HGNC Symbol;Acc:HGNC:13019]	Yes	Not_regulated_by_YAP	C2H2 ZF
ENSG00000167460	1	shYT_up	TPM4	1268.8	19	16067021	tropomyosin 4 [Source:HGNC Symbol;Acc:HGNC:12013]	no	Not_regulated_by_YAP	NA
ENSG00000167552	1	shYT_up	TUBA1A	21.28	12	49189080	tubulin alpha 1a [Source:HGNC Symbol;Acc:HGNC:20766]	no	Not_regulated_by_YAP	NA
ENSG00000167565	1	shYT_up	SERTAD3	12.85	19	40442598	SERTA domain containing 3 [Source:HGNC Symbol;Acc:HGNC:17931]	no	YAP_regulated	NA
ENSG00000167625	1	shYT_up	ZNF526	4.5	19	42220377	zinc finger protein 526 [Source:HGNC Symbol;Acc:HGNC:29415]	Yes	Not_regulated_by_YAP	C2H2 ZF
ENSG00000167642	1	shYT_up	SPINT2	159.5	19	38244035	serine peptidase inhibitor, Kunitz type 2 [Source:HGNC Symbol;Acc:HGNC:11247]	no	YAP_regulated	NA
ENSG00000167644	1	shYT_up	C19orf33	41.21	19	38304251	chromosome 19 open reading frame 33 [Source:HGNC Symbol;Acc:HGNC:16668]	no	YAP_regulated	NA
ENSG00000167693	1	shYT_up	NXN	41.66	17	864111	nucleoredoxin [Source:HGNC Symbol;Acc:HGNC:18008]	no	YAP_regulated	NA
ENSG00000167720	1	shYT_up	SRR	14.93	17	2303954	serine racemase [Source:HGNC Symbol;Acc:HGNC:14398]	no	YAP_regulated	NA
ENSG00000167721	1	shYT_up	TSR1	45.63	17	2336457	TSR1 ribosome maturation factor [Source:HGNC Symbol;Acc:HGNC:25542]	no	Not_regulated_by_YAP	NA
ENSG00000167779	1	shYT_up	IGFBP6	13.01	12	53097436	insulin like growth factor binding protein 6 [Source:HGNC Symbol;Acc:HGNC:5475]	no	YAP_regulated	NA
ENSG00000167930	1	shYT_up	FAM234A	54	16	234829	family with sequence similarity 234 member A [Source:HGNC Symbol;Acc:HGNC:14163]	no	YAP_regulated	NA
ENSG00000167978	1	shYT_up	SRRM2	228.52	16	2752638	serine/arginine repetitive matrix 2 [Source:HGNC Symbol;Acc:HGNC:16639]	no	YAP_regulated	NA
ENSG00000167996	1	shYT_up	FTH1	1328.5	11	61967631	ferritin heavy chain 1 [Source:HGNC Symbol;Acc:HGNC:3976]	no	YAP_regulated	NA
ENSG00000168036	1	shYT_up	CTNNB1	146.55	3	41234154	catenin beta 1 [Source:HGNC Symbol;Acc:HGNC:2514]	no	Not_regulated_by_YAP	NA
ENSG00000168116	1	shYT_up	KIAA1586	5.2	6	57046693	KIAA1586 [Source:HGNC Symbol;Acc:HGNC:21360]	no	Not_regulated_by_YAP	NA
ENSG00000168175	1	shYT_up	MAPK1IP1L	27.98	14	55051647	mitogen-activated protein kinase 1 interacting protein 1 like [Source:HGNC Symbol;Acc:HGNC:19840]	no	YAP_regulated	NA
ENSG00000168268	1	shYT_up	NT5DC2	148.5	3	52527684	5'-nucleotidase domain containing 2 [Source:HGNC Symbol;Acc:HGNC:25717]	no	YAP_regulated	NA
ENSG00000168282	1	shYT_up	MGAT2	22.16	14	49620799	alpha-1,6-mannosyl-glycoprotein 2-beta-N-acetylglucosaminyltransferase [Source:HGNC Symbol;Acc:HGNC:7045]	no	Not_regulated_by_YAP	NA
ENSG00000168291	1	shYT_up	PDHB	55.38	3	58433832	pyruvate dehydrogenase E1 subunit beta [Source:HGNC Symbol;Acc:HGNC:8808]	no	YAP_regulated	NA
ENSG00000168374	1	shYT_up	ARF4	472.39	3	57597508	ADP ribosylation factor 4 [Source:HGNC Symbol;Acc:HGNC:655]	no	YAP_regulated	NA
ENSG00000168394	1	shYT_up	TAP1	47.13	6	32850142	transporter 1, ATP binding cassette subfamily B member [Source:HGNC Symbol;Acc:HGNC:43]	no	YAP_regulated	NA
ENSG00000168438	1	shYT_up	CDC40	13.78	6	110180141	cell division cycle 40 [Source:HGNC Symbol;Acc:HGNC:17350]	no	YAP_regulated	NA
ENSG00000168564	1	shYT_up	CDKN2AIP	5.56	4	183444636	CDKN2A interacting protein [Source:HGNC Symbol;Acc:HGNC:24325]	no	YAP_regulated	NA
ENSG00000168872	1	shYT_up	DDX19A	40.31	16	70346903	DEAD-box helicase 19A [Source:HGNC Symbol;Acc:HGNC:25628]	no	Not_regulated_by_YAP	NA
ENSG00000168874	1	shYT_up	ATOH8	14.03	2	85754647	atonal bHLH transcription factor 8 [Source:HGNC Symbol;Acc:HGNC:24126]	Yes	Not_regulated_by_YAP	bHLH
ENSG00000168894	1	shYT_up	RNF181	142.18	2	85595817	ring finger protein 181 [Source:HGNC Symbol;Acc:HGNC:28037]	no	YAP_regulated	NA
ENSG00000168916	1	shYT_up	ZNF608	29.99	5	124744367	zinc finger protein 608 [Source:HGNC Symbol;Acc:HGNC:29238]	Yes	Not_regulated_by_YAP	C2H2 ZF
ENSG00000168952	1	shYT_up	STXBP6	5.85	14	24819477	syntaxin binding protein 6 [Source:HGNC Symbol;Acc:HGNC:19666]	no	Not_regulated_by_YAP	NA
ENSG00000169122	1	shYT_up	FAM110B	1.37	8	57994509	family with sequence similarity 110 member B [Source:HGNC Symbol;Acc:HGNC:28587]	no	Not_regulated_by_YAP	NA
ENSG00000169184	1	shYT_up	MN1	1.42	22	27796896	MN1 proto-oncogene, transcriptional regulator [Source:HGNC Symbol;Acc:HGNC:7180]	no	Not_regulated_by_YAP	NA
ENSG00000169217	1	shYT_up	CD2BP2	29.29	16	30355308	CD2 cytoplasmic tail binding protein 2 [Source:HGNC Symbol;Acc:HGNC:1656]	no	Not_regulated_by_YAP	NA
ENSG00000169221	1	shYT_up	TBC1D10B	25	16	30359674	TBC1 domain family member 10B [Source:HGNC Symbol;Acc:HGNC:24510]	no	Not_regulated_by_YAP	NA
ENSG00000169255	1	shYT_up	B3GALNT1	18.66	3	161105292	beta-1,3-N-acetylgalactosaminyltransferase 1 (globoside blood group) [Source:HGNC Symbol;Acc:HGNC:918]	no	Not_regulated_by_YAP	NA
ENSG00000169288	1	shYT_up	MRPL1	26.13	4	77883249	mitochondrial ribosomal protein L1 [Source:HGNC Symbol;Acc:HGNC:14275]	no	Not_regulated_by_YAP	NA
ENSG00000169490	1	shYT_up	TM2D2	41.76	8	38996483	TM2 domain containing 2 [Source:HGNC Symbol;Acc:HGNC:24127]	no	YAP_regulated	NA
ENSG00000169604	1	shYT_up	ANTXR1	1.81	2	69013178	ANTXR cell adhesion molecule 1 [Source:HGNC Symbol;Acc:HGNC:21014]	no	Not_regulated_by_YAP	NA
ENSG00000169621	1	shYT_up	APLF	2.94	2	68467585	aprataxin and PNKP like factor [Source:HGNC Symbol;Acc:HGNC:28724]	no	YAP_regulated	NA
ENSG00000169715	1	shYT_up	MT1E	620.08	16	56625475	metallothionein 1E [Source:HGNC Symbol;Acc:HGNC:7397]	no	Not_regulated_by_YAP	NA
ENSG00000169740	1	shYT_up	ZNF32	14.41	10	43646275	zinc finger protein 32 [Source:HGNC Symbol;Acc:HGNC:13095]	Yes	Not_regulated_by_YAP	C2H2 ZF
ENSG00000169756	1	shYT_up	LIMS1	105.78	2	108588311	LIM zinc finger domain containing 1 [Source:HGNC Symbol;Acc:HGNC:6616]	no	YAP_regulated	NA
ENSG00000169855	1	shYT_up	ROBO1	11.79	3	78634580	roundabout guidance receptor 1 [Source:HGNC Symbol;Acc:HGNC:10249]	no	Not_regulated_by_YAP	NA
ENSG00000169902	1	shYT_up	TPST1	41.27	7	66205334	tyrosylprotein sulfotransferase 1 [Source:HGNC Symbol;Acc:HGNC:12020]	no	YAP_regulated	NA
ENSG00000169908	1	shYT_up	TM4SF1	210.5	3	149377649	transmembrane 4 L six family member 1 [Source:HGNC Symbol;Acc:HGNC:11853]	no	YAP_regulated	NA
ENSG00000170099	1	shYT_up	SERPINA6	2.45	14	94323319	serpin family A member 6 [Source:HGNC Symbol;Acc:HGNC:1540]	no	Not_regulated_by_YAP	NA
ENSG00000170175	1	shYT_up	CHRNB1	2.97	17	7445061	cholinergic receptor nicotinic beta 1 subunit [Source:HGNC Symbol;Acc:HGNC:1961]	no	Not_regulated_by_YAP	NA
ENSG00000170290	1	shYT_up	SLN	36.54	11	107719693	sarcolipin [Source:HGNC Symbol;Acc:HGNC:11089]	no	Not_regulated_by_YAP	NA
ENSG00000170315	1	shYT_up	UBB	1330.1	17	16380931	ubiquitin B [Source:HGNC Symbol;Acc:HGNC:12463]	no	Not_regulated_by_YAP	NA
ENSG00000170348	1	shYT_up	TMED10	95.62	14	75176532	transmembrane p24 trafficking protein 10 [Source:HGNC Symbol;Acc:HGNC:16998]	no	Not_regulated_by_YAP	NA
ENSG00000170364	1	shYT_up	SETMAR	13.99	3	4303304	SET domain and mariner transposase fusion gene [Source:HGNC Symbol;Acc:HGNC:10762]	no	Not_regulated_by_YAP	NA
ENSG00000170412	1	shYT_up	GPRC5C	0.2	17	74443085	G protein-coupled receptor class C group 5 member C [Source:HGNC Symbol;Acc:HGNC:13309]	no	Not_regulated_by_YAP	NA
ENSG00000170468	1	shYT_up	RIOX1	1.46	14	73490933	ribosomal oxygenase 1 [Source:HGNC Symbol;Acc:HGNC:20968]	no	Not_regulated_by_YAP	NA
ENSG00000170502	1	shYT_up	NUDT9	32.52	4	87422589	nudix hydrolase 9 [Source:HGNC Symbol;Acc:HGNC:8056]	no	Not_regulated_by_YAP	NA
ENSG00000170522	1	shYT_up	ELOVL6	46.56	4	110198653	ELOVL fatty acid elongase 6 [Source:HGNC Symbol;Acc:HGNC:15829]	no	Not_regulated_by_YAP	NA
ENSG00000170604	1	shYT_up	IRF2BP1	3.07	19	45886141	interferon regulatory factor 2 binding protein 1 [Source:HGNC Symbol;Acc:HGNC:21728]	no	YAP_regulated	NA
ENSG00000170779	1	shYT_up	CDCA4	23.22	14	105021083	cell division cycle associated 4 [Source:HGNC Symbol;Acc:HGNC:14625]	no	YAP_regulated	NA
ENSG00000170860	1	shYT_up	LSM3	16.76	3	14178817	LSM3 homolog, U6 small nuclear RNA and mRNA degradation associated [Source:HGNC Symbol;Acc:HGNC:17874]	no	YAP_regulated	NA
ENSG00000170906	1	shYT_up	NDUFA3	42.15	19	54103114	NADH:ubiquinone oxidoreductase subunit A3 [Source:HGNC Symbol;Acc:HGNC:7686]	no	Not_regulated_by_YAP	NA
ENSG00000170949	1	shYT_up	ZNF160	6.78	19	53085384	zinc finger protein 160 [Source:HGNC Symbol;Acc:HGNC:12948]	Yes	Not_regulated_by_YAP	C2H2 ZF
ENSG00000170955	1	shYT_up	CAVIN3	43.3	11	6320062	caveolae associated protein 3 [Source:HGNC Symbol;Acc:HGNC:9400]	no	YAP_regulated	NA
ENSG00000171033	1	shYT_up	PKIA	14.2	8	78516340	cAMP-dependent protein kinase inhibitor alpha [Source:HGNC Symbol;Acc:HGNC:9017]	no	Not_regulated_by_YAP	NA
ENSG00000171208	1	shYT_up	NETO2	74.04	16	47143945	neuropilin and tolloid like 2 [Source:HGNC Symbol;Acc:HGNC:14644]	no	Not_regulated_by_YAP	NA
ENSG00000171227	1	shYT_up	TMEM37	0.6	2	119429901	transmembrane protein 37 [Source:HGNC Symbol;Acc:HGNC:18216]	no	Not_regulated_by_YAP	NA
ENSG00000171241	1	shYT_up	SHCBP1	56.06	16	46621351	SHC binding and spindle associated 1 [Source:HGNC Symbol;Acc:HGNC:29547]	no	Not_regulated_by_YAP	NA
ENSG00000171303	1	shYT_up	KCNK3	3.92	2	26692722	potassium two pore domain channel subfamily K member 3 [Source:HGNC Symbol;Acc:HGNC:6278]	no	Not_regulated_by_YAP	NA
ENSG00000171345	1	shYT_up	KRT19	162.19	17	41528308	keratin 19 [Source:HGNC Symbol;Acc:HGNC:6436]	no	Not_regulated_by_YAP	NA
ENSG00000171388	1	shYT_up	APLN	2.72	X	129654956	apelin [Source:HGNC Symbol;Acc:HGNC:16665]	no	Not_regulated_by_YAP	NA
ENSG00000171444	1	shYT_up	MCC	3.03	5	113488453	MCC regulator of WNT signaling pathway [Source:HGNC Symbol;Acc:HGNC:6935]	no	YAP_regulated	NA
ENSG00000171466	1	shYT_up	ZNF562	7.37	19	9675048	zinc finger protein 562 [Source:HGNC Symbol;Acc:HGNC:25950]	Yes	Not_regulated_by_YAP	C2H2 ZF
ENSG00000171681	1	shYT_up	ATF7IP	13.28	12	14365677	activating transcription factor 7 interacting protein [Source:HGNC Symbol;Acc:HGNC:20092]	no	YAP_regulated	NA
ENSG00000171889	1	shYT_up	MIR31HG	1.1	9	21559900	MIR31 host gene [Source:HGNC Symbol;Acc:HGNC:37187]	no	Not_regulated_by_YAP	NA
ENSG00000172296	1	shYT_up	SPTLC3	0.8	20	13008979	serine palmitoyltransferase long chain base subunit 3 [Source:HGNC Symbol;Acc:HGNC:16253]	no	Not_regulated_by_YAP	NA
ENSG00000172590	1	shYT_up	MRPL52	124.71	14	22829879	mitochondrial ribosomal protein L52 [Source:HGNC Symbol;Acc:HGNC:16655]	no	Not_regulated_by_YAP	NA
ENSG00000172638	1	shYT_up	EFEMP2	11.88	11	65872740	EGF containing fibulin extracellular matrix protein 2 [Source:HGNC Symbol;Acc:HGNC:3219]	no	Not_regulated_by_YAP	NA
ENSG00000172757	1	shYT_up	CFL1	1747.5	11	65858194	cofilin 1 [Source:HGNC Symbol;Acc:HGNC:1874]	no	YAP_regulated	NA
ENSG00000172785	1	shYT_up	CBWD1	43.6	9	164009	COBW domain containing 1 [Source:HGNC Symbol;Acc:HGNC:17134]	no	Not_regulated_by_YAP	NA
ENSG00000172922	1	shYT_up	RNASEH2C	12.16	11	65720482	ribonuclease H2 subunit C [Source:HGNC Symbol;Acc:HGNC:24116]	no	Not_regulated_by_YAP	NA
ENSG00000173083	1	shYT_up	HPSE	0.68	4	83334848	heparanase [Source:HGNC Symbol;Acc:HGNC:5164]	no	Not_regulated_by_YAP	NA
ENSG00000173085	1	shYT_up	COQ2	12.42	4	83284795	coenzyme Q2, polyprenyltransferase [Source:HGNC Symbol;Acc:HGNC:25223]	no	YAP_regulated	NA
ENSG00000173163	1	shYT_up	COMMD1	27.52	2	61905647	copper metabolism domain containing 1 [Source:HGNC Symbol;Acc:HGNC:23024]	no	Not_regulated_by_YAP	NA
ENSG00000173334	1	shYT_up	TRIB1	7.12	8	125430358	tribbles pseudokinase 1 [Source:HGNC Symbol;Acc:HGNC:16891]	no	YAP_regulated	NA
ENSG00000173418	1	shYT_up	NAA20	91.84	20	20017359	N-alpha-acetyltransferase 20, NatB catalytic subunit [Source:HGNC Symbol;Acc:HGNC:15908]	no	YAP_regulated	NA
ENSG00000173542	1	shYT_up	MOB1B	8.72	4	70902326	MOB kinase activator 1B [Source:HGNC Symbol;Acc:HGNC:29801]	no	YAP_regulated	NA
ENSG00000173559	1	shYT_up	NABP1	28.37	2	191678068	nucleic acid binding protein 1 [Source:HGNC Symbol;Acc:HGNC:26232]	no	YAP_regulated	NA
ENSG00000173852	1	shYT_up	DPY19L1	28.26	7	35038041	dpy-19 like C-mannosyltransferase 1 [Source:HGNC Symbol;Acc:HGNC:22205]	no	YAP_regulated	NA
ENSG00000173905	1	shYT_up	GOLIM4	45.75	3	168095924	golgi integral membrane protein 4 [Source:HGNC Symbol;Acc:HGNC:15448]	no	YAP_regulated	NA
ENSG00000173917	1	shYT_up	HOXB2	9.89	17	48543909	homeobox B2 [Source:HGNC Symbol;Acc:HGNC:5113]	Yes	Not_regulated_by_YAP	Homeodomain
ENSG00000173950	1	shYT_up	XXYLT1	11.69	3	195094209	xyloside xylosyltransferase 1 [Source:HGNC Symbol;Acc:HGNC:26639]	no	YAP_regulated	NA
ENSG00000173992	1	shYT_up	CCS	9.1	11	66593185	copper chaperone for superoxide dismutase [Source:HGNC Symbol;Acc:HGNC:1613]	no	Not_regulated_by_YAP	NA
ENSG00000174109	1	shYT_up	C16orf91	21.41	16	1420747	chromosome 16 open reading frame 91 [Source:HGNC Symbol;Acc:HGNC:27558]	no	Not_regulated_by_YAP	NA
ENSG00000174628	1	shYT_up	IQCK	8.86	16	19716456	IQ motif containing K [Source:HGNC Symbol;Acc:HGNC:28556]	no	Not_regulated_by_YAP	NA
ENSG00000174720	1	shYT_up	LARP7	42.05	4	112644304	La ribonucleoprotein 7, transcriptional regulator [Source:HGNC Symbol;Acc:HGNC:24912]	no	YAP_regulated	NA
ENSG00000175040	1	shYT_up	CHST2	2.01	3	143119771	carbohydrate sulfotransferase 2 [Source:HGNC Symbol;Acc:HGNC:1970]	no	Not_regulated_by_YAP	NA
ENSG00000175105	1	shYT_up	ZNF654	2.74	3	88059255	zinc finger protein 654 [Source:HGNC Symbol;Acc:HGNC:25612]	Yes	YAP_regulated	C2H2 ZF
ENSG00000175130	1	shYT_up	MARCKSL1	25.4	1	32336233	MARCKS like 1 [Source:HGNC Symbol;Acc:HGNC:7142]	no	Not_regulated_by_YAP	NA
ENSG00000175595	1	shYT_up	ERCC4	4.85	16	13920157	ERCC excision repair 4, endonuclease catalytic subunit [Source:HGNC Symbol;Acc:HGNC:3436]	no	YAP_regulated	NA
ENSG00000175745	1	shYT_up	NR2F1	0.28	5	93585024	nuclear receptor subfamily 2 group F member 1 [Source:HGNC Symbol;Acc:HGNC:7975]	Yes	Not_regulated_by_YAP	Nuclear receptor
ENSG00000175906	1	shYT_up	ARL4D	10.63	17	43398993	ADP ribosylation factor like GTPase 4D [Source:HGNC Symbol;Acc:HGNC:656]	no	YAP_regulated	NA
ENSG00000176148	1	shYT_up	TCP11L1	5.87	11	33039417	t-complex 11 like 1 [Source:HGNC Symbol;Acc:HGNC:25655]	no	YAP_regulated	NA
ENSG00000176170	1	shYT_up	SPHK1	90.16	17	76384609	sphingosine kinase 1 [Source:HGNC Symbol;Acc:HGNC:11240]	no	YAP_regulated	NA
ENSG00000176171	1	shYT_up	BNIP3	100.32	10	131982013	BCL2 interacting protein 3 [Source:HGNC Symbol;Acc:HGNC:1084]	no	YAP_regulated	NA
ENSG00000176399	1	shYT_up	DMRTA1	2.61	9	22446824	DMRT like family A1 [Source:HGNC Symbol;Acc:HGNC:13826]	Yes	Not_regulated_by_YAP	DM
ENSG00000176771	1	shYT_up	NCKAP5	0.6	2	132732051	NCK associated protein 5 [Source:HGNC Symbol;Acc:HGNC:29847]	no	Not_regulated_by_YAP	NA
ENSG00000176809	1	shYT_up	LRRC37A3	5.15	17	64919468	leucine rich repeat containing 37 member A3 [Source:HGNC Symbol;Acc:HGNC:32427]	no	Not_regulated_by_YAP	NA
ENSG00000176842	1	shYT_up	IRX5	5.71	16	54932072	iroquois homeobox 5 [Source:HGNC Symbol;Acc:HGNC:14361]	Yes	YAP_regulated	Homeodomain
ENSG00000177058	1	shYT_up	SLC38A9	7.32	5	55693053	solute carrier family 38 member 9 [Source:HGNC Symbol;Acc:HGNC:26907]	no	Not_regulated_by_YAP	NA
ENSG00000177409	1	shYT_up	SAMD9L	4.68	7	93148385	sterile alpha motif domain containing 9 like [Source:HGNC Symbol;Acc:HGNC:1349]	no	Not_regulated_by_YAP	NA
ENSG00000177556	1	shYT_up	ATOX1	90.61	5	151752426	antioxidant 1 copper chaperone [Source:HGNC Symbol;Acc:HGNC:798]	no	YAP_regulated	NA
ENSG00000177646	1	shYT_up	ACAD9	33.65	3	128879596	acyl-CoA dehydrogenase family member 9 [Source:HGNC Symbol;Acc:HGNC:21497]	no	Not_regulated_by_YAP	NA
ENSG00000177706	1	shYT_up	FAM20C	16.79	7	245895	FAM20C golgi associated secretory pathway kinase [Source:HGNC Symbol;Acc:HGNC:22140]	no	Not_regulated_by_YAP	NA
ENSG00000177707	1	shYT_up	NECTIN3	30.62	3	111071816	nectin cell adhesion molecule 3 [Source:HGNC Symbol;Acc:HGNC:17664]	no	YAP_regulated	NA
ENSG00000177951	1	shYT_up	BET1L	33.44	11	207383	Bet1 golgi vesicular membrane trafficking protein like [Source:HGNC Symbol;Acc:HGNC:19348]	no	YAP_regulated	NA
ENSG00000178026	1	shYT_up	LRRC75B	2.23	22	24593073	leucine rich repeat containing 75B [Source:HGNC Symbol;Acc:HGNC:33155]	no	Not_regulated_by_YAP	NA
ENSG00000178057	1	shYT_up	NDUFAF3	55.42	3	49020459	NADH:ubiquinone oxidoreductase complex assembly factor 3 [Source:HGNC Symbol;Acc:HGNC:29918]	no	YAP_regulated	NA
ENSG00000178209	1	shYT_up	PLEC	98.82	8	143976734	plectin [Source:HGNC Symbol;Acc:HGNC:9069]	no	YAP_regulated	NA
ENSG00000178401	1	shYT_up	DNAJC22	21.06	12	49346888	DnaJ heat shock protein family (Hsp40) member C22 [Source:HGNC Symbol;Acc:HGNC:25802]	no	YAP_regulated	NA
ENSG00000178425	1	shYT_up	NT5DC1	17.12	6	116110852	5'-nucleotidase domain containing 1 [Source:HGNC Symbol;Acc:HGNC:21556]	no	YAP_regulated	NA
ENSG00000178860	1	shYT_up	MSC	26.34	8	71843413	musculin [Source:HGNC Symbol;Acc:HGNC:7321]	Yes	YAP_regulated	bHLH
ENSG00000178927	1	shYT_up	CYBC1	42.5	17	82445186	cytochrome b-245 chaperone 1 [Source:HGNC Symbol;Acc:HGNC:28672]	no	Not_regulated_by_YAP	NA
ENSG00000178982	1	shYT_up	EIF3K	204.69	19	38619196	eukaryotic translation initiation factor 3 subunit K [Source:HGNC Symbol;Acc:HGNC:24656]	no	Not_regulated_by_YAP	NA
ENSG00000179021	1	shYT_up	C3orf38	9.14	3	88149959	chromosome 3 open reading frame 38 [Source:HGNC Symbol;Acc:HGNC:28384]	no	Not_regulated_by_YAP	NA
ENSG00000179163	1	shYT_up	FUCA1	18.9	1	23868294	alpha-L-fucosidase 1 [Source:HGNC Symbol;Acc:HGNC:4006]	no	YAP_regulated	NA
ENSG00000179218	1	shYT_up	CALR	1038.5	19	12938614	calreticulin [Source:HGNC Symbol;Acc:HGNC:1455]	no	YAP_regulated	NA
ENSG00000179222	1	shYT_up	MAGED1	179.58	X	51803007	MAGE family member D1 [Source:HGNC Symbol;Acc:HGNC:6813]	no	Not_regulated_by_YAP	NA
ENSG00000179403	1	shYT_up	VWA1	0.24	1	1434861	von Willebrand factor A domain containing 1 [Source:HGNC Symbol;Acc:HGNC:30910]	no	Not_regulated_by_YAP	NA
ENSG00000179542	1	shYT_up	SLITRK4	0.32	X	143635204	SLIT and NTRK like family member 4 [Source:HGNC Symbol;Acc:HGNC:23502]	no	Not_regulated_by_YAP	NA
ENSG00000179933	1	shYT_up	C14orf119	31.52	14	23095505	chromosome 14 open reading frame 119 [Source:HGNC Symbol;Acc:HGNC:20270]	no	YAP_regulated	NA
ENSG00000180035	1	shYT_up	ZNF48	2.17	16	30378312	zinc finger protein 48 [Source:HGNC Symbol;Acc:HGNC:13114]	Yes	YAP_regulated	C2H2 ZF
ENSG00000180573	1	shYT_up	H2AC6	1.53	6	26124145	H2A clustered histone 6 [Source:HGNC Symbol;Acc:HGNC:4733]	no	Not_regulated_by_YAP	NA
ENSG00000180769	1	shYT_up	WDFY3-AS2	0.55	4	84965534	WDFY3 antisense RNA 2 [Source:HGNC Symbol;Acc:HGNC:21603]	no	Not_regulated_by_YAP	NA
ENSG00000181004	1	shYT_up	BBS12	1.49	4	122732704	Bardet-Biedl syndrome 12 [Source:HGNC Symbol;Acc:HGNC:26648]	no	Not_regulated_by_YAP	NA
ENSG00000181019	1	shYT_up	NQO1	233.52	16	69726506	NAD(P)H quinone dehydrogenase 1 [Source:HGNC Symbol;Acc:HGNC:2874]	no	YAP_regulated	NA
ENSG00000181031	1	shYT_up	RPH3AL	7.61	17	341423	rabphilin 3A like (without C2 domains) [Source:HGNC Symbol;Acc:HGNC:10296]	no	YAP_regulated	NA
ENSG00000181191	1	shYT_up	PJA1	17.46	X	69163545	praja ring finger ubiquitin ligase 1 [Source:HGNC Symbol;Acc:HGNC:16648]	no	Not_regulated_by_YAP	NA
ENSG00000181222	1	shYT_up	POLR2A	72.41	17	7498826	RNA polymerase II subunit A [Source:HGNC Symbol;Acc:HGNC:9187]	no	YAP_regulated	NA
ENSG00000181284	1	shYT_up	TMEM102	3.41	17	7435435	transmembrane protein 102 [Source:HGNC Symbol;Acc:HGNC:26722]	no	Not_regulated_by_YAP	NA
ENSG00000181381	1	shYT_up	DDX60L	14.59	4	168480514	DExD/H-box 60 like [Source:HGNC Symbol;Acc:HGNC:26429]	no	Not_regulated_by_YAP	NA
ENSG00000181704	1	shYT_up	YIPF6	28.24	X	68499051	Yip1 domain family member 6 [Source:HGNC Symbol;Acc:HGNC:28304]	no	Not_regulated_by_YAP	NA
ENSG00000181938	1	shYT_up	GINS3	15.41	16	58295397	GINS complex subunit 3 [Source:HGNC Symbol;Acc:HGNC:25851]	no	Not_regulated_by_YAP	NA
ENSG00000182022	1	shYT_up	CHST15	29.92	10	124092454	carbohydrate sulfotransferase 15 [Source:HGNC Symbol;Acc:HGNC:18137]	no	Not_regulated_by_YAP	NA
ENSG00000182149	1	shYT_up	IST1	128.35	16	71845996	IST1 factor associated with ESCRT-III [Source:HGNC Symbol;Acc:HGNC:28977]	no	YAP_regulated	NA
ENSG00000182253	1	shYT_up	SYNM	9.13	15	99098217	synemin [Source:HGNC Symbol;Acc:HGNC:24466]	no	Not_regulated_by_YAP	NA
ENSG00000182551	1	shYT_up	ADI1	40.48	2	3519531	acireductone dioxygenase 1 [Source:HGNC Symbol;Acc:HGNC:30576]	no	YAP_regulated	NA
ENSG00000182718	1	shYT_up	ANXA2	2249.4	15	60397986	annexin A2 [Source:HGNC Symbol;Acc:HGNC:537]	no	YAP_regulated	NA
ENSG00000182809	1	shYT_up	CRIP2	62.04	14	105472962	cysteine rich protein 2 [Source:HGNC Symbol;Acc:HGNC:2361]	no	Not_regulated_by_YAP	NA
ENSG00000182986	1	shYT_up	ZNF320	11.21	19	52874237	zinc finger protein 320 [Source:HGNC Symbol;Acc:HGNC:13842]	Yes	Not_regulated_by_YAP	C2H2 ZF
ENSG00000183011	1	shYT_up	NAA38	60.86	17	7857854	N-alpha-acetyltransferase 38, NatC auxiliary subunit [Source:HGNC Symbol;Acc:HGNC:28212]	no	YAP_regulated	NA
ENSG00000183576	1	shYT_up	SETD3	40.54	14	99480837	SET domain containing 3, actin histidine methyltransferase [Source:HGNC Symbol;Acc:HGNC:20493]	no	YAP_regulated	NA
ENSG00000183741	1	shYT_up	CBX6	10.22	22	38872216	chromobox 6 [Source:HGNC Symbol;Acc:HGNC:1556]	no	Not_regulated_by_YAP	NA
ENSG00000184164	1	shYT_up	CRELD2	27.66	22	49918167	cysteine rich with EGF like domains 2 [Source:HGNC Symbol;Acc:HGNC:28150]	no	YAP_regulated	NA
ENSG00000184207	1	shYT_up	PGP	13.83	16	2214840	phosphoglycolate phosphatase [Source:HGNC Symbol;Acc:HGNC:8909]	no	YAP_regulated	NA
ENSG00000184304	1	shYT_up	PRKD1	2.91	14	29597668	protein kinase D1 [Source:HGNC Symbol;Acc:HGNC:9407]	no	Not_regulated_by_YAP	NA
ENSG00000184517	1	shYT_up	ZFP1	6.45	16	75148494	ZFP1 zinc finger protein [Source:HGNC Symbol;Acc:HGNC:23328]	Yes	YAP_regulated	C2H2 ZF
ENSG00000184602	1	shYT_up	SNN	6.54	16	11668455	stannin [Source:HGNC Symbol;Acc:HGNC:11149]	no	Not_regulated_by_YAP	NA
ENSG00000184635	1	shYT_up	ZNF93	12.82	19	19900913	zinc finger protein 93 [Source:HGNC Symbol;Acc:HGNC:13169]	Yes	Not_regulated_by_YAP	C2H2 ZF
ENSG00000184752	1	shYT_up	NDUFA12	98.42	12	95003660	NADH:ubiquinone oxidoreductase subunit A12 [Source:HGNC Symbol;Acc:HGNC:23987]	no	Not_regulated_by_YAP	NA
ENSG00000184887	1	shYT_up	BTBD6	11.58	14	105248574	BTB domain containing 6 [Source:HGNC Symbol;Acc:HGNC:19897]	no	Not_regulated_by_YAP	NA
ENSG00000184900	1	shYT_up	SUMO3	95.61	21	44818051	small ubiquitin like modifier 3 [Source:HGNC Symbol;Acc:HGNC:11124]	no	YAP_regulated	NA
ENSG00000184983	1	shYT_up	NDUFA6	70.5	22	42090772	NADH:ubiquinone oxidoreductase subunit A6 [Source:HGNC Symbol;Acc:HGNC:7690]	no	YAP_regulated	NA
ENSG00000184990	1	shYT_up	SIVA1	78.45	14	104753718	SIVA1 apoptosis inducing factor [Source:HGNC Symbol;Acc:HGNC:17712]	no	YAP_regulated	NA
ENSG00000185219	1	shYT_up	ZNF445	3.12	3	44458264	zinc finger protein 445 [Source:HGNC Symbol;Acc:HGNC:21018]	Yes	Not_regulated_by_YAP	C2H2 ZF
ENSG00000185347	1	shYT_up	TEDC1	16.17	14	105490183	tubulin epsilon and delta complex 1 [Source:HGNC Symbol;Acc:HGNC:20127]	no	YAP_regulated	NA
ENSG00000185404	1	shYT_up	SP140L	13.72	2	230391715	SP140 nuclear body protein like [Source:HGNC Symbol;Acc:HGNC:25105]	Yes	Not_regulated_by_YAP	SAND
ENSG00000185483	1	shYT_up	ROR1	15.87	1	63774022	receptor tyrosine kinase like orphan receptor 1 [Source:HGNC Symbol;Acc:HGNC:10256]	no	YAP_regulated	NA
ENSG00000185499	1	shYT_up	MUC1	0.83	1	155192909	mucin 1, cell surface associated [Source:HGNC Symbol;Acc:HGNC:7508]	no	Not_regulated_by_YAP	NA
ENSG00000185567	1	shYT_up	AHNAK2	11.95	14	104970481	AHNAK nucleoprotein 2 [Source:HGNC Symbol;Acc:HGNC:20125]	no	YAP_regulated	NA
ENSG00000185585	1	shYT_up	OLFML2A	1.17	9	124777158	olfactomedin like 2A [Source:HGNC Symbol;Acc:HGNC:27270]	no	Not_regulated_by_YAP	NA
ENSG00000185608	1	shYT_up	MRPL40	35.83	22	19431902	mitochondrial ribosomal protein L40 [Source:HGNC Symbol;Acc:HGNC:14491]	no	YAP_regulated	NA
ENSG00000185947	1	shYT_up	ZNF267	16.43	16	31873833	zinc finger protein 267 [Source:HGNC Symbol;Acc:HGNC:13060]	Yes	Not_regulated_by_YAP	C2H2 ZF
ENSG00000186010	1	shYT_up	NDUFA13	97.2	19	19516230	NADH:ubiquinone oxidoreductase subunit A13 [Source:HGNC Symbol;Acc:HGNC:17194]	no	Not_regulated_by_YAP	NA
ENSG00000186260	1	shYT_up	MRTFB	8.8	16	14200330	myocardin related transcription factor B [Source:HGNC Symbol;Acc:HGNC:29819]	no	Not_regulated_by_YAP	NA
ENSG00000186469	1	shYT_up	GNG2	0.69	14	51826195	G protein subunit gamma 2 [Source:HGNC Symbol;Acc:HGNC:4404]	no	Not_regulated_by_YAP	NA
ENSG00000186470	1	shYT_up	BTN3A2	23.81	6	26365204	butyrophilin subfamily 3 member A2 [Source:HGNC Symbol;Acc:HGNC:1139]	no	Not_regulated_by_YAP	NA
ENSG00000186871	1	shYT_up	ERCC6L	11.59	X	72239027	ERCC excision repair 6 like, spindle assembly checkpoint helicase [Source:HGNC Symbol;Acc:HGNC:20794]	no	Not_regulated_by_YAP	NA
ENSG00000186897	1	shYT_up	C1QL4	4.22	12	49337188	complement C1q like 4 [Source:HGNC Symbol;Acc:HGNC:31416]	no	Not_regulated_by_YAP	NA
ENSG00000187193	1	shYT_up	MT1X	156.66	16	56682470	metallothionein 1X [Source:HGNC Symbol;Acc:HGNC:7405]	no	Not_regulated_by_YAP	NA
ENSG00000187210	1	shYT_up	GCNT1	23.98	9	76419850	glucosaminyl (N-acetyl) transferase 1 [Source:HGNC Symbol;Acc:HGNC:4203]	no	YAP_regulated	NA
ENSG00000187514	1	shYT_up	PTMA	1222.5	2	231706895	prothymosin alpha [Source:HGNC Symbol;Acc:HGNC:9623]	no	YAP_regulated	NA
ENSG00000187583	1	shYT_up	PLEKHN1	4.67	1	966482	pleckstrin homology domain containing N1 [Source:HGNC Symbol;Acc:HGNC:25284]	no	Not_regulated_by_YAP	NA
ENSG00000187624	1	shYT_up	C17orf97	2.64	17	410337	chromosome 17 open reading frame 97 [Source:HGNC Symbol;Acc:HGNC:33800]	no	YAP_regulated	NA
ENSG00000187630	1	shYT_up	DHRS4L2	6.27	14	23990182	dehydrogenase/reductase 4 like 2 [Source:HGNC Symbol;Acc:HGNC:19731]	no	Not_regulated_by_YAP	NA
ENSG00000187720	1	shYT_up	THSD4	0.67	15	71096952	thrombospondin type 1 domain containing 4 [Source:HGNC Symbol;Acc:HGNC:25835]	no	Not_regulated_by_YAP	NA
ENSG00000188483	1	shYT_up	IER5L	4.58	9	129178261	immediate early response 5 like [Source:HGNC Symbol;Acc:HGNC:23679]	no	YAP_regulated	NA
ENSG00000188761	1	shYT_up	BCL2L15	11.58	1	113887581	BCL2 like 15 [Source:HGNC Symbol;Acc:HGNC:33624]	no	Not_regulated_by_YAP	NA
ENSG00000189057	1	shYT_up	FAM111B	14.89	11	59109534	family with sequence similarity 111 member B [Source:HGNC Symbol;Acc:HGNC:24200]	no	Not_regulated_by_YAP	NA
ENSG00000189091	1	shYT_up	SF3B3	85.82	16	70561349	splicing factor 3b subunit 3 [Source:HGNC Symbol;Acc:HGNC:10770]	no	Not_regulated_by_YAP	NA
ENSG00000189171	1	shYT_up	S100A13	181.81	1	153627268	S100 calcium binding protein A13 [Source:HGNC Symbol;Acc:HGNC:10490]	no	YAP_regulated	NA
ENSG00000196139	1	shYT_up	AKR1C3	3.34	10	5035357	aldo-keto reductase family 1 member C3 [Source:HGNC Symbol;Acc:HGNC:386]	no	Not_regulated_by_YAP	NA
ENSG00000196150	1	shYT_up	ZNF250	12.96	8	144901479	zinc finger protein 250 [Source:HGNC Symbol;Acc:HGNC:13044]	Yes	YAP_regulated	C2H2 ZF
ENSG00000196155	1	shYT_up	PLEKHG4	24.28	16	67277510	pleckstrin homology and RhoGEF domain containing G4 [Source:HGNC Symbol;Acc:HGNC:24501]	no	YAP_regulated	NA
ENSG00000196230	1	shYT_up	TUBB	1281.1	6	30721667	tubulin beta class I [Source:HGNC Symbol;Acc:HGNC:20778]	no	YAP_regulated	NA
ENSG00000196405	1	shYT_up	EVL	16.28	14	100065445	Enah/Vasp-like [Source:HGNC Symbol;Acc:HGNC:20234]	no	Not_regulated_by_YAP	NA
ENSG00000196455	1	shYT_up	PIK3R4	27.08	3	130746829	phosphoinositide-3-kinase regulatory subunit 4 [Source:HGNC Symbol;Acc:HGNC:8982]	no	Not_regulated_by_YAP	NA
ENSG00000196465	1	shYT_up	MYL6B	51.8	12	56152607	myosin light chain 6B [Source:HGNC Symbol;Acc:HGNC:29823]	no	Not_regulated_by_YAP	NA
ENSG00000196497	1	shYT_up	IPO4	26.41	14	24188822	importin 4 [Source:HGNC Symbol;Acc:HGNC:19426]	no	Not_regulated_by_YAP	NA
ENSG00000196591	1	shYT_up	HDAC2	144.87	6	113971148	histone deacetylase 2 [Source:HGNC Symbol;Acc:HGNC:4853]	no	YAP_regulated	NA
ENSG00000196705	1	shYT_up	ZNF431	6.13	19	21142024	zinc finger protein 431 [Source:HGNC Symbol;Acc:HGNC:20809]	Yes	Not_regulated_by_YAP	C2H2 ZF
ENSG00000196792	1	shYT_up	STRN3	7.62	14	31026401	striatin 3 [Source:HGNC Symbol;Acc:HGNC:15720]	no	YAP_regulated	NA
ENSG00000196923	1	shYT_up	PDLIM7	120.43	5	177497561	PDZ and LIM domain 7 [Source:HGNC Symbol;Acc:HGNC:22958]	no	YAP_regulated	NA
ENSG00000196935	1	shYT_up	SRGAP1	9.14	12	64127637	SLIT-ROBO Rho GTPase activating protein 1 [Source:HGNC Symbol;Acc:HGNC:17382]	no	YAP_regulated	NA
ENSG00000196976	1	shYT_up	LAGE3	8.83	X	154479257	L antigen family member 3 [Source:HGNC Symbol;Acc:HGNC:26058]	no	Not_regulated_by_YAP	NA
ENSG00000197043	1	shYT_up	ANXA6	168.71	5	151133323	annexin A6 [Source:HGNC Symbol;Acc:HGNC:544]	no	Not_regulated_by_YAP	NA
ENSG00000197045	1	shYT_up	GMFB	38.07	14	54489025	glia maturation factor beta [Source:HGNC Symbol;Acc:HGNC:4373]	no	Not_regulated_by_YAP	NA
ENSG00000197256	1	shYT_up	KANK2	28.24	19	11197183	KN motif and ankyrin repeat domains 2 [Source:HGNC Symbol;Acc:HGNC:29300]	no	YAP_regulated	NA
ENSG00000197324	1	shYT_up	LRP10	39.48	14	22871740	LDL receptor related protein 10 [Source:HGNC Symbol;Acc:HGNC:14553]	no	YAP_regulated	NA
ENSG00000197555	1	shYT_up	SIPA1L1	7.44	14	71685362	signal induced proliferation associated 1 like 1 [Source:HGNC Symbol;Acc:HGNC:20284]	no	Not_regulated_by_YAP	NA
ENSG00000197579	1	shYT_up	TOPORS	9.23	9	32552553	TOP1 binding arginine/serine rich protein [Source:HGNC Symbol;Acc:HGNC:21653]	Yes	Not_regulated_by_YAP	Unknown
ENSG00000197594	1	shYT_up	ENPP1	8.36	6	131808016	ectonucleotide pyrophosphatase/phosphodiesterase 1 [Source:HGNC Symbol;Acc:HGNC:3356]	no	Not_regulated_by_YAP	NA
ENSG00000197705	1	shYT_up	KLHL14	0.28	18	32773023	kelch like family member 14 [Source:HGNC Symbol;Acc:HGNC:29266]	no	Not_regulated_by_YAP	NA
ENSG00000197712	1	shYT_up	FAM114A1	97.85	4	38867806	family with sequence similarity 114 member A1 [Source:HGNC Symbol;Acc:HGNC:25087]	no	YAP_regulated	NA
ENSG00000197808	1	shYT_up	ZNF461	2.92	19	36643607	zinc finger protein 461 [Source:HGNC Symbol;Acc:HGNC:21629]	Yes	Not_regulated_by_YAP	C2H2 ZF
ENSG00000197841	1	shYT_up	ZNF181	2.78	19	34734243	zinc finger protein 181 [Source:HGNC Symbol;Acc:HGNC:12971]	Yes	Not_regulated_by_YAP	C2H2 ZF
ENSG00000197937	1	shYT_up	ZNF347	5.1	19	53159053	zinc finger protein 347 [Source:HGNC Symbol;Acc:HGNC:16447]	Yes	Not_regulated_by_YAP	C2H2 ZF
ENSG00000197956	1	shYT_up	S100A6	1277.2	1	153536215	S100 calcium binding protein A6 [Source:HGNC Symbol;Acc:HGNC:10496]	no	YAP_regulated	NA
ENSG00000198034	1	shYT_up	RPS4X	988.01	X	72273371	ribosomal protein S4 X-linked [Source:HGNC Symbol;Acc:HGNC:10424]	no	Not_regulated_by_YAP	NA
ENSG00000198053	1	shYT_up	SIRPA	71.86	20	1894167	signal regulatory protein alpha [Source:HGNC Symbol;Acc:HGNC:9662]	no	Not_regulated_by_YAP	NA
ENSG00000198074	1	shYT_up	AKR1B10	4.08	7	134527567	aldo-keto reductase family 1 member B10 [Source:HGNC Symbol;Acc:HGNC:382]	no	Not_regulated_by_YAP	NA
ENSG00000198108	1	shYT_up	CHSY3	0.35	5	129904465	chondroitin sulfate synthase 3 [Source:HGNC Symbol;Acc:HGNC:24293]	no	Not_regulated_by_YAP	NA
ENSG00000198121	1	shYT_up	LPAR1	19.06	9	111038085	lysophosphatidic acid receptor 1 [Source:HGNC Symbol;Acc:HGNC:3166]	no	Not_regulated_by_YAP	NA
ENSG00000198171	1	shYT_up	DDRGK1	22.62	20	3204685	DDRGK domain containing 1 [Source:HGNC Symbol;Acc:HGNC:16110]	no	Not_regulated_by_YAP	NA
ENSG00000198252	1	shYT_up	STYX	5.77	14	52731594	serine/threonine/tyrosine interacting protein [Source:HGNC Symbol;Acc:HGNC:11447]	no	YAP_regulated	NA
ENSG00000198420	1	shYT_up	TCAF1	49.19	7	143902176	TRPM8 channel associated factor 1 [Source:HGNC Symbol;Acc:HGNC:22201]	no	YAP_regulated	NA
ENSG00000198464	1	shYT_up	ZNF480	7.1	19	52297179	zinc finger protein 480 [Source:HGNC Symbol;Acc:HGNC:23305]	Yes	Not_regulated_by_YAP	C2H2 ZF
ENSG00000198467	1	shYT_up	TPM2	3.67	9	35689913	tropomyosin 2 [Source:HGNC Symbol;Acc:HGNC:12011]	no	Not_regulated_by_YAP	NA
ENSG00000198585	1	shYT_up	NUDT16	8.58	3	131381774	nudix hydrolase 16 [Source:HGNC Symbol;Acc:HGNC:26442]	no	Not_regulated_by_YAP	NA
ENSG00000198604	1	shYT_up	BAZ1A	27.45	14	34862107	bromodomain adjacent to zinc finger domain 1A [Source:HGNC Symbol;Acc:HGNC:960]	no	Not_regulated_by_YAP	NA
ENSG00000198668	1	shYT_up	CALM1	405.69	14	90397040	calmodulin 1 [Source:HGNC Symbol;Acc:HGNC:1442]	no	Not_regulated_by_YAP	NA
ENSG00000198680	1	shYT_up	TUSC1	9.54	9	25678440	tumor suppressor candidate 1 [Source:HGNC Symbol;Acc:HGNC:31010]	no	YAP_regulated	NA
ENSG00000198718	1	shYT_up	TOGARAM1	1.47	14	44962190	TOG array regulator of axonemal microtubules 1 [Source:HGNC Symbol;Acc:HGNC:19959]	no	Not_regulated_by_YAP	NA
ENSG00000198721	1	shYT_up	ECI2	130.59	6	4135459	enoyl-CoA delta isomerase 2 [Source:HGNC Symbol;Acc:HGNC:14601]	no	YAP_regulated	NA
ENSG00000198730	1	shYT_up	CTR9	13.57	11	10775521	CTR9 homolog, Paf1/RNA polymerase II complex component [Source:HGNC Symbol;Acc:HGNC:16850]	no	YAP_regulated	NA
ENSG00000198736	1	shYT_up	MSRB1	53.79	16	1943293	methionine sulfoxide reductase B1 [Source:HGNC Symbol;Acc:HGNC:14133]	no	YAP_regulated	NA
ENSG00000198752	1	shYT_up	CDC42BPB	32.83	14	103057549	CDC42 binding protein kinase beta [Source:HGNC Symbol;Acc:HGNC:1738]	no	YAP_regulated	NA
ENSG00000198768	1	shYT_up	APCDD1L	2.32	20	58461980	APC down-regulated 1 like [Source:HGNC Symbol;Acc:HGNC:26892]	no	Not_regulated_by_YAP	NA
ENSG00000198780	1	shYT_up	FAM169A	2.02	5	74848855	family with sequence similarity 169 member A [Source:HGNC Symbol;Acc:HGNC:29138]	no	Not_regulated_by_YAP	NA
ENSG00000198804	1	shYT_up	MT-CO1	12499	MT	5904	mitochondrially encoded cytochrome c oxidase I [Source:HGNC Symbol;Acc:HGNC:7419]	no	Not_regulated_by_YAP	NA
ENSG00000198830	1	shYT_up	HMGN2	1010.4	1	26472450	high mobility group nucleosomal binding domain 2 [Source:HGNC Symbol;Acc:HGNC:4986]	no	YAP_regulated	NA
ENSG00000198855	1	shYT_up	FICD	2.72	12	108515277	FIC domain containing [Source:HGNC Symbol;Acc:HGNC:18416]	no	Not_regulated_by_YAP	NA
ENSG00000198856	1	shYT_up	OSTC	216.96	4	108650633	oligosaccharyltransferase complex non-catalytic subunit [Source:HGNC Symbol;Acc:HGNC:24448]	no	Not_regulated_by_YAP	NA
ENSG00000198865	1	shYT_up	CCDC152	1.87	5	42756818	coiled-coil domain containing 152 [Source:HGNC Symbol;Acc:HGNC:34438]	no	Not_regulated_by_YAP	NA
ENSG00000198873	1	shYT_up	GRK5	4.07	10	119207571	G protein-coupled receptor kinase 5 [Source:HGNC Symbol;Acc:HGNC:4544]	no	YAP_regulated	NA
ENSG00000198894	1	shYT_up	CIPC	3.48	14	77099113	CLOCK interacting pacemaker [Source:HGNC Symbol;Acc:HGNC:20365]	no	YAP_regulated	NA
ENSG00000198914	1	shYT_up	POU3F3	0.07	2	104854115	POU class 3 homeobox 3 [Source:HGNC Symbol;Acc:HGNC:9216]	Yes	Not_regulated_by_YAP	Homeodomain; POU
ENSG00000198919	1	shYT_up	DZIP3	7.56	3	108589722	DAZ interacting zinc finger protein 3 [Source:HGNC Symbol;Acc:HGNC:30938]	no	YAP_regulated	NA
ENSG00000198959	1	shYT_up	TGM2	213.84	20	38165270	transglutaminase 2 [Source:HGNC Symbol;Acc:HGNC:11778]	no	YAP_regulated	NA
ENSG00000203760	1	shYT_up	CENPW	80.66	6	126340174	centromere protein W [Source:HGNC Symbol;Acc:HGNC:21488]	no	Not_regulated_by_YAP	NA
ENSG00000203930	1	shYT_up	LINC00632	0.16	X	140709562	long intergenic non-protein coding RNA 632 [Source:HGNC Symbol;Acc:HGNC:27865]	no	Not_regulated_by_YAP	NA
ENSG00000204116	1	shYT_up	CHIC1	3.72	X	73563200	cysteine rich hydrophobic domain 1 [Source:HGNC Symbol;Acc:HGNC:1934]	no	Not_regulated_by_YAP	NA
ENSG00000204261	1	shYT_up	PSMB8-AS1	4.17	6	32844131	PSMB8 antisense RNA 1 (head to head) [Source:HGNC Symbol;Acc:HGNC:39758]	no	YAP_regulated	NA
ENSG00000204264	1	shYT_up	PSMB8	75.59	6	32844047	proteasome 20S subunit beta 8 [Source:HGNC Symbol;Acc:HGNC:9545]	no	YAP_regulated	NA
ENSG00000204272	1	shYT_up	NBDY	19.13	X	56729241	negative regulator of P-body association [Source:HGNC Symbol;Acc:HGNC:50713]	no	Not_regulated_by_YAP	NA
ENSG00000204356	1	shYT_up	NELFE	54.13	6	31958971	negative elongation factor complex member E [Source:HGNC Symbol;Acc:HGNC:13974]	no	YAP_regulated	NA
ENSG00000204435	1	shYT_up	CSNK2B	178.14	6	31666292	casein kinase 2 beta [Source:HGNC Symbol;Acc:HGNC:2460]	no	YAP_regulated	NA
ENSG00000204525	1	shYT_up	HLA-C	240.79	6	31272090	major histocompatibility complex, class I, C [Source:HGNC Symbol;Acc:HGNC:4933]	no	Not_regulated_by_YAP	NA
ENSG00000204576	1	shYT_up	PRR3	8.16	6	30557280	proline rich 3 [Source:HGNC Symbol;Acc:HGNC:21149]	no	YAP_regulated	NA
ENSG00000204592	1	shYT_up	HLA-E	72.4	6	30489509	major histocompatibility complex, class I, E [Source:HGNC Symbol;Acc:HGNC:4962]	no	Not_regulated_by_YAP	NA
ENSG00000204604	1	shYT_up	ZNF468	5.97	19	52857649	zinc finger protein 468 [Source:HGNC Symbol;Acc:HGNC:33105]	Yes	Not_regulated_by_YAP	C2H2 ZF
ENSG00000204619	1	shYT_up	PPP1R11	34.62	6	30066709	protein phosphatase 1 regulatory inhibitor subunit 11 [Source:HGNC Symbol;Acc:HGNC:9285]	no	YAP_regulated	NA
ENSG00000204642	1	shYT_up	HLA-F	9.58	6	29722775	major histocompatibility complex, class I, F [Source:HGNC Symbol;Acc:HGNC:4963]	no	Not_regulated_by_YAP	NA
ENSG00000205213	1	shYT_up	LGR4	5.68	11	27472790	leucine rich repeat containing G protein-coupled receptor 4 [Source:HGNC Symbol;Acc:HGNC:13299]	no	Not_regulated_by_YAP	NA
ENSG00000205544	1	shYT_up	TMEM256	44.83	17	7404097	transmembrane protein 256 [Source:HGNC Symbol;Acc:HGNC:28618]	no	YAP_regulated	NA
ENSG00000205581	1	shYT_up	HMGN1	369.63	21	39349344	high mobility group nucleosome binding domain 1 [Source:HGNC Symbol;Acc:HGNC:4984]	no	YAP_regulated	NA
ENSG00000205629	1	shYT_up	LCMT1	32.11	16	25111731	leucine carboxyl methyltransferase 1 [Source:HGNC Symbol;Acc:HGNC:17557]	no	Not_regulated_by_YAP	NA
ENSG00000206503	1	shYT_up	HLA-A	513.52	6	29942552	major histocompatibility complex, class I, A [Source:HGNC Symbol;Acc:HGNC:4931]	no	Not_regulated_by_YAP	NA
ENSG00000211455	1	shYT_up	STK38L	10.05	12	27245657	serine/threonine kinase 38 like [Source:HGNC Symbol;Acc:HGNC:17848]	no	Not_regulated_by_YAP	NA
ENSG00000211459	1	shYT_up	MT-RNR1	770.14	MT	648	mitochondrially encoded 12S rRNA [Source:HGNC Symbol;Acc:HGNC:7470]	no	Not_regulated_by_YAP	NA
ENSG00000211584	1	shYT_up	SLC48A1	4.77	12	47773238	solute carrier family 48 member 1 [Source:HGNC Symbol;Acc:HGNC:26035]	no	Not_regulated_by_YAP	NA
ENSG00000212747	1	shYT_up	RTL8B	8.92	X	135022542	retrotransposon Gag like 8B [Source:HGNC Symbol;Acc:HGNC:33156]	no	Not_regulated_by_YAP	NA
ENSG00000213066	1	shYT_up	FGFR1OP	17.95	6	166999408	FGFR1 oncogene partner [Source:HGNC Symbol;Acc:HGNC:17012]	no	YAP_regulated	NA
ENSG00000213079	1	shYT_up	SCAF8	20.41	6	154822162	SR-related CTD associated factor 8 [Source:HGNC Symbol;Acc:HGNC:20959]	no	YAP_regulated	NA
ENSG00000213214	1	shYT_up	ARHGEF35	34.48	7	144195833	Rho guanine nucleotide exchange factor 35 [Source:HGNC Symbol;Acc:HGNC:33846]	no	Not_regulated_by_YAP	NA
ENSG00000213463	1	shYT_up	SYNJ2BP	6.73	14	70417090	synaptojanin 2 binding protein [Source:HGNC Symbol;Acc:HGNC:18955]	no	Not_regulated_by_YAP	NA
ENSG00000213588	1	shYT_up	ZBTB9	5.04	6	33454576	zinc finger and BTB domain containing 9 [Source:HGNC Symbol;Acc:HGNC:28323]	Yes	YAP_regulated	C2H2 ZF
ENSG00000213619	1	shYT_up	NDUFS3	60.86	11	47579085	NADH:ubiquinone oxidoreductase core subunit S3 [Source:HGNC Symbol;Acc:HGNC:7710]	no	YAP_regulated	NA
ENSG00000213654	1	shYT_up	GPSM3	0.91	6	32192868	G protein signaling modulator 3 [Source:HGNC Symbol;Acc:HGNC:13945]	no	Not_regulated_by_YAP	NA
ENSG00000213722	1	shYT_up	DDAH2	7.24	6	31730617	dimethylarginine dimethylaminohydrolase 2 [Source:HGNC Symbol;Acc:HGNC:2716]	no	YAP_regulated	NA
ENSG00000213741	1	shYT_up	RPS29	1848.9	14	49586376	ribosomal protein S29 [Source:HGNC Symbol;Acc:HGNC:10419]	no	Not_regulated_by_YAP	NA
ENSG00000213949	1	shYT_up	ITGA1	1.87	5	52787916	integrin subunit alpha 1 [Source:HGNC Symbol;Acc:HGNC:6134]	no	Not_regulated_by_YAP	NA
ENSG00000213977	1	shYT_up	TAX1BP3	98.4	17	3668578	Tax1 binding protein 3 [Source:HGNC Symbol;Acc:HGNC:30684]	no	YAP_regulated	NA
ENSG00000213988	1	shYT_up	ZNF90	6.49	19	20120824	zinc finger protein 90 [Source:HGNC Symbol;Acc:HGNC:13165]	Yes	Not_regulated_by_YAP	C2H2 ZF
ENSG00000215256	1	shYT_up	DHRS4-AS1	2.02	14	23954193	DHRS4 antisense RNA 1 [Source:HGNC Symbol;Acc:HGNC:23175]	no	Not_regulated_by_YAP	NA
ENSG00000215712	1	shYT_up	TMEM242	5.27	6	157323519	transmembrane protein 242 [Source:HGNC Symbol;Acc:HGNC:17206]	no	Not_regulated_by_YAP	NA
ENSG00000221890	1	shYT_up	NPTXR	0.87	22	38844028	neuronal pentraxin receptor [Source:HGNC Symbol;Acc:HGNC:7954]	no	Not_regulated_by_YAP	NA
ENSG00000223501	1	shYT_up	VPS52	29.87	6	33271876	VPS52 subunit of GARP complex [Source:HGNC Symbol;Acc:HGNC:10518]	no	Not_regulated_by_YAP	NA
ENSG00000225968	1	shYT_up	ELFN1	0.09	7	1688119	extracellular leucine rich repeat and fibronectin type III domain containing 1 [Source:HGNC Symbol;Acc:HGNC:33154]	no	Not_regulated_by_YAP	NA
ENSG00000228474	1	shYT_up	OST4	232.01	2	27071649	oligosaccharyltransferase complex subunit 4, non-catalytic [Source:HGNC Symbol;Acc:HGNC:32483]	no	YAP_regulated	NA
ENSG00000230590	1	shYT_up	FTX	2.29	X	74293568	FTX transcript, XIST regulator [Source:HGNC Symbol;Acc:HGNC:37190]	no	Not_regulated_by_YAP	NA
ENSG00000232112	1	shYT_up	TMA7	256.62	3	48440257	translation machinery associated 7 homolog [Source:HGNC Symbol;Acc:HGNC:26932]	no	YAP_regulated	NA
ENSG00000232119	1	shYT_up	MCTS1	84.78	X	120594010	MCTS1 re-initiation and release factor [Source:HGNC Symbol;Acc:HGNC:23357]	no	Not_regulated_by_YAP	NA
ENSG00000232774	1	shYT_up	AL355916.1	2.03	14	61570405	novel transcript	no	Not_regulated_by_YAP	NA
ENSG00000233461	1	shYT_up	AL445524.1	4.62	1	231528604	novel transcript	no	Not_regulated_by_YAP	NA
ENSG00000234745	1	shYT_up	HLA-B	400.85	6	31357188	major histocompatibility complex, class I, B [Source:HGNC Symbol;Acc:HGNC:4932]	no	Not_regulated_by_YAP	NA
ENSG00000235904	1	shYT_up	RBMS3-AS3	3.67	3	29280904	RBMS3 antisense RNA 3 [Source:HGNC Symbol;Acc:HGNC:39989]	no	Not_regulated_by_YAP	NA
ENSG00000236453	1	shYT_up	AC003092.1	99.86	7	94061141	novel transcript	no	Not_regulated_by_YAP	NA
ENSG00000237380	1	shYT_up	HOXD-AS2	2.1	2	176137013	HOXD cluster antisense RNA 2 [Source:HGNC Symbol;Acc:HGNC:43756]	no	Not_regulated_by_YAP	NA
ENSG00000237515	1	shYT_up	SHISA9	2.02	16	12901598	shisa family member 9 [Source:HGNC Symbol;Acc:HGNC:37231]	no	Not_regulated_by_YAP	NA
ENSG00000237807	1	shYT_up	AC022034.1	9.07	8	53523821	novel transcript	no	Not_regulated_by_YAP	NA
ENSG00000240065	1	shYT_up	PSMB9	33.82	6	32854192	proteasome 20S subunit beta 9 [Source:HGNC Symbol;Acc:HGNC:9546]	no	YAP_regulated	NA
ENSG00000241990	1	shYT_up	PRR34-AS1	12.07	22	46053705	PRR34 antisense RNA 1 [Source:HGNC Symbol;Acc:HGNC:50499]	no	Not_regulated_by_YAP	NA
ENSG00000242265	1	shYT_up	PEG10	231.97	7	94656546	paternally expressed 10 [Source:HGNC Symbol;Acc:HGNC:14005]	no	YAP_regulated	NA
ENSG00000242779	1	shYT_up	ZNF702P	7.38	19	52993524	zinc finger protein 702, pseudogene [Source:HGNC Symbol;Acc:HGNC:25775]	no	Not_regulated_by_YAP	NA
ENSG00000243279	1	shYT_up	PRAF2	18.47	X	49073835	PRA1 domain family member 2 [Source:HGNC Symbol;Acc:HGNC:28911]	no	Not_regulated_by_YAP	NA
ENSG00000244405	1	shYT_up	ETV5	14.17	3	186105490	ETS variant transcription factor 5 [Source:HGNC Symbol;Acc:HGNC:3494]	Yes	YAP_regulated	Ets
ENSG00000248487	1	shYT_up	ABHD14A	5.23	3	51973684	abhydrolase domain containing 14A [Source:HGNC Symbol;Acc:HGNC:24538]	no	Not_regulated_by_YAP	NA
ENSG00000249992	1	shYT_up	TMEM158	8.5	3	45226287	transmembrane protein 158 (gene/pseudogene) [Source:HGNC Symbol;Acc:HGNC:30293]	no	Not_regulated_by_YAP	NA
ENSG00000250186	1	shYT_up	AC091180.4	0.15	17	49404081	novel transcript, antisense to PHB	no	Not_regulated_by_YAP	NA
ENSG00000253187	1	shYT_up	HOXA10-AS	9.65	7	27168899	HOXA10 antisense RNA [Source:HGNC Symbol;Acc:HGNC:40281]	no	YAP_regulated	NA
ENSG00000253293	1	shYT_up	HOXA10	24.41	7	27174255	homeobox A10 [Source:HGNC Symbol;Acc:HGNC:5100]	Yes	YAP_regulated	Homeodomain
ENSG00000254505	1	shYT_up	CHMP4A	45.86	14	24210861	charged multivesicular body protein 4A [Source:HGNC Symbol;Acc:HGNC:20274]	no	YAP_regulated	NA
ENSG00000254685	1	shYT_up	FPGT	8.29	1	74198212	fucose-1-phosphate guanylyltransferase [Source:HGNC Symbol;Acc:HGNC:3825]	no	Not_regulated_by_YAP	NA
ENSG00000256060	1	shYT_up	TRAPPC2B	11.46	19	57363567	trafficking protein particle complex 2B [Source:HGNC Symbol;Acc:HGNC:10710]	no	Not_regulated_by_YAP	NA
ENSG00000256771	1	shYT_up	ZNF253	2.89	19	19878481	zinc finger protein 253 [Source:HGNC Symbol;Acc:HGNC:13497]	Yes	Not_regulated_by_YAP	C2H2 ZF
ENSG00000258289	1	shYT_up	CHURC1	25.38	14	64914424	churchill domain containing 1 [Source:HGNC Symbol;Acc:HGNC:20099]	no	Not_regulated_by_YAP	NA
ENSG00000259153	1	shYT_up	AC004816.1	3.31	14	70810205	novel transcript	no	Not_regulated_by_YAP	NA
ENSG00000259207	1	shYT_up	ITGB3	22.44	17	47253853	integrin subunit beta 3 [Source:HGNC Symbol;Acc:HGNC:6156]	no	YAP_regulated	NA
ENSG00000259956	1	shYT_up	NA	NA	NA	NA	NA	NA	NA	NA
ENSG00000261801	1	shYT_up	LOXL1-AS1	8.34	15	73927786	LOXL1 antisense RNA 1 [Source:HGNC Symbol;Acc:HGNC:44169]	no	Not_regulated_by_YAP	NA
ENSG00000263001	1	shYT_up	NA	NA	NA	NA	NA	NA	NA	NA
ENSG00000265972	1	shYT_up	NA	NA	NA	NA	NA	NA	NA	NA
ENSG00000267106	1	shYT_up	ZNF561-AS1	2.27	19	9621487	ZNF561 antisense RNA 1 (head to head) [Source:HGNC Symbol;Acc:HGNC:27613]	no	Not_regulated_by_YAP	NA
ENSG00000269958	1	shYT_up	AL049840.6	5.21	14	103696353	novel transcript, sense intronic to KLC1	no	Not_regulated_by_YAP	NA
ENSG00000273314	1	shYT_up	AC005229.4	2.21	7	148698664	novel transcript, antisense to CUL1	no	Not_regulated_by_YAP	NA
ENSG00000277586	1	shYT_up	NA	NA	NA	NA	NA	NA	NA	NA
ENSG00000279170	1	shYT_up	NA	NA	NA	NA	NA	NA	NA	NA
ENSG00000288924	1	shYT_up	NA	NA	NA	NA	NA	NA	NA	NA
ENSG00000289520	1	shYT_up	NA	NA	NA	NA	NA	NA	NA	NA
ENSG00000291105	1	shYT_up	NA	NA	NA	NA	NA	NA	NA	NA
ENSG00000002587	1	shYT_up	HS3ST1	0.1	4	11428894	heparan sulfate-glucosamine 3-sulfotransferase 1 [Source:HGNC Symbol;Acc:HGNC:5194]	no	Not_regulated_by_YAP	NA
ENSG00000006606	1	shYT_up	NA	NA	NA	NA	NA	NA	NA	NA
ENSG00000013016	1	shYT_up	EHD3	0.16	2	31234152	EH domain containing 3 [Source:HGNC Symbol;Acc:HGNC:3244]	no	Not_regulated_by_YAP	NA
ENSG00000015133	1	shYT_up	CCDC88C	3.16	14	91289331	coiled-coil domain containing 88C [Source:HGNC Symbol;Acc:HGNC:19967]	no	Not_regulated_by_YAP	NA
ENSG00000019505	1	shYT_up	SYT13	18.24	11	45286341	synaptotagmin 13 [Source:HGNC Symbol;Acc:HGNC:14962]	no	Not_regulated_by_YAP	NA
ENSG00000023171	1	shYT_up	GRAMD1B	0.06	11	123358428	GRAM domain containing 1B [Source:HGNC Symbol;Acc:HGNC:29214]	no	Not_regulated_by_YAP	NA
ENSG00000036672	1	shYT_up	USP2	0.09	11	119381711	ubiquitin specific peptidase 2 [Source:HGNC Symbol;Acc:HGNC:12618]	no	Not_regulated_by_YAP	NA
ENSG00000048342	1	shYT_up	CC2D2A	0.79	4	15469891	coiled-coil and C2 domain containing 2A [Source:HGNC Symbol;Acc:HGNC:29253]	no	Not_regulated_by_YAP	NA
ENSG00000065320	1	shYT_up	NTN1	0.06	17	9021510	netrin 1 [Source:HGNC Symbol;Acc:HGNC:8029]	no	Not_regulated_by_YAP	NA
ENSG00000065357	1	shYT_up	DGKA	2.8	12	55927319	diacylglycerol kinase alpha [Source:HGNC Symbol;Acc:HGNC:2849]	no	Not_regulated_by_YAP	NA
ENSG00000067606	1	shYT_up	PRKCZ	0.26	1	2050485	protein kinase C zeta [Source:HGNC Symbol;Acc:HGNC:9412]	no	Not_regulated_by_YAP	NA
ENSG00000072163	1	shYT_up	LIMS2	3.07	2	127642131	LIM zinc finger domain containing 2 [Source:HGNC Symbol;Acc:HGNC:16084]	no	Not_regulated_by_YAP	NA
ENSG00000074219	1	shYT_up	TEAD2	0.05	19	49360438	TEA domain transcription factor 2 [Source:HGNC Symbol;Acc:HGNC:11715]	Yes	Not_regulated_by_YAP	TEA
ENSG00000075213	1	shYT_up	SEMA3A	2.24	7	84194789	semaphorin 3A [Source:HGNC Symbol;Acc:HGNC:10723]	no	Not_regulated_by_YAP	NA
ENSG00000076770	1	shYT_up	MBNL3	0.22	X	132413608	muscleblind like splicing regulator 3 [Source:HGNC Symbol;Acc:HGNC:20564]	no	Not_regulated_by_YAP	NA
ENSG00000076864	1	shYT_up	RAP1GAP	0.85	1	21620041	RAP1 GTPase activating protein [Source:HGNC Symbol;Acc:HGNC:9858]	no	Not_regulated_by_YAP	NA
ENSG00000079102	1	shYT_up	RUNX1T1	0.53	8	92005174	RUNX1 partner transcriptional co-repressor 1 [Source:HGNC Symbol;Acc:HGNC:1535]	no	Not_regulated_by_YAP	NA
ENSG00000081665	1	shYT_up	ZNF506	5.35	19	19821749	zinc finger protein 506 [Source:HGNC Symbol;Acc:HGNC:23780]	Yes	Not_regulated_by_YAP	C2H2 ZF
ENSG00000081923	1	shYT_up	ATP8B1	3.9	18	57803315	ATPase phospholipid transporting 8B1 [Source:HGNC Symbol;Acc:HGNC:3706]	no	Not_regulated_by_YAP	NA
ENSG00000083817	1	shYT_up	ZNF416	1.92	19	57578911	zinc finger protein 416 [Source:HGNC Symbol;Acc:HGNC:20645]	Yes	Not_regulated_by_YAP	C2H2 ZF
ENSG00000087303	1	shYT_up	NID2	3.1	14	52069059	nidogen 2 [Source:HGNC Symbol;Acc:HGNC:13389]	no	Not_regulated_by_YAP	NA
ENSG00000088881	1	shYT_up	EBF4	0.41	20	2752496	EBF family member 4 [Source:HGNC Symbol;Acc:HGNC:29278]	Yes	Not_regulated_by_YAP	EBF1
ENSG00000089486	1	shYT_up	CDIP1	23.35	16	4538470	cell death inducing p53 target 1 [Source:HGNC Symbol;Acc:HGNC:13234]	no	Not_regulated_by_YAP	NA
ENSG00000089639	1	shYT_up	GMIP	6.97	19	19643657	GEM interacting protein [Source:HGNC Symbol;Acc:HGNC:24852]	no	Not_regulated_by_YAP	NA
ENSG00000090776	1	shYT_up	EFNB1	2.34	X	68829021	ephrin B1 [Source:HGNC Symbol;Acc:HGNC:3226]	no	Not_regulated_by_YAP	NA
ENSG00000091129	1	shYT_up	NRCAM	3.43	7	108156637	neuronal cell adhesion molecule [Source:HGNC Symbol;Acc:HGNC:7994]	no	Not_regulated_by_YAP	NA
ENSG00000091262	1	shYT_up	ABCC6	1.09	16	16223464	ATP binding cassette subfamily C member 6 [Source:HGNC Symbol;Acc:HGNC:57]	no	Not_regulated_by_YAP	NA
ENSG00000099282	1	shYT_up	TSPAN15	3.7	10	69451465	tetraspanin 15 [Source:HGNC Symbol;Acc:HGNC:23298]	no	Not_regulated_by_YAP	NA
ENSG00000099957	1	shYT_up	P2RX6	0.16	22	21009808	purinergic receptor P2X 6 [Source:HGNC Symbol;Acc:HGNC:8538]	no	Not_regulated_by_YAP	NA
ENSG00000100092	1	shYT_up	SH3BP1	1.57	22	37634654	SH3 domain binding protein 1 [Source:HGNC Symbol;Acc:HGNC:10824]	no	Not_regulated_by_YAP	NA
ENSG00000100100	1	shYT_up	PIK3IP1	0.69	22	31292488	phosphoinositide-3-kinase interacting protein 1 [Source:HGNC Symbol;Acc:HGNC:24942]	no	Not_regulated_by_YAP	NA
ENSG00000100321	1	shYT_up	SYNGR1	0.09	22	39349925	synaptogyrin 1 [Source:HGNC Symbol;Acc:HGNC:11498]	no	Not_regulated_by_YAP	NA
ENSG00000100478	1	shYT_up	AP4S1	1.37	14	31025106	adaptor related protein complex 4 subunit sigma 1 [Source:HGNC Symbol;Acc:HGNC:575]	no	Not_regulated_by_YAP	NA
ENSG00000100767	1	shYT_up	PAPLN	3.36	14	73237506	papilin, proteoglycan like sulfated glycoprotein [Source:HGNC Symbol;Acc:HGNC:19262]	no	YAP_regulated	NA
ENSG00000101311	1	shYT_up	FERMT1	1.01	20	6094172	fermitin family member 1 [Source:HGNC Symbol;Acc:HGNC:15889]	no	Not_regulated_by_YAP	NA
ENSG00000101670	1	shYT_up	LIPG	24.12	18	49560699	lipase G, endothelial type [Source:HGNC Symbol;Acc:HGNC:6623]	no	Not_regulated_by_YAP	NA
ENSG00000101825	1	shYT_up	MXRA5	0.01	X	3346652	matrix remodeling associated 5 [Source:HGNC Symbol;Acc:HGNC:7539]	no	Not_regulated_by_YAP	NA
ENSG00000101938	1	shYT_up	CHRDL1	7.4	X	110795765	chordin like 1 [Source:HGNC Symbol;Acc:HGNC:29861]	no	Not_regulated_by_YAP	NA
ENSG00000102935	1	shYT_up	NA	NA	NA	NA	NA	NA	NA	NA
ENSG00000103034	1	shYT_up	NDRG4	1.92	16	58463665	NDRG family member 4 [Source:HGNC Symbol;Acc:HGNC:14466]	no	Not_regulated_by_YAP	NA
ENSG00000103544	1	shYT_up	VPS35L	3.39	16	19555240	VPS35 endosomal protein sorting factor like [Source:HGNC Symbol;Acc:HGNC:24641]	no	Not_regulated_by_YAP	NA
ENSG00000103888	1	shYT_up	CEMIP	0.11	15	80779343	cell migration inducing hyaluronidase 1 [Source:HGNC Symbol;Acc:HGNC:29213]	no	Not_regulated_by_YAP	NA
ENSG00000104783	1	shYT_up	KCNN4	0.42	19	43768977	potassium calcium-activated channel subfamily N member 4 [Source:HGNC Symbol;Acc:HGNC:6293]	no	Not_regulated_by_YAP	NA
ENSG00000104998	1	shYT_up	IL27RA	0.12	19	14031762	interleukin 27 receptor subunit alpha [Source:HGNC Symbol;Acc:HGNC:17290]	no	Not_regulated_by_YAP	NA
ENSG00000105708	1	shYT_up	ZNF14	1.3	19	19733112	zinc finger protein 14 [Source:HGNC Symbol;Acc:HGNC:12924]	Yes	Not_regulated_by_YAP	C2H2 ZF
ENSG00000105711	1	shYT_up	SCN1B	1.02	19	35030470	sodium voltage-gated channel beta subunit 1 [Source:HGNC Symbol;Acc:HGNC:10586]	no	Not_regulated_by_YAP	NA
ENSG00000105750	1	shYT_up	ZNF85	8.22	19	20936606	zinc finger protein 85 [Source:HGNC Symbol;Acc:HGNC:13160]	Yes	Not_regulated_by_YAP	C2H2 ZF
ENSG00000105894	1	shYT_up	PTN	0.07	7	137343733	pleiotrophin [Source:HGNC Symbol;Acc:HGNC:9630]	no	Not_regulated_by_YAP	NA
ENSG00000106772	1	shYT_up	PRUNE2	2.11	9	76692193	prune homolog 2 with BCH domain [Source:HGNC Symbol;Acc:HGNC:25209]	no	Not_regulated_by_YAP	NA
ENSG00000107485	1	shYT_up	GATA3	0.09	10	8045378	GATA binding protein 3 [Source:HGNC Symbol;Acc:HGNC:4172]	Yes	Not_regulated_by_YAP	GATA
ENSG00000108622	1	shYT_up	ICAM2	2.47	17	64020625	intercellular adhesion molecule 2 [Source:HGNC Symbol;Acc:HGNC:5345]	no	Not_regulated_by_YAP	NA
ENSG00000109452	1	shYT_up	INPP4B	0.28	4	142846290	inositol polyphosphate-4-phosphatase type II B [Source:HGNC Symbol;Acc:HGNC:6075]	no	Not_regulated_by_YAP	NA
ENSG00000109743	1	shYT_up	BST1	0.74	4	15703065	bone marrow stromal cell antigen 1 [Source:HGNC Symbol;Acc:HGNC:1118]	no	Not_regulated_by_YAP	NA
ENSG00000110446	1	shYT_up	SLC15A3	0.85	11	60937984	solute carrier family 15 member 3 [Source:HGNC Symbol;Acc:HGNC:18068]	no	Not_regulated_by_YAP	NA
ENSG00000110455	1	shYT_up	ACCS	2.38	11	44065925	1-aminocyclopropane-1-carboxylate synthase homolog (inactive) [Source:HGNC Symbol;Acc:HGNC:23989]	no	Not_regulated_by_YAP	NA
ENSG00000111186	1	shYT_up	WNT5B	0.61	12	1529891	Wnt family member 5B [Source:HGNC Symbol;Acc:HGNC:16265]	no	Not_regulated_by_YAP	NA
ENSG00000111799	1	shYT_up	COL12A1	0.95	6	75119473	collagen type XII alpha 1 chain [Source:HGNC Symbol;Acc:HGNC:2188]	no	Not_regulated_by_YAP	NA
ENSG00000115041	1	shYT_up	KCNIP3	0.86	2	95297327	potassium voltage-gated channel interacting protein 3 [Source:HGNC Symbol;Acc:HGNC:15523]	Yes	Not_regulated_by_YAP	Unknown
ENSG00000115648	1	shYT_up	MLPH	0.91	2	237486410	melanophilin [Source:HGNC Symbol;Acc:HGNC:29643]	no	Not_regulated_by_YAP	NA
ENSG00000116032	1	shYT_up	GRIN3B	0.01	19	1000419	glutamate ionotropic receptor NMDA type subunit 3B [Source:HGNC Symbol;Acc:HGNC:16768]	no	Not_regulated_by_YAP	NA
ENSG00000118849	1	shYT_up	RARRES1	1.75	3	158732457	retinoic acid receptor responder 1 [Source:HGNC Symbol;Acc:HGNC:9867]	no	Not_regulated_by_YAP	NA
ENSG00000119888	1	shYT_up	EPCAM	8.38	2	47345158	epithelial cell adhesion molecule [Source:HGNC Symbol;Acc:HGNC:11529]	no	YAP_regulated	NA
ENSG00000120675	1	shYT_up	DNAJC15	5.84	13	43023203	DnaJ heat shock protein family (Hsp40) member C15 [Source:HGNC Symbol;Acc:HGNC:20325]	no	Not_regulated_by_YAP	NA
ENSG00000120696	1	shYT_up	KBTBD7	0.54	13	41194569	kelch repeat and BTB domain containing 7 [Source:HGNC Symbol;Acc:HGNC:25266]	no	Not_regulated_by_YAP	NA
ENSG00000120820	1	shYT_up	GLT8D2	0.63	12	104050137	glycosyltransferase 8 domain containing 2 [Source:HGNC Symbol;Acc:HGNC:24890]	no	Not_regulated_by_YAP	NA
ENSG00000121753	1	shYT_up	ADGRB2	2.79	1	31759423	adhesion G protein-coupled receptor B2 [Source:HGNC Symbol;Acc:HGNC:944]	no	Not_regulated_by_YAP	NA
ENSG00000122378	1	shYT_up	PRXL2A	0.73	10	80407829	peroxiredoxin like 2A [Source:HGNC Symbol;Acc:HGNC:28651]	no	Not_regulated_by_YAP	NA
ENSG00000122592	1	shYT_up	HOXA7	0.97	7	27155998	homeobox A7 [Source:HGNC Symbol;Acc:HGNC:5108]	Yes	Not_regulated_by_YAP	Homeodomain
ENSG00000123243	1	shYT_up	ITIH5	1.82	10	7666966	inter-alpha-trypsin inhibitor heavy chain 5 [Source:HGNC Symbol;Acc:HGNC:21449]	no	Not_regulated_by_YAP	NA
ENSG00000123342	1	shYT_up	MMP19	0.15	12	55842949	matrix metallopeptidase 19 [Source:HGNC Symbol;Acc:HGNC:7165]	no	Not_regulated_by_YAP	NA
ENSG00000124212	1	shYT_up	PTGIS	0.19	20	49568137	prostaglandin I2 synthase [Source:HGNC Symbol;Acc:HGNC:9603]	no	Not_regulated_by_YAP	NA
ENSG00000124496	1	shYT_up	TRERF1	0.08	6	42452045	transcriptional regulating factor 1 [Source:HGNC Symbol;Acc:HGNC:18273]	Yes	Not_regulated_by_YAP	C2H2 ZF; Myb/SANT
ENSG00000124602	1	shYT_up	UNC5CL	0.37	6	41035135	unc-5 family C-terminal like [Source:HGNC Symbol;Acc:HGNC:21203]	no	Not_regulated_by_YAP	NA
ENSG00000125378	1	shYT_up	BMP4	0.16	14	53953429	bone morphogenetic protein 4 [Source:HGNC Symbol;Acc:HGNC:1071]	no	Not_regulated_by_YAP	NA
ENSG00000126803	1	shYT_up	HSPA2	1.41	14	64540468	heat shock protein family A (Hsp70) member 2 [Source:HGNC Symbol;Acc:HGNC:5235]	no	Not_regulated_by_YAP	NA
ENSG00000127152	1	shYT_up	NA	NA	NA	NA	NA	NA	NA	NA
ENSG00000128606	1	shYT_up	LRRC17	0.39	7	102913000	leucine rich repeat containing 17 [Source:HGNC Symbol;Acc:HGNC:16895]	no	Not_regulated_by_YAP	NA
ENSG00000128833	1	shYT_up	MYO5C	0.47	15	52295656	myosin VC [Source:HGNC Symbol;Acc:HGNC:7604]	no	Not_regulated_by_YAP	NA
ENSG00000129682	1	shYT_up	FGF13	0.08	X	138711717	fibroblast growth factor 13 [Source:HGNC Symbol;Acc:HGNC:3670]	no	Not_regulated_by_YAP	NA
ENSG00000130038	1	shYT_up	CRACR2A	6.84	12	3673524	calcium release activated channel regulator 2A [Source:HGNC Symbol;Acc:HGNC:28657]	no	Not_regulated_by_YAP	NA
ENSG00000131127	1	shYT_up	ZNF141	7.66	4	337820	zinc finger protein 141 [Source:HGNC Symbol;Acc:HGNC:12926]	Yes	Not_regulated_by_YAP	C2H2 ZF
ENSG00000131845	1	shYT_up	ZNF304	3.7	19	57351326	zinc finger protein 304 [Source:HGNC Symbol;Acc:HGNC:13505]	Yes	Not_regulated_by_YAP	C2H2 ZF
ENSG00000132000	1	shYT_up	PODNL1	0.48	19	13932944	podocan like 1 [Source:HGNC Symbol;Acc:HGNC:26275]	no	Not_regulated_by_YAP	NA
ENSG00000132639	1	shYT_up	SNAP25	4.73	20	10218830	synaptosome associated protein 25 [Source:HGNC Symbol;Acc:HGNC:11132]	no	Not_regulated_by_YAP	NA
ENSG00000133110	1	shYT_up	POSTN	0.04	13	37598750	periostin [Source:HGNC Symbol;Acc:HGNC:16953]	no	Not_regulated_by_YAP	NA
ENSG00000134864	1	shYT_up	GGACT	1.15	13	100583997	gamma-glutamylamine cyclotransferase [Source:HGNC Symbol;Acc:HGNC:25100]	no	Not_regulated_by_YAP	NA
ENSG00000135077	1	shYT_up	HAVCR2	1.49	5	157142869	hepatitis A virus cellular receptor 2 [Source:HGNC Symbol;Acc:HGNC:18437]	no	Not_regulated_by_YAP	NA
ENSG00000136010	1	shYT_up	ALDH1L2	0.79	12	105066605	aldehyde dehydrogenase 1 family member L2 [Source:HGNC Symbol;Acc:HGNC:26777]	no	Not_regulated_by_YAP	NA
ENSG00000136869	1	shYT_up	TLR4	0.13	9	117708197	toll like receptor 4 [Source:HGNC Symbol;Acc:HGNC:11850]	no	Not_regulated_by_YAP	NA
ENSG00000136960	1	shYT_up	ENPP2	0.86	8	119638830	ectonucleotide pyrophosphatase/phosphodiesterase 2 [Source:HGNC Symbol;Acc:HGNC:3357]	no	Not_regulated_by_YAP	NA
ENSG00000137462	1	shYT_up	TLR2	0.63	4	153684290	toll like receptor 2 [Source:HGNC Symbol;Acc:HGNC:11848]	no	Not_regulated_by_YAP	NA
ENSG00000137491	1	shYT_up	SLCO2B1	0.49	11	75100563	solute carrier organic anion transporter family member 2B1 [Source:HGNC Symbol;Acc:HGNC:10962]	no	Not_regulated_by_YAP	NA
ENSG00000137872	1	shYT_up	SEMA6D	1.73	15	47759723	semaphorin 6D [Source:HGNC Symbol;Acc:HGNC:16770]	no	Not_regulated_by_YAP	NA
ENSG00000137959	1	shYT_up	IFI44L	1.6	1	78619922	interferon induced protein 44 like [Source:HGNC Symbol;Acc:HGNC:17817]	no	Not_regulated_by_YAP	NA
ENSG00000138079	1	shYT_up	SLC3A1	0.61	2	44275480	solute carrier family 3 member 1 [Source:HGNC Symbol;Acc:HGNC:11025]	no	Not_regulated_by_YAP	NA
ENSG00000138642	1	shYT_up	HERC6	2.97	4	88379064	HECT and RLD domain containing E3 ubiquitin protein ligase family member 6 [Source:HGNC Symbol;Acc:HGNC:26072]	no	Not_regulated_by_YAP	NA
ENSG00000140450	1	shYT_up	ARRDC4	3.38	15	97960703	arrestin domain containing 4 [Source:HGNC Symbol;Acc:HGNC:28087]	no	YAP_regulated	NA
ENSG00000140682	1	shYT_up	TGFB1I1	33.91	16	31472155	transforming growth factor beta 1 induced transcript 1 [Source:HGNC Symbol;Acc:HGNC:11767]	no	Not_regulated_by_YAP	NA
ENSG00000140937	1	shYT_up	CDH11	0.71	16	65122036	cadherin 11 [Source:HGNC Symbol;Acc:HGNC:1750]	no	Not_regulated_by_YAP	NA
ENSG00000142279	1	shYT_up	WTIP	0.12	19	34481758	WT1 interacting protein [Source:HGNC Symbol;Acc:HGNC:20964]	no	Not_regulated_by_YAP	NA
ENSG00000143515	1	shYT_up	ATP8B2	0.54	1	154325553	ATPase phospholipid transporting 8B2 [Source:HGNC Symbol;Acc:HGNC:13534]	no	Not_regulated_by_YAP	NA
ENSG00000143842	1	shYT_up	SOX13	0.17	1	204122386	SRY-box transcription factor 13 [Source:HGNC Symbol;Acc:HGNC:11192]	Yes	Not_regulated_by_YAP	HMG/Sox
ENSG00000144834	1	shYT_up	TAGLN3	0.71	3	111999348	transgelin 3 [Source:HGNC Symbol;Acc:HGNC:29868]	no	Not_regulated_by_YAP	NA
ENSG00000144857	1	shYT_up	BOC	0.05	3	113271012	BOC cell adhesion associated, oncogene regulated [Source:HGNC Symbol;Acc:HGNC:17173]	no	Not_regulated_by_YAP	NA
ENSG00000145284	1	shYT_up	SCD5	0.08	4	82798796	stearoyl-CoA desaturase 5 [Source:HGNC Symbol;Acc:HGNC:21088]	no	Not_regulated_by_YAP	NA
ENSG00000145428	1	shYT_up	RNF175	0.04	4	153760024	ring finger protein 175 [Source:HGNC Symbol;Acc:HGNC:27735]	no	Not_regulated_by_YAP	NA
ENSG00000145945	1	shYT_up	FAM50B	2.49	6	3849373	family with sequence similarity 50 member B [Source:HGNC Symbol;Acc:HGNC:18789]	no	Not_regulated_by_YAP	NA
ENSG00000146678	1	shYT_up	IGFBP1	4.15	7	45888488	insulin like growth factor binding protein 1 [Source:HGNC Symbol;Acc:HGNC:5469]	no	Not_regulated_by_YAP	NA
ENSG00000148082	1	shYT_up	SHC3	0.31	9	89178818	SHC adaptor protein 3 [Source:HGNC Symbol;Acc:HGNC:18181]	no	Not_regulated_by_YAP	NA
ENSG00000148702	1	shYT_up	HABP2	0.16	10	113553053	hyaluronan binding protein 2 [Source:HGNC Symbol;Acc:HGNC:4798]	no	Not_regulated_by_YAP	NA
ENSG00000149212	1	shYT_up	SESN3	0.03	11	95231202	sestrin 3 [Source:HGNC Symbol;Acc:HGNC:23060]	no	Not_regulated_by_YAP	NA
ENSG00000149596	1	shYT_up	JPH2	0.28	20	44187188	junctophilin 2 [Source:HGNC Symbol;Acc:HGNC:14202]	no	Not_regulated_by_YAP	NA
ENSG00000150540	1	shYT_up	HNMT	1.14	2	137964020	histamine N-methyltransferase [Source:HGNC Symbol;Acc:HGNC:5028]	no	Not_regulated_by_YAP	NA
ENSG00000151150	1	shYT_up	ANK3	0.91	10	60088358	ankyrin 3 [Source:HGNC Symbol;Acc:HGNC:494]	no	Not_regulated_by_YAP	NA
ENSG00000151388	1	shYT_up	ADAMTS12	0.53	5	33891990	ADAM metallopeptidase with thrombospondin type 1 motif 12 [Source:HGNC Symbol;Acc:HGNC:14605]	no	Not_regulated_by_YAP	NA
ENSG00000151789	1	shYT_up	ZNF385D	0.17	3	22169016	zinc finger protein 385D [Source:HGNC Symbol;Acc:HGNC:26191]	Yes	Not_regulated_by_YAP	C2H2 ZF
ENSG00000152049	1	shYT_up	KCNE4	0.67	2	223051814	potassium voltage-gated channel subfamily E regulatory subunit 4 [Source:HGNC Symbol;Acc:HGNC:6244]	no	Not_regulated_by_YAP	NA
ENSG00000152217	1	shYT_up	SETBP1	0.09	18	44697164	SET binding protein 1 [Source:HGNC Symbol;Acc:HGNC:15573]	Yes	Not_regulated_by_YAP	AT hook
ENSG00000152784	1	shYT_up	PRDM8	1.06	4	80184302	PR/SET domain 8 [Source:HGNC Symbol;Acc:HGNC:13993]	Yes	Not_regulated_by_YAP	C2H2 ZF
ENSG00000154175	1	shYT_up	ABI3BP	0.63	3	100993515	ABI family member 3 binding protein [Source:HGNC Symbol;Acc:HGNC:17265]	no	Not_regulated_by_YAP	NA
ENSG00000154274	1	shYT_up	C4orf19	2.92	4	37453925	chromosome 4 open reading frame 19 [Source:HGNC Symbol;Acc:HGNC:25618]	no	Not_regulated_by_YAP	NA
ENSG00000154493	1	shYT_up	C10orf90	0.27	10	126504118	chromosome 10 open reading frame 90 [Source:HGNC Symbol;Acc:HGNC:26563]	no	Not_regulated_by_YAP	NA
ENSG00000154760	1	shYT_up	SLFN13	5.61	17	35448785	schlafen family member 13 [Source:HGNC Symbol;Acc:HGNC:26481]	no	Not_regulated_by_YAP	NA
ENSG00000154928	1	shYT_up	EPHB1	0.26	3	134597801	EPH receptor B1 [Source:HGNC Symbol;Acc:HGNC:3392]	no	Not_regulated_by_YAP	NA
ENSG00000156096	1	shYT_up	UGT2B4	0.08	4	69495905	UDP glucuronosyltransferase family 2 member B4 [Source:HGNC Symbol;Acc:HGNC:12553]	no	Not_regulated_by_YAP	NA
ENSG00000157680	1	shYT_up	DGKI	9.77	7	137846536	diacylglycerol kinase iota [Source:HGNC Symbol;Acc:HGNC:2855]	no	Not_regulated_by_YAP	NA
ENSG00000158164	1	shYT_up	TMSB15A	0.29	X	102516739	thymosin beta 15a [Source:HGNC Symbol;Acc:HGNC:30744]	no	Not_regulated_by_YAP	NA
ENSG00000160050	1	shYT_up	CCDC28B	3.86	1	32200601	coiled-coil domain containing 28B [Source:HGNC Symbol;Acc:HGNC:28163]	no	YAP_regulated	NA
ENSG00000160097	1	shYT_up	FNDC5	0.07	1	32863016	fibronectin type III domain containing 5 [Source:HGNC Symbol;Acc:HGNC:20240]	no	Not_regulated_by_YAP	NA
ENSG00000162493	1	shYT_up	PDPN	0.32	1	13583465	podoplanin [Source:HGNC Symbol;Acc:HGNC:29602]	no	Not_regulated_by_YAP	NA
ENSG00000162511	1	shYT_up	LAPTM5	0.34	1	30757774	lysosomal protein transmembrane 5 [Source:HGNC Symbol;Acc:HGNC:29612]	no	Not_regulated_by_YAP	NA
ENSG00000162999	1	shYT_up	DUSP19	0.28	2	183078559	dual specificity phosphatase 19 [Source:HGNC Symbol;Acc:HGNC:18894]	no	Not_regulated_by_YAP	NA
ENSG00000163082	1	shYT_up	SGPP2	4.21	2	222424543	sphingosine-1-phosphate phosphatase 2 [Source:HGNC Symbol;Acc:HGNC:19953]	no	Not_regulated_by_YAP	NA
ENSG00000163376	1	shYT_up	KBTBD8	2.98	3	66998307	kelch repeat and BTB domain containing 8 [Source:HGNC Symbol;Acc:HGNC:30691]	no	Not_regulated_by_YAP	NA
ENSG00000164379	1	shYT_up	FOXQ1	0.04	6	1312098	forkhead box Q1 [Source:HGNC Symbol;Acc:HGNC:20951]	Yes	Not_regulated_by_YAP	Forkhead
ENSG00000164929	1	shYT_up	BAALC	0.14	8	103140725	BAALC binder of MAP3K1 and KLF4 [Source:HGNC Symbol;Acc:HGNC:14333]	no	Not_regulated_by_YAP	NA
ENSG00000165023	1	shYT_up	DIRAS2	0.29	9	90642824	DIRAS family GTPase 2 [Source:HGNC Symbol;Acc:HGNC:19323]	no	Not_regulated_by_YAP	NA
ENSG00000165078	1	shYT_up	CPA6	0.22	8	67429667	carboxypeptidase A6 [Source:HGNC Symbol;Acc:HGNC:17245]	no	Not_regulated_by_YAP	NA
ENSG00000165449	1	shYT_up	SLC16A9	0.36	10	59710079	solute carrier family 16 member 9 [Source:HGNC Symbol;Acc:HGNC:23520]	no	Not_regulated_by_YAP	NA
ENSG00000165617	1	shYT_up	DACT1	0.51	14	58633967	dishevelled binding antagonist of beta catenin 1 [Source:HGNC Symbol;Acc:HGNC:17748]	no	Not_regulated_by_YAP	NA
ENSG00000166147	1	shYT_up	FBN1	2	15	48467991	fibrillin 1 [Source:HGNC Symbol;Acc:HGNC:3603]	no	Not_regulated_by_YAP	NA
ENSG00000166582	1	shYT_up	CENPV	19.79	17	16344742	centromere protein V [Source:HGNC Symbol;Acc:HGNC:29920]	no	Not_regulated_by_YAP	NA
ENSG00000166963	1	shYT_up	MAP1A	0.07	15	43510958	microtubule associated protein 1A [Source:HGNC Symbol;Acc:HGNC:6835]	no	Not_regulated_by_YAP	NA
ENSG00000167306	1	shYT_up	MYO5B	5.97	18	50195147	myosin VB [Source:HGNC Symbol;Acc:HGNC:7603]	no	Not_regulated_by_YAP	NA
ENSG00000168032	1	shYT_up	NA	NA	NA	NA	NA	NA	NA	NA
ENSG00000168077	1	shYT_up	SCARA3	0.54	8	27633868	scavenger receptor class A member 3 [Source:HGNC Symbol;Acc:HGNC:19000]	no	Not_regulated_by_YAP	NA
ENSG00000168243	1	shYT_up	GNG4	1.13	1	235595479	G protein subunit gamma 4 [Source:HGNC Symbol;Acc:HGNC:4407]	no	Not_regulated_by_YAP	NA
ENSG00000168389	1	shYT_up	MFSD2A	15.74	1	39955145	major facilitator superfamily domain containing 2A [Source:HGNC Symbol;Acc:HGNC:25897]	no	Not_regulated_by_YAP	NA
ENSG00000168505	1	shYT_up	GBX2	0.43	2	236167329	gastrulation brain homeobox 2 [Source:HGNC Symbol;Acc:HGNC:4186]	Yes	Not_regulated_by_YAP	Homeodomain
ENSG00000168646	1	shYT_up	AXIN2	0.95	17	65561191	axin 2 [Source:HGNC Symbol;Acc:HGNC:904]	no	Not_regulated_by_YAP	NA
ENSG00000168899	1	shYT_up	VAMP5	15.26	2	85584431	vesicle associated membrane protein 5 [Source:HGNC Symbol;Acc:HGNC:12646]	no	YAP_regulated	NA
ENSG00000169126	1	shYT_up	ARMC4	0.03	10	27983106	armadillo repeat containing 4 [Source:HGNC Symbol;Acc:HGNC:25583]	no	Not_regulated_by_YAP	NA
ENSG00000169129	1	shYT_up	AFAP1L2	0.2	10	114404502	actin filament associated protein 1 like 2 [Source:HGNC Symbol;Acc:HGNC:25901]	no	Not_regulated_by_YAP	NA
ENSG00000169282	1	shYT_up	KCNAB1	0.36	3	156037701	potassium voltage-gated channel subfamily A member regulatory beta subunit 1 [Source:HGNC Symbol;Acc:HGNC:6228]	no	Not_regulated_by_YAP	NA
ENSG00000169297	1	shYT_up	NR0B1	0.29	X	30309390	nuclear receptor subfamily 0 group B member 1 [Source:HGNC Symbol;Acc:HGNC:7960]	Yes	Not_regulated_by_YAP	Unknown
ENSG00000169372	1	shYT_up	CRADD	6.19	12	93677375	CASP2 and RIPK1 domain containing adaptor with death domain [Source:HGNC Symbol;Acc:HGNC:2340]	no	Not_regulated_by_YAP	NA
ENSG00000169583	1	shYT_up	CLIC3	0.28	9	136995747	chloride intracellular channel 3 [Source:HGNC Symbol;Acc:HGNC:2064]	no	Not_regulated_by_YAP	NA
ENSG00000169884	1	shYT_up	WNT10B	0.08	12	48971735	Wnt family member 10B [Source:HGNC Symbol;Acc:HGNC:12775]	no	Not_regulated_by_YAP	NA
ENSG00000170231	1	shYT_up	FABP6	4.19	5	160187367	fatty acid binding protein 6 [Source:HGNC Symbol;Acc:HGNC:3561]	no	Not_regulated_by_YAP	NA
ENSG00000170379	1	shYT_up	TCAF2	1.22	7	143702981	TRPM8 channel associated factor 2 [Source:HGNC Symbol;Acc:HGNC:26878]	no	Not_regulated_by_YAP	NA
ENSG00000170542	1	shYT_up	SERPINB9	2.03	6	2903309	serpin family B member 9 [Source:HGNC Symbol;Acc:HGNC:8955]	no	Not_regulated_by_YAP	NA
ENSG00000170891	1	shYT_up	CYTL1	0.19	4	5019437	cytokine like 1 [Source:HGNC Symbol;Acc:HGNC:24435]	no	Not_regulated_by_YAP	NA
ENSG00000170961	1	shYT_up	HAS2	0.27	8	121641440	hyaluronan synthase 2 [Source:HGNC Symbol;Acc:HGNC:4819]	no	Not_regulated_by_YAP	NA
ENSG00000171004	1	shYT_up	HS6ST2	0.52	X	132961395	heparan sulfate 6-O-sulfotransferase 2 [Source:HGNC Symbol;Acc:HGNC:19133]	no	Not_regulated_by_YAP	NA
ENSG00000171051	1	shYT_up	FPR1	2.84	19	51750811	formyl peptide receptor 1 [Source:HGNC Symbol;Acc:HGNC:3826]	no	Not_regulated_by_YAP	NA
ENSG00000172995	1	shYT_up	ARPP21	0.01	3	35690072	cAMP regulated phosphoprotein 21 [Source:HGNC Symbol;Acc:HGNC:16968]	no	Not_regulated_by_YAP	NA
ENSG00000173013	1	shYT_up	CCDC96	2.16	4	7043001	coiled-coil domain containing 96 [Source:HGNC Symbol;Acc:HGNC:26900]	no	YAP_regulated	NA
ENSG00000173227	1	shYT_up	SYT12	0.6	11	67023134	synaptotagmin 12 [Source:HGNC Symbol;Acc:HGNC:18381]	no	Not_regulated_by_YAP	NA
ENSG00000173698	1	shYT_up	ADGRG2	0.58	X	19122637	adhesion G protein-coupled receptor G2 [Source:HGNC Symbol;Acc:HGNC:4516]	no	Not_regulated_by_YAP	NA
ENSG00000173918	1	shYT_up	C1QTNF1	29.49	17	79046901	C1q and TNF related 1 [Source:HGNC Symbol;Acc:HGNC:14324]	no	Not_regulated_by_YAP	NA
ENSG00000174370	1	shYT_up	C11orf45	0.73	11	128905697	chromosome 11 open reading frame 45 [Source:HGNC Symbol;Acc:HGNC:28584]	no	Not_regulated_by_YAP	NA
ENSG00000174611	1	shYT_up	KY	1.48	3	134651022	kyphoscoliosis peptidase [Source:HGNC Symbol;Acc:HGNC:26576]	no	Not_regulated_by_YAP	NA
ENSG00000174640	1	shYT_up	SLCO2A1	0.22	3	134029925	solute carrier organic anion transporter family member 2A1 [Source:HGNC Symbol;Acc:HGNC:10955]	no	Not_regulated_by_YAP	NA
ENSG00000174899	1	shYT_up	SLC66A1L	0.6	3	157543340	solute carrier family 66 member 1 like [Source:HGNC Symbol;Acc:HGNC:25146]	no	Not_regulated_by_YAP	NA
ENSG00000175274	1	shYT_up	TP53I11	0.28	11	44951306	tumor protein p53 inducible protein 11 [Source:HGNC Symbol;Acc:HGNC:16842]	no	Not_regulated_by_YAP	NA
ENSG00000175591	1	shYT_up	P2RY2	2.27	11	73218299	purinergic receptor P2Y2 [Source:HGNC Symbol;Acc:HGNC:8541]	no	Not_regulated_by_YAP	NA
ENSG00000175984	1	shYT_up	DENND2C	0.38	1	114670111	DENN domain containing 2C [Source:HGNC Symbol;Acc:HGNC:24748]	no	Not_regulated_by_YAP	NA
ENSG00000176024	1	shYT_up	ZNF613	2.01	19	51927484	zinc finger protein 613 [Source:HGNC Symbol;Acc:HGNC:25827]	Yes	Not_regulated_by_YAP	C2H2 ZF
ENSG00000177352	1	shYT_up	CCDC71	7.92	3	49166331	coiled-coil domain containing 71 [Source:HGNC Symbol;Acc:HGNC:25760]	no	Not_regulated_by_YAP	NA
ENSG00000177432	1	shYT_up	NAP1L5	2.29	4	88697829	nucleosome assembly protein 1 like 5 [Source:HGNC Symbol;Acc:HGNC:19968]	no	Not_regulated_by_YAP	NA
ENSG00000177453	1	shYT_up	NIM1K	0.03	5	43192231	NIM1 serine/threonine protein kinase [Source:HGNC Symbol;Acc:HGNC:28646]	no	Not_regulated_by_YAP	NA
ENSG00000177462	1	shYT_up	NA	NA	NA	NA	NA	NA	NA	NA
ENSG00000177873	1	shYT_up	ZNF619	1.15	3	40477122	zinc finger protein 619 [Source:HGNC Symbol;Acc:HGNC:26910]	Yes	Not_regulated_by_YAP	C2H2 ZF
ENSG00000178202	1	shYT_up	POGLUT3	9.51	11	108498384	protein O-glucosyltransferase 3 [Source:HGNC Symbol;Acc:HGNC:28496]	no	Not_regulated_by_YAP	NA
ENSG00000178726	1	shYT_up	THBD	1.28	20	23049672	thrombomodulin [Source:HGNC Symbol;Acc:HGNC:11784]	no	Not_regulated_by_YAP	NA
ENSG00000179046	1	shYT_up	TRIML2	0.03	4	188105593	tripartite motif family like 2 [Source:HGNC Symbol;Acc:HGNC:26378]	no	Not_regulated_by_YAP	NA
ENSG00000179862	1	shYT_up	CITED4	0.07	1	40862363	Cbp/p300 interacting transactivator with Glu/Asp rich carboxy-terminal domain 4 [Source:HGNC Symbol;Acc:HGNC:18696]	no	Not_regulated_by_YAP	NA
ENSG00000179954	1	shYT_up	SSC5D	0.1	19	55488404	scavenger receptor cysteine rich family member with 5 domains [Source:HGNC Symbol;Acc:HGNC:26641]	no	Not_regulated_by_YAP	NA
ENSG00000180139	1	shYT_up	ACTA2-AS1	0.02	10	88932390	ACTA2 antisense RNA 1 [Source:HGNC Symbol;Acc:HGNC:45169]	no	Not_regulated_by_YAP	NA
ENSG00000180287	1	shYT_up	PLD5	0.1	1	242524697	phospholipase D family member 5 [Source:HGNC Symbol;Acc:HGNC:26879]	no	Not_regulated_by_YAP	NA
ENSG00000180423	1	shYT_up	HARBI1	2.2	11	46617227	harbinger transposase derived 1 [Source:HGNC Symbol;Acc:HGNC:26522]	no	Not_regulated_by_YAP	NA
ENSG00000180914	1	shYT_up	OXTR	1.15	3	8769617	oxytocin receptor [Source:HGNC Symbol;Acc:HGNC:8529]	no	Not_regulated_by_YAP	NA
ENSG00000181135	1	shYT_up	ZNF707	10.35	8	143684473	zinc finger protein 707 [Source:HGNC Symbol;Acc:HGNC:27815]	Yes	Not_regulated_by_YAP	C2H2 ZF
ENSG00000181523	1	shYT_up	SGSH	1.97	17	80220360	N-sulfoglucosamine sulfohydrolase [Source:HGNC Symbol;Acc:HGNC:10818]	no	Not_regulated_by_YAP	NA
ENSG00000182132	1	shYT_up	KCNIP1	0.42	5	170353487	potassium voltage-gated channel interacting protein 1 [Source:HGNC Symbol;Acc:HGNC:15521]	no	Not_regulated_by_YAP	NA
ENSG00000182568	1	shYT_up	SATB1	1.29	3	18438692	SATB homeobox 1 [Source:HGNC Symbol;Acc:HGNC:10541]	Yes	Not_regulated_by_YAP	CUT; Homeodomain
ENSG00000182749	1	shYT_up	PAQR7	2.69	1	25871253	progestin and adipoQ receptor family member 7 [Source:HGNC Symbol;Acc:HGNC:23146]	no	Not_regulated_by_YAP	NA
ENSG00000182795	1	shYT_up	C1orf116	0.95	1	207032756	chromosome 1 open reading frame 116 [Source:HGNC Symbol;Acc:HGNC:28667]	no	Not_regulated_by_YAP	NA
ENSG00000183032	1	shYT_up	SLC25A21	0.21	14	37172423	solute carrier family 25 member 21 [Source:HGNC Symbol;Acc:HGNC:14411]	no	Not_regulated_by_YAP	NA
ENSG00000183454	1	shYT_up	GRIN2A	0.02	16	9970795	glutamate ionotropic receptor NMDA type subunit 2A [Source:HGNC Symbol;Acc:HGNC:4585]	no	Not_regulated_by_YAP	NA
ENSG00000183549	1	shYT_up	ACSM5	0.3	16	20409534	acyl-CoA synthetase medium chain family member 5 [Source:HGNC Symbol;Acc:HGNC:26060]	no	Not_regulated_by_YAP	NA
ENSG00000184809	1	shYT_up	B3GALT5-AS1	0.19	21	39612857	B3GALT5 antisense RNA 1 [Source:HGNC Symbol;Acc:HGNC:16424]	no	Not_regulated_by_YAP	NA
ENSG00000184985	1	shYT_up	SORCS2	0.44	4	7192538	sortilin related VPS10 domain containing receptor 2 [Source:HGNC Symbol;Acc:HGNC:16698]	no	Not_regulated_by_YAP	NA
ENSG00000185100	1	shYT_up	ADSS1	1.06	14	104724186	adenylosuccinate synthase 1 [Source:HGNC Symbol;Acc:HGNC:20093]	no	Not_regulated_by_YAP	NA
ENSG00000185112	1	shYT_up	FAM43A	0.02	3	194685883	family with sequence similarity 43 member A [Source:HGNC Symbol;Acc:HGNC:26888]	no	Not_regulated_by_YAP	NA
ENSG00000185338	1	shYT_up	SOCS1	0.78	16	11256204	suppressor of cytokine signaling 1 [Source:HGNC Symbol;Acc:HGNC:19383]	no	Not_regulated_by_YAP	NA
ENSG00000185442	1	shYT_up	FAM174B	0.14	15	92655351	family with sequence similarity 174 member B [Source:HGNC Symbol;Acc:HGNC:34339]	no	Not_regulated_by_YAP	NA
ENSG00000185909	1	shYT_up	KLHDC8B	0.18	3	49171598	kelch domain containing 8B [Source:HGNC Symbol;Acc:HGNC:28557]	no	Not_regulated_by_YAP	NA
ENSG00000186056	1	shYT_up	MATN1-AS1	0.35	1	30718504	MATN1 antisense RNA 1 [Source:HGNC Symbol;Acc:HGNC:40364]	no	Not_regulated_by_YAP	NA
ENSG00000186272	1	shYT_up	ZNF17	2.49	19	57413373	zinc finger protein 17 [Source:HGNC Symbol;Acc:HGNC:12958]	Yes	Not_regulated_by_YAP	C2H2 ZF
ENSG00000186854	1	shYT_up	TRABD2A	10.96	2	84881245	TraB domain containing 2A [Source:HGNC Symbol;Acc:HGNC:27013]	no	YAP_regulated	NA
ENSG00000187824	1	shYT_up	TMEM220	0.16	17	10725134	transmembrane protein 220 [Source:HGNC Symbol;Acc:HGNC:33757]	no	Not_regulated_by_YAP	NA
ENSG00000187838	1	shYT_up	PLSCR3	25.04	17	7394508	phospholipid scramblase 3 [Source:HGNC Symbol;Acc:HGNC:16495]	no	YAP_regulated	NA
ENSG00000188064	1	shYT_up	WNT7B	4.22	22	45977162	Wnt family member 7B [Source:HGNC Symbol;Acc:HGNC:12787]	no	Not_regulated_by_YAP	NA
ENSG00000188171	1	shYT_up	ZNF626	4.15	19	20661507	zinc finger protein 626 [Source:HGNC Symbol;Acc:HGNC:30461]	Yes	Not_regulated_by_YAP	C2H2 ZF
ENSG00000188613	1	shYT_up	NANOS1	1.48	10	119029714	nanos C2HC-type zinc finger 1 [Source:HGNC Symbol;Acc:HGNC:23044]	no	Not_regulated_by_YAP	NA
ENSG00000196172	1	shYT_up	ZNF681	1.71	19	23758891	zinc finger protein 681 [Source:HGNC Symbol;Acc:HGNC:26457]	Yes	Not_regulated_by_YAP	C2H2 ZF
ENSG00000196196	1	shYT_up	HRCT1	1.15	9	35906202	histidine rich carboxyl terminus 1 [Source:HGNC Symbol;Acc:HGNC:33872]	no	Not_regulated_by_YAP	NA
ENSG00000196358	1	shYT_up	NTNG2	0.2	9	132162058	netrin G2 [Source:HGNC Symbol;Acc:HGNC:14288]	no	Not_regulated_by_YAP	NA
ENSG00000196411	1	shYT_up	EPHB4	0.25	7	100807579	EPH receptor B4 [Source:HGNC Symbol;Acc:HGNC:3395]	no	Not_regulated_by_YAP	NA
ENSG00000196417	1	shYT_up	ZNF765	4.74	19	53395161	zinc finger protein 765 [Source:HGNC Symbol;Acc:HGNC:25092]	Yes	Not_regulated_by_YAP	C2H2 ZF
ENSG00000196502	1	shYT_up	SULT1A1	1.46	16	28610007	sulfotransferase family 1A member 1 [Source:HGNC Symbol;Acc:HGNC:11453]	no	Not_regulated_by_YAP	NA
ENSG00000196741	1	shYT_up	LINC01560	1.61	X	47483571	long intergenic non-protein coding RNA 1560 [Source:HGNC Symbol;Acc:HGNC:27333]	no	Not_regulated_by_YAP	NA
ENSG00000196867	1	shYT_up	ZFP28	4.33	19	56539130	ZFP28 zinc finger protein [Source:HGNC Symbol;Acc:HGNC:17801]	Yes	Not_regulated_by_YAP	C2H2 ZF
ENSG00000197020	1	shYT_up	ZNF100	4.44	19	21765776	zinc finger protein 100 [Source:HGNC Symbol;Acc:HGNC:12880]	Yes	Not_regulated_by_YAP	C2H2 ZF
ENSG00000197172	1	shYT_up	MAGEA6	0.31	X	152769747	MAGE family member A6 [Source:HGNC Symbol;Acc:HGNC:6804]	no	Not_regulated_by_YAP	NA
ENSG00000197362	1	shYT_up	ZNF786	2.9	7	149090782	zinc finger protein 786 [Source:HGNC Symbol;Acc:HGNC:21806]	Yes	Not_regulated_by_YAP	C2H2 ZF
ENSG00000197497	1	shYT_up	ZNF665	3	19	53193366	zinc finger protein 665 [Source:HGNC Symbol;Acc:HGNC:25885]	Yes	Not_regulated_by_YAP	C2H2 ZF
ENSG00000197619	1	shYT_up	ZNF615	1.69	19	52008230	zinc finger protein 615 [Source:HGNC Symbol;Acc:HGNC:24740]	Yes	Not_regulated_by_YAP	C2H2 ZF
ENSG00000198093	1	shYT_up	ZNF649	4.39	19	51905011	zinc finger protein 649 [Source:HGNC Symbol;Acc:HGNC:25741]	Yes	Not_regulated_by_YAP	C2H2 ZF
ENSG00000198205	1	shYT_up	ZXDA	1.38	X	57910820	zinc finger X-linked duplicated A [Source:HGNC Symbol;Acc:HGNC:13198]	Yes	Not_regulated_by_YAP	C2H2 ZF
ENSG00000198440	1	shYT_up	ZNF583	2.27	19	56397966	zinc finger protein 583 [Source:HGNC Symbol;Acc:HGNC:26427]	Yes	Not_regulated_by_YAP	C2H2 ZF
ENSG00000198521	1	shYT_up	ZNF43	5.15	19	21852030	zinc finger protein 43 [Source:HGNC Symbol;Acc:HGNC:13109]	Yes	Not_regulated_by_YAP	C2H2 ZF
ENSG00000198807	1	shYT_up	PAX9	0.04	14	36665990	paired box 9 [Source:HGNC Symbol;Acc:HGNC:8623]	Yes	Not_regulated_by_YAP	Paired box
ENSG00000198879	1	shYT_up	SFMBT2	0.18	10	7409341	Scm like with four mbt domains 2 [Source:HGNC Symbol;Acc:HGNC:20256]	no	Not_regulated_by_YAP	NA
ENSG00000198930	1	shYT_up	CSAG1	0.14	X	152733691	chondrosarcoma associated gene 1 [Source:HGNC Symbol;Acc:HGNC:24294]	no	Not_regulated_by_YAP	NA
ENSG00000204540	1	shYT_up	PSORS1C1	0.27	6	31137649	psoriasis susceptibility 1 candidate 1 [Source:HGNC Symbol;Acc:HGNC:17202]	no	Not_regulated_by_YAP	NA
ENSG00000204611	1	shYT_up	ZNF616	3.53	19	52139746	zinc finger protein 616 [Source:HGNC Symbol;Acc:HGNC:28062]	Yes	Not_regulated_by_YAP	C2H2 ZF
ENSG00000205559	1	shYT_up	CHKB-DT	0.08	22	50584343	CHKB divergent transcript [Source:HGNC Symbol;Acc:HGNC:40146]	no	Not_regulated_by_YAP	NA
ENSG00000213401	1	shYT_up	MAGEA12	0.11	X	152733779	MAGE family member A12 [Source:HGNC Symbol;Acc:HGNC:6799]	no	Not_regulated_by_YAP	NA
ENSG00000213626	1	shYT_up	LBH	2.56	2	30231537	LBH regulator of WNT signaling pathway [Source:HGNC Symbol;Acc:HGNC:29532]	no	Not_regulated_by_YAP	NA
ENSG00000213889	1	shYT_up	PPM1N	0.92	19	45499610	protein phosphatase, Mg2+/Mn2+ dependent 1N (putative) [Source:HGNC Symbol;Acc:HGNC:26845]	no	Not_regulated_by_YAP	NA
ENSG00000221867	1	shYT_up	MAGEA3	0.58	X	152698794	MAGE family member A3 [Source:HGNC Symbol;Acc:HGNC:6801]	no	Not_regulated_by_YAP	NA
ENSG00000221990	1	shYT_up	EXOC3-AS1	1.68	5	443160	EXOC3 antisense RNA 1 [Source:HGNC Symbol;Acc:HGNC:25175]	no	Not_regulated_by_YAP	NA
ENSG00000227471	1	shYT_up	AKR1B15	0.32	7	134549110	aldo-keto reductase family 1 member B15 [Source:HGNC Symbol;Acc:HGNC:37281]	no	Not_regulated_by_YAP	NA
ENSG00000228509	1	shYT_up	AC006460.1	0.63	2	190701546	novel transcript	no	Not_regulated_by_YAP	NA
ENSG00000228956	1	shYT_up	NA	NA	NA	NA	NA	NA	NA	NA
ENSG00000229809	1	shYT_up	ZNF688	1.53	16	30571635	zinc finger protein 688 [Source:HGNC Symbol;Acc:HGNC:30489]	Yes	Not_regulated_by_YAP	C2H2 ZF
ENSG00000229852	1	shYT_up	AC019205.1	1.2	6	73263212	novel transcript, antisense to KHDC1	no	Not_regulated_by_YAP	NA
ENSG00000230699	1	shYT_up	AL645608.2	0.17	1	911435	novel transcript	no	Not_regulated_by_YAP	NA
ENSG00000233384	1	shYT_up	NA	NA	NA	NA	NA	NA	NA	NA
ENSG00000233639	1	shYT_up	NA	NA	NA	NA	NA	NA	NA	NA
ENSG00000234264	1	shYT_up	DEPDC1-AS1	0.16	1	68496676	DEPDC1 antisense RNA 1 [Source:HGNC Symbol;Acc:HGNC:50592]	no	Not_regulated_by_YAP	NA
ENSG00000235194	1	shYT_up	PPP1R3E	1.67	14	23301583	protein phosphatase 1 regulatory subunit 3E [Source:HGNC Symbol;Acc:HGNC:14943]	no	Not_regulated_by_YAP	NA
ENSG00000236333	1	shYT_up	TRHDE-AS1	0.02	12	72273507	TRHDE antisense RNA 1 [Source:HGNC Symbol;Acc:HGNC:27471]	no	Not_regulated_by_YAP	NA
ENSG00000237440	1	shYT_up	ZNF737	2.88	19	20565781	zinc finger protein 737 [Source:HGNC Symbol;Acc:HGNC:32468]	Yes	Not_regulated_by_YAP	C2H2 ZF
ENSG00000240694	1	shYT_up	PNMA2	1.02	8	26513883	PNMA family member 2 [Source:HGNC Symbol;Acc:HGNC:9159]	no	Not_regulated_by_YAP	NA
ENSG00000247317	1	shYT_up	NA	NA	NA	NA	NA	NA	NA	NA
ENSG00000248890	1	shYT_up	HHIP-AS1	0.03	4	144661357	HHIP antisense RNA 1 [Source:HGNC Symbol;Acc:HGNC:44182]	no	Not_regulated_by_YAP	NA
ENSG00000255561	1	shYT_up	FDXACB1	2.2	11	111881243	ferredoxin-fold anticodon binding domain containing 1 [Source:HGNC Symbol;Acc:HGNC:25110]	no	YAP_regulated	NA
ENSG00000256802	1	shYT_up	AC022613.1	0.85	15	29674990	novel transcript, antisense to TJP1	no	Not_regulated_by_YAP	NA
ENSG00000258655	1	shYT_up	ARHGAP5-AS1	1.75	14	32076793	ARHGAP5 antisense RNA 1 (head to head) [Source:HGNC Symbol;Acc:HGNC:20279]	no	Not_regulated_by_YAP	NA
ENSG00000258701	1	shYT_up	LINC00638	0.05	14	104821201	long intergenic non-protein coding RNA 638 [Source:HGNC Symbol;Acc:HGNC:28325]	no	Not_regulated_by_YAP	NA
ENSG00000258920	1	shYT_up	FOXN3-AS1	0.51	14	89417354	FOXN3 antisense RNA 1 [Source:HGNC Symbol;Acc:HGNC:44290]	no	Not_regulated_by_YAP	NA
ENSG00000260852	1	shYT_up	FBXL19-AS1	0.82	16	30923269	FBXL19 antisense RNA 1 [Source:HGNC Symbol;Acc:HGNC:27557]	no	Not_regulated_by_YAP	NA
ENSG00000261175	1	shYT_up	LINC02188	2.83	16	86727347	long intergenic non-protein coding RNA 2188 [Source:HGNC Symbol;Acc:HGNC:53050]	no	Not_regulated_by_YAP	NA
ENSG00000265666	1	shYT_up	RARA-AS1	0.03	17	40343136	RARA antisense RNA 1 [Source:HGNC Symbol;Acc:HGNC:49577]	no	Not_regulated_by_YAP	NA
ENSG00000268941	1	shYT_up	LINC01711	3.3	20	58634772	long intergenic non-protein coding RNA 1711 [Source:HGNC Symbol;Acc:HGNC:28663]	no	Not_regulated_by_YAP	NA
ENSG00000269486	1	shYT_up	ERVK9-11	1.19	19	38938632	endogenous retrovirus group K9, member 11 [Source:HGNC Symbol;Acc:HGNC:51160]	no	Not_regulated_by_YAP	NA
ENSG00000269834	1	shYT_up	ZNF528-AS1	2.21	19	52397766	ZNF528 antisense RNA 1 [Source:HGNC Symbol;Acc:HGNC:51305]	no	Not_regulated_by_YAP	NA
ENSG00000269837	1	shYT_up	IPO5P1	4.37	19	23257939	importin 5 pseudogene 1 [Source:HGNC Symbol;Acc:HGNC:49687]	no	Not_regulated_by_YAP	NA
ENSG00000270055	1	shYT_up	AC127502.2	3.28	15	30487963	novel transcript	no	Not_regulated_by_YAP	NA
ENSG00000273132	1	shYT_up	NA	NA	NA	NA	NA	NA	NA	NA
ENSG00000273297	1	shYT_up	AC009275.1	1.28	7	134432393	novel transcript	no	Not_regulated_by_YAP	NA
ENSG00000273604	1	shYT_up	NA	NA	NA	NA	NA	NA	NA	NA
ENSG00000275004	1	shYT_up	NA	NA	NA	NA	NA	NA	NA	NA
ENSG00000276600	1	shYT_up	NA	NA	NA	NA	NA	NA	NA	NA
ENSG00000277987	1	shYT_up	NA	NA	NA	NA	NA	NA	NA	NA
ENSG00000281468	1	shYT_up	NA	NA	NA	NA	NA	NA	NA	NA
ENSG00000283235	1	shYT_up	NA	NA	NA	NA	NA	NA	NA	NA
ENSG00000286540	1	shYT_up	NA	NA	NA	NA	NA	NA	NA	NA
ENSG00000287024	1	shYT_up	NA	NA	NA	NA	NA	NA	NA	NA
ENSG00000289189	1	shYT_up	NA	NA	NA	NA	NA	NA	NA	NA
ENSG00000289353	1	shYT_up	NA	NA	NA	NA	NA	NA	NA	NA
ENSG00000291180	1	shYT_up	NA	NA	NA	NA	NA	NA	NA	NA
ENSG00000103152	1	shYT_up	MPG	56.25	16	77007	N-methylpurine DNA glycosylase [Source:HGNC Symbol;Acc:HGNC:7211]	no	YAP_regulated	NA
ENSG00000108960	1	shYT_up	MMD	21.13	17	55421835	monocyte to macrophage differentiation associated [Source:HGNC Symbol;Acc:HGNC:7153]	no	Not_regulated_by_YAP	NA
ENSG00000112655	1	shYT_up	PTK7	0.63	6	43076314	protein tyrosine kinase 7 (inactive) [Source:HGNC Symbol;Acc:HGNC:9618]	no	Not_regulated_by_YAP	NA
ENSG00000123200	1	shYT_up	ZC3H13	21.19	13	46052685	zinc finger CCCH-type containing 13 [Source:HGNC Symbol;Acc:HGNC:20368]	no	Not_regulated_by_YAP	NA
ENSG00000132286	1	shYT_up	TIMM10B	15.42	11	6481501	translocase of inner mitochondrial membrane 10B [Source:HGNC Symbol;Acc:HGNC:4022]	no	Not_regulated_by_YAP	NA
ENSG00000153956	1	shYT_up	CACNA2D1	4.02	7	82443777	calcium voltage-gated channel auxiliary subunit alpha2delta 1 [Source:HGNC Symbol;Acc:HGNC:1399]	no	Not_regulated_by_YAP	NA
ENSG00000156966	1	shYT_up	B3GNT7	0.69	2	231395710	UDP-GlcNAc:betaGal beta-1,3-N-acetylglucosaminyltransferase 7 [Source:HGNC Symbol;Acc:HGNC:18811]	no	Not_regulated_by_YAP	NA
ENSG00000164120	1	shYT_up	HPGD	1.03	4	174522488	15-hydroxyprostaglandin dehydrogenase [Source:HGNC Symbol;Acc:HGNC:5154]	no	Not_regulated_by_YAP	NA
ENSG00000183049	1	shYT_up	CAMK1D	6.47	10	12349482	calcium/calmodulin dependent protein kinase ID [Source:HGNC Symbol;Acc:HGNC:19341]	no	Not_regulated_by_YAP	NA
ENSG00000128510	1	shYT_up	CPA4	0.57	7	130293161	carboxypeptidase A4 [Source:HGNC Symbol;Acc:HGNC:15740]	no	Not_regulated_by_YAP	NA
ENSG00000223784	1	shYT_up	LINP1	6.73	10	6734039	lncRNA in non-homologous end joining pathway 1 [Source:HGNC Symbol;Acc:HGNC:53170]	no	Not_regulated_by_YAP	NA
ENSG00000001460	2	common_down	STPG1	10.8	1	24415097	sperm tail PG-rich repeat containing 1 [Source:HGNC Symbol;Acc:HGNC:28070]	no	YAP_regulated	NA
ENSG00000001461	2	common_down	NIPAL3	13.98	1	24415802	NIPA like domain containing 3 [Source:HGNC Symbol;Acc:HGNC:25233]	no	YAP_regulated	NA
ENSG00000003402	2	common_down	CFLAR	171.92	2	201132953	CASP8 and FADD like apoptosis regulator [Source:HGNC Symbol;Acc:HGNC:1876]	no	YAP_regulated	NA
ENSG00000005882	2	common_down	PDK2	5	17	50094737	pyruvate dehydrogenase kinase 2 [Source:HGNC Symbol;Acc:HGNC:8810]	no	Not_regulated_by_YAP	NA
ENSG00000005884	2	common_down	ITGA3	232.68	17	50055968	integrin subunit alpha 3 [Source:HGNC Symbol;Acc:HGNC:6139]	no	YAP_regulated	NA
ENSG00000006118	2	common_down	TMEM132A	50.67	11	60924463	transmembrane protein 132A [Source:HGNC Symbol;Acc:HGNC:31092]	no	Not_regulated_by_YAP	NA
ENSG00000006453	2	common_down	BAIAP2L1	46.77	7	98401090	BAR/IMD domain containing adaptor protein 2 like 1 [Source:HGNC Symbol;Acc:HGNC:21649]	no	YAP_regulated	NA
ENSG00000006831	2	common_down	ADIPOR2	47.68	12	1688574	adiponectin receptor 2 [Source:HGNC Symbol;Acc:HGNC:24041]	no	Not_regulated_by_YAP	NA
ENSG00000008256	2	common_down	CYTH3	13.09	7	6272624	cytohesin 3 [Source:HGNC Symbol;Acc:HGNC:9504]	no	YAP_regulated	NA
ENSG00000013441	2	common_down	CLK1	59.02	2	200864658	CDC like kinase 1 [Source:HGNC Symbol;Acc:HGNC:2068]	no	Not_regulated_by_YAP	NA
ENSG00000025293	2	common_down	PHF20	18.49	20	35772033	PHD finger protein 20 [Source:HGNC Symbol;Acc:HGNC:16098]	Yes	YAP_regulated	AT hook
ENSG00000031698	2	common_down	SARS1	175.31	1	109213918	seryl-tRNA synthetase 1 [Source:HGNC Symbol;Acc:HGNC:10537]	no	Not_regulated_by_YAP	NA
ENSG00000035862	2	common_down	TIMP2	75.25	17	78874150	TIMP metallopeptidase inhibitor 2 [Source:HGNC Symbol;Acc:HGNC:11821]	no	Not_regulated_by_YAP	NA
ENSG00000037042	2	common_down	TUBG2	5.96	17	42659284	tubulin gamma 2 [Source:HGNC Symbol;Acc:HGNC:12419]	no	YAP_regulated	NA
ENSG00000037757	2	common_down	MRI1	7.42	19	13764532	methylthioribose-1-phosphate isomerase 1 [Source:HGNC Symbol;Acc:HGNC:28469]	no	Not_regulated_by_YAP	NA
ENSG00000038382	2	common_down	TRIO	156.24	5	14143342	trio Rho guanine nucleotide exchange factor [Source:HGNC Symbol;Acc:HGNC:12303]	no	YAP_regulated	NA
ENSG00000039523	2	common_down	RIPOR1	161.74	16	67518418	RHO family interacting cell polarization regulator 1 [Source:HGNC Symbol;Acc:HGNC:25836]	no	YAP_regulated	NA
ENSG00000042445	2	common_down	RETSAT	26	2	85350891	retinol saturase [Source:HGNC Symbol;Acc:HGNC:25991]	no	YAP_regulated	NA
ENSG00000044446	2	common_down	PHKA2	13.76	X	18984114	phosphorylase kinase regulatory subunit alpha 2 [Source:HGNC Symbol;Acc:HGNC:8926]	no	YAP_regulated	NA
ENSG00000046604	2	common_down	DSG2	80.53	18	31498177	desmoglein 2 [Source:HGNC Symbol;Acc:HGNC:3049]	no	YAP_regulated	NA
ENSG00000046889	2	common_down	PREX2	6.43	8	67952046	phosphatidylinositol-3,4,5-trisphosphate dependent Rac exchange factor 2 [Source:HGNC Symbol;Acc:HGNC:22950]	no	Not_regulated_by_YAP	NA
ENSG00000047634	2	common_down	SCML1	42.59	X	17743869	Scm polycomb group protein like 1 [Source:HGNC Symbol;Acc:HGNC:10580]	no	YAP_regulated	NA
ENSG00000048392	2	common_down	RRM2B	33.43	8	102238961	ribonucleotide reductase regulatory TP53 inducible subunit M2B [Source:HGNC Symbol;Acc:HGNC:17296]	no	YAP_regulated	NA
ENSG00000049759	2	common_down	NEDD4L	46.01	18	58044226	NEDD4 like E3 ubiquitin protein ligase [Source:HGNC Symbol;Acc:HGNC:7728]	no	YAP_regulated	NA
ENSG00000049769	2	common_down	PPP1R3F	2.26	X	49269843	protein phosphatase 1 regulatory subunit 3F [Source:HGNC Symbol;Acc:HGNC:14944]	no	Not_regulated_by_YAP	NA
ENSG00000050327	2	common_down	ARHGEF5	23.11	7	144364909	Rho guanine nucleotide exchange factor 5 [Source:HGNC Symbol;Acc:HGNC:13209]	no	Not_regulated_by_YAP	NA
ENSG00000050426	2	common_down	LETMD1	32.77	12	51047962	LETM1 domain containing 1 [Source:HGNC Symbol;Acc:HGNC:24241]	no	YAP_regulated	NA
ENSG00000051596	2	common_down	THOC3	135.06	5	175961324	THO complex 3 [Source:HGNC Symbol;Acc:HGNC:19072]	no	Not_regulated_by_YAP	NA
ENSG00000053371	2	common_down	AKR7A2	38.65	1	19312146	aldo-keto reductase family 7 member A2 [Source:HGNC Symbol;Acc:HGNC:389]	no	YAP_regulated	NA
ENSG00000054148	2	common_down	PHPT1	195.32	9	136848724	phosphohistidine phosphatase 1 [Source:HGNC Symbol;Acc:HGNC:30033]	no	YAP_regulated	NA
ENSG00000055332	2	common_down	EIF2AK2	27.24	2	37148988	eukaryotic translation initiation factor 2 alpha kinase 2 [Source:HGNC Symbol;Acc:HGNC:9437]	no	Not_regulated_by_YAP	NA
ENSG00000055917	2	common_down	PUM2	35.64	2	20327383	pumilio RNA binding family member 2 [Source:HGNC Symbol;Acc:HGNC:14958]	no	YAP_regulated	NA
ENSG00000057252	2	common_down	SOAT1	63.88	1	179293797	sterol O-acyltransferase 1 [Source:HGNC Symbol;Acc:HGNC:11177]	no	YAP_regulated	NA
ENSG00000058063	2	common_down	ATP11B	23.76	3	182793504	ATPase phospholipid transporting 11B (putative) [Source:HGNC Symbol;Acc:HGNC:13553]	no	YAP_regulated	NA
ENSG00000058804	2	common_down	NDC1	48.63	1	53838296	NDC1 transmembrane nucleoporin [Source:HGNC Symbol;Acc:HGNC:25525]	no	YAP_regulated	NA
ENSG00000059728	2	common_down	MXD1	2.28	2	69938152	MAX dimerization protein 1 [Source:HGNC Symbol;Acc:HGNC:6761]	Yes	YAP_regulated	bHLH
ENSG00000059804	2	common_down	SLC2A3	11.29	12	7936187	solute carrier family 2 member 3 [Source:HGNC Symbol;Acc:HGNC:11007]	no	Not_regulated_by_YAP	NA
ENSG00000060642	2	common_down	PIGV	6.97	1	26787054	phosphatidylinositol glycan anchor biosynthesis class V [Source:HGNC Symbol;Acc:HGNC:26031]	no	Not_regulated_by_YAP	NA
ENSG00000063046	2	common_down	EIF4B	144.65	12	53006158	eukaryotic translation initiation factor 4B [Source:HGNC Symbol;Acc:HGNC:3285]	no	YAP_regulated	NA
ENSG00000065060	2	common_down	UHRF1BP1	9.11	6	34792083	UHRF1 binding protein 1 [Source:HGNC Symbol;Acc:HGNC:21216]	no	Not_regulated_by_YAP	NA
ENSG00000065135	2	common_down	GNAI3	139.59	1	109548615	G protein subunit alpha i3 [Source:HGNC Symbol;Acc:HGNC:4387]	no	YAP_regulated	NA
ENSG00000065882	2	common_down	TBC1D1	59.31	4	37891087	TBC1 domain family member 1 [Source:HGNC Symbol;Acc:HGNC:11578]	no	Not_regulated_by_YAP	NA
ENSG00000065911	2	common_down	MTHFD2	274.48	2	74198615	methylenetetrahydrofolate dehydrogenase (NADP+ dependent) 2, methenyltetrahydrofolate cyclohydrolase [Source:HGNC Symbol;Acc:HGNC:7434]	no	YAP_regulated	NA
ENSG00000066777	2	common_down	ARFGEF1	48.11	8	67343677	ADP ribosylation factor guanine nucleotide exchange factor 1 [Source:HGNC Symbol;Acc:HGNC:15772]	no	Not_regulated_by_YAP	NA
ENSG00000067057	2	common_down	PFKP	413.28	10	3067548	phosphofructokinase, platelet [Source:HGNC Symbol;Acc:HGNC:8878]	no	YAP_regulated	NA
ENSG00000067141	2	common_down	NEO1	13.34	15	73051710	neogenin 1 [Source:HGNC Symbol;Acc:HGNC:7754]	no	YAP_regulated	NA
ENSG00000068078	2	common_down	FGFR3	3.06	4	1793293	fibroblast growth factor receptor 3 [Source:HGNC Symbol;Acc:HGNC:3690]	no	Not_regulated_by_YAP	NA
ENSG00000068120	2	common_down	COASY	63.18	17	42561467	Coenzyme A synthase [Source:HGNC Symbol;Acc:HGNC:29932]	no	Not_regulated_by_YAP	NA
ENSG00000068323	2	common_down	TFE3	40.83	X	49032067	transcription factor binding to IGHM enhancer 3 [Source:HGNC Symbol;Acc:HGNC:11752]	Yes	YAP_regulated	bHLH
ENSG00000068400	2	common_down	GRIPAP1	15.48	X	48987817	GRIP1 associated protein 1 [Source:HGNC Symbol;Acc:HGNC:18706]	no	Not_regulated_by_YAP	NA
ENSG00000068438	2	common_down	FTSJ1	83.79	X	48476153	FtsJ RNA 2'-O-methyltransferase 1 [Source:HGNC Symbol;Acc:HGNC:13254]	no	Not_regulated_by_YAP	NA
ENSG00000068796	2	common_down	KIF2A	24.74	5	62306162	kinesin family member 2A [Source:HGNC Symbol;Acc:HGNC:6318]	no	YAP_regulated	NA
ENSG00000069424	2	common_down	KCNAB2	9.26	1	5990927	potassium voltage-gated channel subfamily A regulatory beta subunit 2 [Source:HGNC Symbol;Acc:HGNC:6229]	no	YAP_regulated	NA
ENSG00000069431	2	common_down	ABCC9	6.3	12	21936674	ATP binding cassette subfamily C member 9 [Source:HGNC Symbol;Acc:HGNC:60]	no	Not_regulated_by_YAP	NA
ENSG00000070087	2	common_down	PFN2	266.99	3	149970950	profilin 2 [Source:HGNC Symbol;Acc:HGNC:8882]	no	YAP_regulated	NA
ENSG00000070404	2	common_down	FSTL3	144.87	19	676392	follistatin like 3 [Source:HGNC Symbol;Acc:HGNC:3973]	no	YAP_regulated	NA
ENSG00000072682	2	common_down	P4HA2	167.21	5	132227815	prolyl 4-hydroxylase subunit alpha 2 [Source:HGNC Symbol;Acc:HGNC:8547]	no	YAP_regulated	NA
ENSG00000073060	2	common_down	SCARB1	135.11	12	124863917	scavenger receptor class B member 1 [Source:HGNC Symbol;Acc:HGNC:1664]	no	YAP_regulated	NA
ENSG00000073803	2	common_down	MAP3K13	16.76	3	185282977	mitogen-activated protein kinase kinase kinase 13 [Source:HGNC Symbol;Acc:HGNC:6852]	no	YAP_regulated	NA
ENSG00000074590	2	common_down	NUAK1	13.67	12	106140033	NUAK family kinase 1 [Source:HGNC Symbol;Acc:HGNC:14311]	no	YAP_regulated	NA
ENSG00000074695	2	common_down	LMAN1	208.14	18	59359265	lectin, mannose binding 1 [Source:HGNC Symbol;Acc:HGNC:6631]	no	YAP_regulated	NA
ENSG00000075240	2	common_down	GRAMD4	6.3	22	46576012	GRAM domain containing 4 [Source:HGNC Symbol;Acc:HGNC:29113]	no	Not_regulated_by_YAP	NA
ENSG00000075391	2	common_down	RASAL2	10.04	1	178094141	RAS protein activator like 2 [Source:HGNC Symbol;Acc:HGNC:9874]	no	YAP_regulated	NA
ENSG00000075643	2	common_down	MOCOS	11.46	18	36187497	molybdenum cofactor sulfurase [Source:HGNC Symbol;Acc:HGNC:18234]	no	Not_regulated_by_YAP	NA
ENSG00000076067	2	common_down	RBMS2	9.1	12	56521820	RNA binding motif single stranded interacting protein 2 [Source:HGNC Symbol;Acc:HGNC:9909]	no	Not_regulated_by_YAP	NA
ENSG00000076108	2	common_down	BAZ2A	27.23	12	56636816	bromodomain adjacent to zinc finger domain 2A [Source:HGNC Symbol;Acc:HGNC:962]	Yes	YAP_regulated	MBD; AT hook
ENSG00000076685	2	common_down	NT5C2	75.21	10	103174982	5'-nucleotidase, cytosolic II [Source:HGNC Symbol;Acc:HGNC:8022]	no	Not_regulated_by_YAP	NA
ENSG00000076826	2	common_down	CAMSAP3	4.6	19	7595902	calmodulin regulated spectrin associated protein family member 3 [Source:HGNC Symbol;Acc:HGNC:29307]	no	Not_regulated_by_YAP	NA
ENSG00000076944	2	common_down	STXBP2	86.35	19	7636881	syntaxin binding protein 2 [Source:HGNC Symbol;Acc:HGNC:11445]	no	YAP_regulated	NA
ENSG00000077348	2	common_down	EXOSC5	27.09	19	41397359	exosome component 5 [Source:HGNC Symbol;Acc:HGNC:24662]	no	YAP_regulated	NA
ENSG00000078401	2	common_down	EDN1	11.92	6	12290361	endothelin 1 [Source:HGNC Symbol;Acc:HGNC:3176]	no	Not_regulated_by_YAP	NA
ENSG00000078403	2	common_down	MLLT10	23.41	10	21668972	MLLT10 histone lysine methyltransferase DOT1L cofactor [Source:HGNC Symbol;Acc:HGNC:16063]	no	YAP_regulated	NA
ENSG00000079156	2	common_down	OSBPL6	13.69	2	178194481	oxysterol binding protein like 6 [Source:HGNC Symbol;Acc:HGNC:16388]	no	YAP_regulated	NA
ENSG00000080224	2	common_down	EPHA6	0.82	3	96814581	EPH receptor A6 [Source:HGNC Symbol;Acc:HGNC:19296]	no	Not_regulated_by_YAP	NA
ENSG00000080345	2	common_down	RIF1	18.8	2	151409902	replication timing regulatory factor 1 [Source:HGNC Symbol;Acc:HGNC:23207]	no	YAP_regulated	NA
ENSG00000082641	2	common_down	NFE2L1	141.22	17	48048784	nuclear factor, erythroid 2 like 1 [Source:HGNC Symbol;Acc:HGNC:7781]	Yes	YAP_regulated	bZIP
ENSG00000083544	2	common_down	TDRD3	7.39	13	60396939	tudor domain containing 3 [Source:HGNC Symbol;Acc:HGNC:20612]	no	YAP_regulated	NA
ENSG00000084731	2	common_down	KIF3C	16.22	2	25982497	kinesin family member 3C [Source:HGNC Symbol;Acc:HGNC:6321]	no	YAP_regulated	NA
ENSG00000084734	2	common_down	GCKR	1.32	2	27496839	glucokinase regulator [Source:HGNC Symbol;Acc:HGNC:4196]	no	Not_regulated_by_YAP	NA
ENSG00000086619	2	common_down	ERO1B	6.19	1	236281958	endoplasmic reticulum oxidoreductase 1 beta [Source:HGNC Symbol;Acc:HGNC:14355]	no	Not_regulated_by_YAP	NA
ENSG00000087074	2	common_down	PPP1R15A	23.64	19	48872421	protein phosphatase 1 regulatory subunit 15A [Source:HGNC Symbol;Acc:HGNC:14375]	no	YAP_regulated	NA
ENSG00000087111	2	common_down	PIGS	43.47	17	28571528	phosphatidylinositol glycan anchor biosynthesis class S [Source:HGNC Symbol;Acc:HGNC:14937]	no	YAP_regulated	NA
ENSG00000087116	2	common_down	ADAMTS2	4.9	5	179345461	ADAM metallopeptidase with thrombospondin type 1 motif 2 [Source:HGNC Symbol;Acc:HGNC:218]	no	Not_regulated_by_YAP	NA
ENSG00000087266	2	common_down	SH3BP2	35.54	4	2793071	SH3 domain binding protein 2 [Source:HGNC Symbol;Acc:HGNC:10825]	no	YAP_regulated	NA
ENSG00000087338	2	common_down	GMCL1	9.43	2	69829660	germ cell-less 1, spermatogenesis associated [Source:HGNC Symbol;Acc:HGNC:23843]	no	YAP_regulated	NA
ENSG00000087460	2	common_down	GNAS	1121.3	20	58839718	GNAS complex locus [Source:HGNC Symbol;Acc:HGNC:4392]	no	YAP_regulated	NA
ENSG00000087586	2	common_down	AURKA	185.22	20	56392196	aurora kinase A [Source:HGNC Symbol;Acc:HGNC:11393]	no	YAP_regulated	NA
ENSG00000088448	2	common_down	ANKRD10	26.48	13	110915069	ankyrin repeat domain 10 [Source:HGNC Symbol;Acc:HGNC:20265]	no	YAP_regulated	NA
ENSG00000088826	2	common_down	SMOX	22.99	20	4120980	spermine oxidase [Source:HGNC Symbol;Acc:HGNC:15862]	no	YAP_regulated	NA
ENSG00000089157	2	common_down	RPLP0	2770.1	12	120201111	ribosomal protein lateral stalk subunit P0 [Source:HGNC Symbol;Acc:HGNC:10371]	no	Not_regulated_by_YAP	NA
ENSG00000089159	2	common_down	PXN	124.29	12	120250161	paxillin [Source:HGNC Symbol;Acc:HGNC:9718]	no	YAP_regulated	NA
ENSG00000089248	2	common_down	ERP29	121.8	12	112013426	endoplasmic reticulum protein 29 [Source:HGNC Symbol;Acc:HGNC:13799]	no	YAP_regulated	NA
ENSG00000090861	2	common_down	AARS1	140.67	16	70289506	alanyl-tRNA synthetase 1 [Source:HGNC Symbol;Acc:HGNC:20]	no	Not_regulated_by_YAP	NA
ENSG00000092439	2	common_down	TRPM7	16.21	15	50575008	transient receptor potential cation channel subfamily M member 7 [Source:HGNC Symbol;Acc:HGNC:17994]	no	YAP_regulated	NA
ENSG00000092470	2	common_down	WDR76	22.27	15	43827002	WD repeat domain 76 [Source:HGNC Symbol;Acc:HGNC:25773]	no	Not_regulated_by_YAP	NA
ENSG00000092531	2	common_down	SNAP23	55.18	15	42491233	synaptosome associated protein 23 [Source:HGNC Symbol;Acc:HGNC:11131]	no	YAP_regulated	NA
ENSG00000092969	2	common_down	TGFB2	111.36	1	218345336	transforming growth factor beta 2 [Source:HGNC Symbol;Acc:HGNC:11768]	no	Not_regulated_by_YAP	NA
ENSG00000095787	2	common_down	WAC	69.17	10	28532493	WW domain containing adaptor with coiled-coil [Source:HGNC Symbol;Acc:HGNC:17327]	no	YAP_regulated	NA
ENSG00000099204	2	common_down	ABLIM1	38.41	10	114526931	actin binding LIM protein 1 [Source:HGNC Symbol;Acc:HGNC:78]	no	Not_regulated_by_YAP	NA
ENSG00000099860	2	common_down	GADD45B	59.93	19	2476122	growth arrest and DNA damage inducible beta [Source:HGNC Symbol;Acc:HGNC:4096]	no	Not_regulated_by_YAP	NA
ENSG00000099875	2	common_down	MKNK2	55.88	19	2041842	MAPK interacting serine/threonine kinase 2 [Source:HGNC Symbol;Acc:HGNC:7111]	no	YAP_regulated	NA
ENSG00000100003	2	common_down	SEC14L2	19.14	22	30397018	SEC14 like lipid binding 2 [Source:HGNC Symbol;Acc:HGNC:10699]	no	YAP_regulated	NA
ENSG00000100060	2	common_down	MFNG	18.44	22	37486384	MFNG O-fucosylpeptide 3-beta-N-acetylglucosaminyltransferase [Source:HGNC Symbol;Acc:HGNC:7038]	no	Not_regulated_by_YAP	NA
ENSG00000100417	2	common_down	PMM1	44.44	22	41589840	phosphomannomutase 1 [Source:HGNC Symbol;Acc:HGNC:9114]	no	YAP_regulated	NA
ENSG00000100814	2	common_down	CCNB1IP1	36.81	14	20333010	cyclin B1 interacting protein 1 [Source:HGNC Symbol;Acc:HGNC:19437]	no	Not_regulated_by_YAP	NA
ENSG00000101017	2	common_down	CD40	45.25	20	46122318	CD40 molecule [Source:HGNC Symbol;Acc:HGNC:11919]	no	YAP_regulated	NA
ENSG00000101126	2	common_down	ADNP	38.22	20	50931437	activity dependent neuroprotector homeobox [Source:HGNC Symbol;Acc:HGNC:15766]	Yes	YAP_regulated	Homeodomain
ENSG00000101189	2	common_down	MRGBP	38.43	20	62796473	MRG domain binding protein [Source:HGNC Symbol;Acc:HGNC:15866]	no	YAP_regulated	NA
ENSG00000101190	2	common_down	TCFL5	11.59	20	62861822	transcription factor like 5 [Source:HGNC Symbol;Acc:HGNC:11646]	Yes	YAP_regulated	bHLH
ENSG00000101255	2	common_down	TRIB3	86.78	20	362835	tribbles pseudokinase 3 [Source:HGNC Symbol;Acc:HGNC:16228]	no	Not_regulated_by_YAP	NA
ENSG00000101363	2	common_down	MANBAL	86.17	20	37289638	mannosidase beta like [Source:HGNC Symbol;Acc:HGNC:15799]	no	YAP_regulated	NA
ENSG00000101782	2	common_down	RIOK3	30.89	18	23453287	RIO kinase 3 [Source:HGNC Symbol;Acc:HGNC:11451]	no	YAP_regulated	NA
ENSG00000101849	2	common_down	TBL1X	22.46	X	9463320	transducin beta like 1 X-linked [Source:HGNC Symbol;Acc:HGNC:11585]	no	Not_regulated_by_YAP	NA
ENSG00000102172	2	common_down	SMS	364.39	X	21940709	spermine synthase [Source:HGNC Symbol;Acc:HGNC:11123]	no	YAP_regulated	NA
ENSG00000102312	2	common_down	PORCN	25.23	X	48508962	porcupine O-acyltransferase [Source:HGNC Symbol;Acc:HGNC:17652]	no	Not_regulated_by_YAP	NA
ENSG00000102572	2	common_down	STK24	76.67	13	98576863	serine/threonine kinase 24 [Source:HGNC Symbol;Acc:HGNC:11403]	no	YAP_regulated	NA
ENSG00000102699	2	common_down	PARP4	45.98	13	24512778	poly(ADP-ribose) polymerase family member 4 [Source:HGNC Symbol;Acc:HGNC:271]	no	YAP_regulated	NA
ENSG00000103126	2	common_down	AXIN1	12.61	16	346322	axin 1 [Source:HGNC Symbol;Acc:HGNC:903]	no	YAP_regulated	NA
ENSG00000103257	2	common_down	SLC7A5	489.59	16	87863639	solute carrier family 7 member 5 [Source:HGNC Symbol;Acc:HGNC:11063]	no	Not_regulated_by_YAP	NA
ENSG00000103335	2	common_down	PIEZO1	158.55	16	88785220	piezo type mechanosensitive ion channel component 1 [Source:HGNC Symbol;Acc:HGNC:28993]	no	Not_regulated_by_YAP	NA
ENSG00000103479	2	common_down	RBL2	33.96	16	53435619	RB transcriptional corepressor like 2 [Source:HGNC Symbol;Acc:HGNC:9894]	no	Not_regulated_by_YAP	NA
ENSG00000103994	2	common_down	ZNF106	20.35	15	42448298	zinc finger protein 106 [Source:HGNC Symbol;Acc:HGNC:12886]	no	Not_regulated_by_YAP	NA
ENSG00000104047	2	common_down	DTWD1	28.94	15	49621048	DTW domain containing 1 [Source:HGNC Symbol;Acc:HGNC:30926]	no	Not_regulated_by_YAP	NA
ENSG00000104231	2	common_down	ZFAND1	119.52	8	81715039	zinc finger AN1-type containing 1 [Source:HGNC Symbol;Acc:HGNC:25858]	no	YAP_regulated	NA
ENSG00000104419	2	common_down	NDRG1	125.06	8	133297252	N-myc downstream regulated 1 [Source:HGNC Symbol;Acc:HGNC:7679]	no	YAP_regulated	NA
ENSG00000104432	2	common_down	IL7	5.47	8	78738570	interleukin 7 [Source:HGNC Symbol;Acc:HGNC:6023]	no	YAP_regulated	NA
ENSG00000104635	2	common_down	SLC39A14	104.36	8	22367249	solute carrier family 39 member 14 [Source:HGNC Symbol;Acc:HGNC:20858]	no	Not_regulated_by_YAP	NA
ENSG00000104756	2	common_down	KCTD9	41.97	8	25458433	potassium channel tetramerization domain containing 9 [Source:HGNC Symbol;Acc:HGNC:22401]	no	YAP_regulated	NA
ENSG00000104915	2	common_down	STX10	67.6	19	13150287	syntaxin 10 [Source:HGNC Symbol;Acc:HGNC:11428]	no	YAP_regulated	NA
ENSG00000105135	2	common_down	ILVBL	38.6	19	15124034	ilvB acetolactate synthase like [Source:HGNC Symbol;Acc:HGNC:6041]	no	YAP_regulated	NA
ENSG00000105327	2	common_down	BBC3	4.87	19	47222568	BCL2 binding component 3 [Source:HGNC Symbol;Acc:HGNC:17868]	no	YAP_regulated	NA
ENSG00000105372	2	common_down	RPS19	1098.7	19	41860255	ribosomal protein S19 [Source:HGNC Symbol;Acc:HGNC:10402]	no	YAP_regulated	NA
ENSG00000105576	2	common_down	TNPO2	64.12	19	12722355	transportin 2 [Source:HGNC Symbol;Acc:HGNC:19998]	no	Not_regulated_by_YAP	NA
ENSG00000105699	2	common_down	LSR	13.48	19	35266496	lipolysis stimulated lipoprotein receptor [Source:HGNC Symbol;Acc:HGNC:29572]	no	YAP_regulated	NA
ENSG00000105971	2	common_down	CAV2	280.48	7	116287380	caveolin 2 [Source:HGNC Symbol;Acc:HGNC:1528]	no	YAP_regulated	NA
ENSG00000105993	2	common_down	DNAJB6	280.56	7	157335381	DnaJ heat shock protein family (Hsp40) member B6 [Source:HGNC Symbol;Acc:HGNC:14888]	no	Not_regulated_by_YAP	NA
ENSG00000106009	2	common_down	BRAT1	16.46	7	2555524	BRCA1 associated ATM activator 1 [Source:HGNC Symbol;Acc:HGNC:21701]	no	Not_regulated_by_YAP	NA
ENSG00000106012	2	common_down	IQCE	10.33	7	2558979	IQ motif containing E [Source:HGNC Symbol;Acc:HGNC:29171]	no	Not_regulated_by_YAP	NA
ENSG00000106366	2	common_down	SERPINE1	1023.9	7	101127104	serpin family E member 1 [Source:HGNC Symbol;Acc:HGNC:8583]	no	YAP_regulated	NA
ENSG00000106538	2	common_down	RARRES2	311.63	7	150341660	retinoic acid receptor responder 2 [Source:HGNC Symbol;Acc:HGNC:9868]	no	Not_regulated_by_YAP	NA
ENSG00000106603	2	common_down	COA1	96.67	7	43729513	cytochrome c oxidase assembly factor 1 homolog [Source:HGNC Symbol;Acc:HGNC:21868]	no	YAP_regulated	NA
ENSG00000106615	2	common_down	RHEB	394.16	7	151519895	Ras homolog, mTORC1 binding [Source:HGNC Symbol;Acc:HGNC:10011]	no	YAP_regulated	NA
ENSG00000106617	2	common_down	PRKAG2	58.42	7	151877115	protein kinase AMP-activated non-catalytic subunit gamma 2 [Source:HGNC Symbol;Acc:HGNC:9386]	no	Not_regulated_by_YAP	NA
ENSG00000106733	2	common_down	NMRK1	29.11	9	75088190	nicotinamide riboside kinase 1 [Source:HGNC Symbol;Acc:HGNC:26057]	no	YAP_regulated	NA
ENSG00000106771	2	common_down	TMEM245	70.29	9	109119947	transmembrane protein 245 [Source:HGNC Symbol;Acc:HGNC:1363]	no	YAP_regulated	NA
ENSG00000107249	2	common_down	GLIS3	16.29	9	4152183	GLIS family zinc finger 3 [Source:HGNC Symbol;Acc:HGNC:28510]	Yes	Not_regulated_by_YAP	C2H2 ZF
ENSG00000107551	2	common_down	RASSF4	51.95	10	44959407	Ras association domain family member 4 [Source:HGNC Symbol;Acc:HGNC:20793]	no	YAP_regulated	NA
ENSG00000107679	2	common_down	PLEKHA1	31	10	122374696	pleckstrin homology domain containing A1 [Source:HGNC Symbol;Acc:HGNC:14335]	no	YAP_regulated	NA
ENSG00000107816	2	common_down	LZTS2	35.94	10	100996618	leucine zipper tumor suppressor 2 [Source:HGNC Symbol;Acc:HGNC:29381]	no	YAP_regulated	NA
ENSG00000107864	2	common_down	CPEB3	0.35	10	92243246	cytoplasmic polyadenylation element binding protein 3 [Source:HGNC Symbol;Acc:HGNC:21746]	no	Not_regulated_by_YAP	NA
ENSG00000108262	2	common_down	GIT1	16.56	17	29589627	GIT ArfGAP 1 [Source:HGNC Symbol;Acc:HGNC:4272]	no	Not_regulated_by_YAP	NA
ENSG00000108474	2	common_down	PIGL	18.76	17	16217191	phosphatidylinositol glycan anchor biosynthesis class L [Source:HGNC Symbol;Acc:HGNC:8966]	no	YAP_regulated	NA
ENSG00000108510	2	common_down	MED13	13.25	17	62031489	mediator complex subunit 13 [Source:HGNC Symbol;Acc:HGNC:22474]	no	YAP_regulated	NA
ENSG00000108666	2	common_down	C17orf75	22.66	17	32335362	chromosome 17 open reading frame 75 [Source:HGNC Symbol;Acc:HGNC:30173]	no	YAP_regulated	NA
ENSG00000108813	2	common_down	DLX4	0.03	17	49968970	distal-less homeobox 4 [Source:HGNC Symbol;Acc:HGNC:2917]	Yes	Not_regulated_by_YAP	Homeodomain
ENSG00000108840	2	common_down	HDAC5	3.45	17	44123628	histone deacetylase 5 [Source:HGNC Symbol;Acc:HGNC:14068]	no	YAP_regulated	NA
ENSG00000109046	2	common_down	WSB1	52.01	17	27294076	WD repeat and SOCS box containing 1 [Source:HGNC Symbol;Acc:HGNC:19221]	no	YAP_regulated	NA
ENSG00000109083	2	common_down	IFT20	37.13	17	28329810	intraflagellar transport 20 [Source:HGNC Symbol;Acc:HGNC:30989]	no	YAP_regulated	NA
ENSG00000109084	2	common_down	TMEM97	39.18	17	28319200	transmembrane protein 97 [Source:HGNC Symbol;Acc:HGNC:28106]	no	YAP_regulated	NA
ENSG00000109736	2	common_down	MFSD10	103.66	4	2933947	major facilitator superfamily domain containing 10 [Source:HGNC Symbol;Acc:HGNC:16894]	no	YAP_regulated	NA
ENSG00000109738	2	common_down	GLRB	7.57	4	157076150	glycine receptor beta [Source:HGNC Symbol;Acc:HGNC:4329]	no	Not_regulated_by_YAP	NA
ENSG00000109794	2	common_down	FAM149A	5.87	4	186144061	family with sequence similarity 149 member A [Source:HGNC Symbol;Acc:HGNC:24527]	no	Not_regulated_by_YAP	NA
ENSG00000110092	2	common_down	CCND1	199.94	11	69641156	cyclin D1 [Source:HGNC Symbol;Acc:HGNC:1582]	no	YAP_regulated	NA
ENSG00000110395	2	common_down	CBL	8.14	11	119206424	Cbl proto-oncogene [Source:HGNC Symbol;Acc:HGNC:1541]	no	YAP_regulated	NA
ENSG00000110619	2	common_down	CARS1	61.8	11	3057418	cysteinyl-tRNA synthetase 1 [Source:HGNC Symbol;Acc:HGNC:1493]	no	Not_regulated_by_YAP	NA
ENSG00000110660	2	common_down	SLC35F2	60.37	11	107858787	solute carrier family 35 member F2 [Source:HGNC Symbol;Acc:HGNC:23615]	no	Not_regulated_by_YAP	NA
ENSG00000110697	2	common_down	PITPNM1	21.51	11	67504369	phosphatidylinositol transfer protein membrane associated 1 [Source:HGNC Symbol;Acc:HGNC:9003]	no	YAP_regulated	NA
ENSG00000110721	2	common_down	CHKA	7.48	11	68121388	choline kinase alpha [Source:HGNC Symbol;Acc:HGNC:1937]	no	Not_regulated_by_YAP	NA
ENSG00000110723	2	common_down	EXPH5	0.97	11	108593768	exophilin 5 [Source:HGNC Symbol;Acc:HGNC:30578]	no	Not_regulated_by_YAP	NA
ENSG00000110987	2	common_down	BCL7A	6.42	12	122019422	BAF chromatin remodeling complex subunit BCL7A [Source:HGNC Symbol;Acc:HGNC:1004]	no	Not_regulated_by_YAP	NA
ENSG00000111674	2	common_down	ENO2	47.38	12	6913745	enolase 2 [Source:HGNC Symbol;Acc:HGNC:3353]	no	Not_regulated_by_YAP	NA
ENSG00000111785	2	common_down	RIC8B	5.8	12	106774682	RIC8 guanine nucleotide exchange factor B [Source:HGNC Symbol;Acc:HGNC:25555]	no	YAP_regulated	NA
ENSG00000111850	2	common_down	SMIM8	1.94	6	87322583	small integral membrane protein 8 [Source:HGNC Symbol;Acc:HGNC:21401]	no	Not_regulated_by_YAP	NA
ENSG00000111879	2	common_down	FAM184A	0.42	6	118975988	family with sequence similarity 184 member A [Source:HGNC Symbol;Acc:HGNC:20991]	no	Not_regulated_by_YAP	NA
ENSG00000111885	2	common_down	MAN1A1	16.29	6	119349761	mannosidase alpha class 1A member 1 [Source:HGNC Symbol;Acc:HGNC:6821]	no	Not_regulated_by_YAP	NA
ENSG00000112378	2	common_down	PERP	38.9	6	138107419	p53 apoptosis effector related to PMP22 [Source:HGNC Symbol;Acc:HGNC:17637]	no	Not_regulated_by_YAP	NA
ENSG00000112379	2	common_down	ARFGEF3	2.58	6	138161939	ARFGEF family member 3 [Source:HGNC Symbol;Acc:HGNC:21213]	no	Not_regulated_by_YAP	NA
ENSG00000112511	2	common_down	PHF1	11.34	6	33410751	PHD finger protein 1 [Source:HGNC Symbol;Acc:HGNC:8919]	Yes	YAP_regulated	Unknown
ENSG00000112640	2	common_down	PPP2R5D	43.12	6	42984570	protein phosphatase 2 regulatory subunit B'delta [Source:HGNC Symbol;Acc:HGNC:9312]	no	YAP_regulated	NA
ENSG00000112715	2	common_down	VEGFA	127.46	6	43774353	vascular endothelial growth factor A [Source:HGNC Symbol;Acc:HGNC:12680]	no	YAP_regulated	NA
ENSG00000112902	2	common_down	SEMA5A	12.52	5	9546075	semaphorin 5A [Source:HGNC Symbol;Acc:HGNC:10736]	no	YAP_regulated	NA
ENSG00000113240	2	common_down	CLK4	11.59	5	178627088	CDC like kinase 4 [Source:HGNC Symbol;Acc:HGNC:13659]	no	YAP_regulated	NA
ENSG00000113269	2	common_down	RNF130	26	5	180071721	ring finger protein 130 [Source:HGNC Symbol;Acc:HGNC:18280]	no	YAP_regulated	NA
ENSG00000113504	2	common_down	SLC12A7	10.97	5	1112063	solute carrier family 12 member 7 [Source:HGNC Symbol;Acc:HGNC:10915]	no	Not_regulated_by_YAP	NA
ENSG00000113522	2	common_down	RAD50	26.53	5	132557142	RAD50 double strand break repair protein [Source:HGNC Symbol;Acc:HGNC:9816]	no	YAP_regulated	NA
ENSG00000113638	2	common_down	TTC33	15.6	5	40755908	tetratricopeptide repeat domain 33 [Source:HGNC Symbol;Acc:HGNC:29959]	no	YAP_regulated	NA
ENSG00000113658	2	common_down	SMAD5	23.53	5	136132847	SMAD family member 5 [Source:HGNC Symbol;Acc:HGNC:6771]	Yes	YAP_regulated	SMAD
ENSG00000113719	2	common_down	ERGIC1	226.97	5	172834251	endoplasmic reticulum-golgi intermediate compartment 1 [Source:HGNC Symbol;Acc:HGNC:29205]	no	YAP_regulated	NA
ENSG00000114019	2	common_down	AMOTL2	60.09	3	134374594	angiomotin like 2 [Source:HGNC Symbol;Acc:HGNC:17812]	no	YAP_regulated	NA
ENSG00000114346	2	common_down	ECT2	135.8	3	172750682	epithelial cell transforming 2 [Source:HGNC Symbol;Acc:HGNC:3155]	no	YAP_regulated	NA
ENSG00000114626	2	common_down	ABTB1	3.44	3	127673034	ankyrin repeat and BTB domain containing 1 [Source:HGNC Symbol;Acc:HGNC:18275]	no	YAP_regulated	NA
ENSG00000114698	2	common_down	PLSCR4	0.07	3	146251125	phospholipid scramblase 4 [Source:HGNC Symbol;Acc:HGNC:16497]	no	Not_regulated_by_YAP	NA
ENSG00000114982	2	common_down	KANSL3	25.52	2	96638346	KAT8 regulatory NSL complex subunit 3 [Source:HGNC Symbol;Acc:HGNC:25473]	no	YAP_regulated	NA
ENSG00000115295	2	common_down	CLIP4	22.38	2	29097705	CAP-Gly domain containing linker protein family member 4 [Source:HGNC Symbol;Acc:HGNC:26108]	no	YAP_regulated	NA
ENSG00000115307	2	common_down	AUP1	121.43	2	74529760	AUP1 lipid droplet regulating VLDL assembly factor [Source:HGNC Symbol;Acc:HGNC:891]	no	YAP_regulated	NA
ENSG00000115935	2	common_down	WIPF1	21.52	2	174634579	WAS/WASL interacting protein family member 1 [Source:HGNC Symbol;Acc:HGNC:12736]	no	Not_regulated_by_YAP	NA
ENSG00000115966	2	common_down	ATF2	24.94	2	175168206	activating transcription factor 2 [Source:HGNC Symbol;Acc:HGNC:784]	Yes	YAP_regulated	bZIP
ENSG00000116285	2	common_down	ERRFI1	195.96	1	8026283	ERBB receptor feedback inhibitor 1 [Source:HGNC Symbol;Acc:HGNC:18185]	no	Not_regulated_by_YAP	NA
ENSG00000116337	2	common_down	AMPD2	183	1	109616104	adenosine monophosphate deaminase 2 [Source:HGNC Symbol;Acc:HGNC:469]	no	YAP_regulated	NA
ENSG00000116514	2	common_down	RNF19B	20.81	1	32964685	ring finger protein 19B [Source:HGNC Symbol;Acc:HGNC:26886]	no	YAP_regulated	NA
ENSG00000116584	2	common_down	ARHGEF2	18.91	1	155990073	Rho/Rac guanine nucleotide exchange factor 2 [Source:HGNC Symbol;Acc:HGNC:682]	no	YAP_regulated	NA
ENSG00000116667	2	common_down	C1orf21	7.66	1	184387029	chromosome 1 open reading frame 21 [Source:HGNC Symbol;Acc:HGNC:15494]	no	Not_regulated_by_YAP	NA
ENSG00000116670	2	common_down	MAD2L2	79.74	1	11691477	mitotic arrest deficient 2 like 2 [Source:HGNC Symbol;Acc:HGNC:6764]	no	YAP_regulated	NA
ENSG00000116675	2	common_down	DNAJC6	3.32	1	65384086	DnaJ heat shock protein family (Hsp40) member C6 [Source:HGNC Symbol;Acc:HGNC:15469]	no	Not_regulated_by_YAP	NA
ENSG00000116678	2	common_down	LEPR	6.61	1	65420652	leptin receptor [Source:HGNC Symbol;Acc:HGNC:6554]	no	YAP_regulated	NA
ENSG00000116691	2	common_down	MIIP	20.5	1	12019466	migration and invasion inhibitory protein [Source:HGNC Symbol;Acc:HGNC:25715]	no	YAP_regulated	NA
ENSG00000116717	2	common_down	GADD45A	120.94	1	67685676	growth arrest and DNA damage inducible alpha [Source:HGNC Symbol;Acc:HGNC:4095]	no	YAP_regulated	NA
ENSG00000116761	2	common_down	CTH	9.8	1	70411272	cystathionine gamma-lyase [Source:HGNC Symbol;Acc:HGNC:2501]	no	YAP_regulated	NA
ENSG00000116786	2	common_down	PLEKHM2	38.51	1	15684320	pleckstrin homology and RUN domain containing M2 [Source:HGNC Symbol;Acc:HGNC:29131]	no	Not_regulated_by_YAP	NA
ENSG00000116857	2	common_down	TMEM9	167.62	1	201154494	transmembrane protein 9 [Source:HGNC Symbol;Acc:HGNC:18823]	no	YAP_regulated	NA
ENSG00000116906	2	common_down	GNPAT	43.99	1	231241207	glyceronephosphate O-acyltransferase [Source:HGNC Symbol;Acc:HGNC:4416]	no	Not_regulated_by_YAP	NA
ENSG00000116985	2	common_down	BMP8B	3.3	1	39788865	bone morphogenetic protein 8b [Source:HGNC Symbol;Acc:HGNC:1075]	no	Not_regulated_by_YAP	NA
ENSG00000117020	2	common_down	AKT3	25.06	1	243843236	AKT serine/threonine kinase 3 [Source:HGNC Symbol;Acc:HGNC:393]	no	YAP_regulated	NA
ENSG00000117266	2	common_down	CDK18	21.79	1	205504595	cyclin dependent kinase 18 [Source:HGNC Symbol;Acc:HGNC:8751]	no	Not_regulated_by_YAP	NA
ENSG00000117335	2	common_down	CD46	151.91	1	207752054	CD46 molecule [Source:HGNC Symbol;Acc:HGNC:6953]	no	Not_regulated_by_YAP	NA
ENSG00000117408	2	common_down	IPO13	21.3	1	43965939	importin 13 [Source:HGNC Symbol;Acc:HGNC:16853]	no	YAP_regulated	NA
ENSG00000117477	2	common_down	CCDC181	1.09	1	169427417	coiled-coil domain containing 181 [Source:HGNC Symbol;Acc:HGNC:28051]	no	Not_regulated_by_YAP	NA
ENSG00000117602	2	common_down	RCAN3	10.66	1	24502351	RCAN family member 3 [Source:HGNC Symbol;Acc:HGNC:3042]	no	YAP_regulated	NA
ENSG00000117614	2	common_down	SYF2	40.37	1	25232502	SYF2 pre-mRNA splicing factor [Source:HGNC Symbol;Acc:HGNC:19824]	no	Not_regulated_by_YAP	NA
ENSG00000117676	2	common_down	RPS6KA1	29.86	1	26529761	ribosomal protein S6 kinase A1 [Source:HGNC Symbol;Acc:HGNC:10430]	no	YAP_regulated	NA
ENSG00000118058	2	common_down	KMT2A	18.47	11	118495191	lysine methyltransferase 2A [Source:HGNC Symbol;Acc:HGNC:7132]	Yes	YAP_regulated	CxxC; AT hook
ENSG00000118596	2	common_down	SLC16A7	2.99	12	59596067	solute carrier family 16 member 7 [Source:HGNC Symbol;Acc:HGNC:10928]	no	Not_regulated_by_YAP	NA
ENSG00000118961	2	common_down	LDAH	26.18	2	20823104	lipid droplet associated hydrolase [Source:HGNC Symbol;Acc:HGNC:26145]	no	Not_regulated_by_YAP	NA
ENSG00000119314	2	common_down	PTBP3	99.8	9	112333667	polypyrimidine tract binding protein 3 [Source:HGNC Symbol;Acc:HGNC:10253]	no	YAP_regulated	NA
ENSG00000119326	2	common_down	CTNNAL1	268.38	9	109013522	catenin alpha like 1 [Source:HGNC Symbol;Acc:HGNC:2512]	no	YAP_regulated	NA
ENSG00000119383	2	common_down	PTPA	166.2	9	129110950	protein phosphatase 2 phosphatase activator [Source:HGNC Symbol;Acc:HGNC:9308]	no	YAP_regulated	NA
ENSG00000119392	2	common_down	GLE1	31.36	9	128504719	GLE1 RNA export mediator [Source:HGNC Symbol;Acc:HGNC:4315]	no	YAP_regulated	NA
ENSG00000119408	2	common_down	NEK6	75.58	9	124257606	NIMA related kinase 6 [Source:HGNC Symbol;Acc:HGNC:7749]	no	YAP_regulated	NA
ENSG00000119522	2	common_down	DENND1A	30.28	9	123798515	DENN domain containing 1A [Source:HGNC Symbol;Acc:HGNC:29324]	no	Not_regulated_by_YAP	NA
ENSG00000119537	2	common_down	KDSR	31.06	18	63367206	3-ketodihydrosphingosine reductase [Source:HGNC Symbol;Acc:HGNC:4021]	no	YAP_regulated	NA
ENSG00000119640	2	common_down	ACYP1	13.71	14	75064024	acylphosphatase 1 [Source:HGNC Symbol;Acc:HGNC:179]	no	Not_regulated_by_YAP	NA
ENSG00000119801	2	common_down	YPEL5	38.09	2	30146941	yippee like 5 [Source:HGNC Symbol;Acc:HGNC:18329]	no	YAP_regulated	NA
ENSG00000119865	2	common_down	CNRIP1	16.04	2	68319400	cannabinoid receptor interacting protein 1 [Source:HGNC Symbol;Acc:HGNC:24546]	no	Not_regulated_by_YAP	NA
ENSG00000119950	2	common_down	MXI1	14.14	10	110227087	MAX interactor 1, dimerization protein [Source:HGNC Symbol;Acc:HGNC:7534]	Yes	YAP_regulated	bHLH
ENSG00000120071	2	common_down	KANSL1	9.47	17	46046121	KAT8 regulatory NSL complex subunit 1 [Source:HGNC Symbol;Acc:HGNC:24565]	no	YAP_regulated	NA
ENSG00000120129	2	common_down	DUSP1	52.46	5	172771195	dual specificity phosphatase 1 [Source:HGNC Symbol;Acc:HGNC:3064]	no	Not_regulated_by_YAP	NA
ENSG00000120254	2	common_down	MTHFD1L	93.4	6	150865549	methylenetetrahydrofolate dehydrogenase (NADP+ dependent) 1 like [Source:HGNC Symbol;Acc:HGNC:21055]	no	YAP_regulated	NA
ENSG00000120697	2	common_down	ALG5	33.63	13	36999340	ALG5 dolichyl-phosphate beta-glucosyltransferase [Source:HGNC Symbol;Acc:HGNC:20266]	no	Not_regulated_by_YAP	NA
ENSG00000121060	2	common_down	TRIM25	33.67	17	56895774	tripartite motif containing 25 [Source:HGNC Symbol;Acc:HGNC:12932]	no	YAP_regulated	NA
ENSG00000121064	2	common_down	SCPEP1	16.76	17	56997014	serine carboxypeptidase 1 [Source:HGNC Symbol;Acc:HGNC:29507]	no	Not_regulated_by_YAP	NA
ENSG00000121644	2	common_down	DESI2	51.22	1	244653126	desumoylating isopeptidase 2 [Source:HGNC Symbol;Acc:HGNC:24264]	no	YAP_regulated	NA
ENSG00000121858	2	common_down	TNFSF10	397.55	3	172523465	TNF superfamily member 10 [Source:HGNC Symbol;Acc:HGNC:11925]	no	YAP_regulated	NA
ENSG00000121892	2	common_down	PDS5A	45.38	4	39977911	PDS5 cohesin associated factor A [Source:HGNC Symbol;Acc:HGNC:29088]	no	YAP_regulated	NA
ENSG00000121900	2	common_down	TMEM54	222.72	1	32895587	transmembrane protein 54 [Source:HGNC Symbol;Acc:HGNC:24143]	no	Not_regulated_by_YAP	NA
ENSG00000122203	2	common_down	KIAA1191	65.77	5	176361764	KIAA1191 [Source:HGNC Symbol;Acc:HGNC:29209]	no	Not_regulated_by_YAP	NA
ENSG00000122359	2	common_down	ANXA11	101.36	10	80205572	annexin A11 [Source:HGNC Symbol;Acc:HGNC:535]	no	YAP_regulated	NA
ENSG00000122406	2	common_down	RPL5	1352.9	1	92832013	ribosomal protein L5 [Source:HGNC Symbol;Acc:HGNC:10360]	no	Not_regulated_by_YAP	NA
ENSG00000122863	2	common_down	CHST3	29.74	10	71964395	carbohydrate sulfotransferase 3 [Source:HGNC Symbol;Acc:HGNC:1971]	no	YAP_regulated	NA
ENSG00000122884	2	common_down	P4HA1	82.74	10	73096850	prolyl 4-hydroxylase subunit alpha 1 [Source:HGNC Symbol;Acc:HGNC:8546]	no	YAP_regulated	NA
ENSG00000123066	2	common_down	MED13L	12.06	12	116277719	mediator complex subunit 13L [Source:HGNC Symbol;Acc:HGNC:22962]	no	YAP_regulated	NA
ENSG00000123143	2	common_down	PKN1	97.46	19	14463875	protein kinase N1 [Source:HGNC Symbol;Acc:HGNC:9405]	no	YAP_regulated	NA
ENSG00000123146	2	common_down	ADGRE5	83.38	19	14380501	adhesion G protein-coupled receptor E5 [Source:HGNC Symbol;Acc:HGNC:1711]	no	Not_regulated_by_YAP	NA
ENSG00000123240	2	common_down	OPTN	98.77	10	13100169	optineurin [Source:HGNC Symbol;Acc:HGNC:17142]	no	YAP_regulated	NA
ENSG00000123575	2	common_down	FAM199X	25.4	X	104166453	family with sequence similarity 199, X-linked [Source:HGNC Symbol;Acc:HGNC:25195]	no	YAP_regulated	NA
ENSG00000123983	2	common_down	ACSL3	112.13	2	222861036	acyl-CoA synthetase long chain family member 3 [Source:HGNC Symbol;Acc:HGNC:3570]	no	YAP_regulated	NA
ENSG00000124151	2	common_down	NCOA3	9.6	20	47501887	nuclear receptor coactivator 3 [Source:HGNC Symbol;Acc:HGNC:7670]	Yes	YAP_regulated	bHLH
ENSG00000124164	2	common_down	VAPB	49.47	20	58389229	VAMP associated protein B and C [Source:HGNC Symbol;Acc:HGNC:12649]	no	YAP_regulated	NA
ENSG00000124222	2	common_down	STX16	72.23	20	58651272	syntaxin 16 [Source:HGNC Symbol;Acc:HGNC:11431]	no	YAP_regulated	NA
ENSG00000124406	2	common_down	ATP8A1	0.57	4	42507154	ATPase phospholipid transporting 8A1 [Source:HGNC Symbol;Acc:HGNC:13531]	no	Not_regulated_by_YAP	NA
ENSG00000125107	2	common_down	CNOT1	167.43	16	58629826	CCR4-NOT transcription complex subunit 1 [Source:HGNC Symbol;Acc:HGNC:7877]	no	YAP_regulated	NA
ENSG00000125170	2	common_down	DOK4	29.11	16	57479805	docking protein 4 [Source:HGNC Symbol;Acc:HGNC:19868]	no	YAP_regulated	NA
ENSG00000125246	2	common_down	CLYBL	10.16	13	99606669	citrate lyase beta like [Source:HGNC Symbol;Acc:HGNC:18355]	no	YAP_regulated	NA
ENSG00000125257	2	common_down	ABCC4	27.4	13	95301451	ATP binding cassette subfamily C member 4 [Source:HGNC Symbol;Acc:HGNC:55]	no	Not_regulated_by_YAP	NA
ENSG00000125457	2	common_down	MIF4GD	23.18	17	75271218	MIF4G domain containing [Source:HGNC Symbol;Acc:HGNC:24030]	no	YAP_regulated	NA
ENSG00000125826	2	common_down	RBCK1	128.59	20	408343	RANBP2-type and C3HC4-type zinc finger containing 1 [Source:HGNC Symbol;Acc:HGNC:15864]	Yes	YAP_regulated	Unknown
ENSG00000125966	2	common_down	MMP24	27.9	20	35226690	matrix metallopeptidase 24 [Source:HGNC Symbol;Acc:HGNC:7172]	no	Not_regulated_by_YAP	NA
ENSG00000125970	2	common_down	RALY	202.93	20	33993646	RALY heterogeneous nuclear ribonucleoprotein [Source:HGNC Symbol;Acc:HGNC:15921]	no	YAP_regulated	NA
ENSG00000126070	2	common_down	AGO3	5.64	1	35930718	argonaute RISC catalytic component 3 [Source:HGNC Symbol;Acc:HGNC:18421]	no	YAP_regulated	NA
ENSG00000126216	2	common_down	TUBGCP3	20.59	13	112588153	tubulin gamma complex associated protein 3 [Source:HGNC Symbol;Acc:HGNC:18598]	no	YAP_regulated	NA
ENSG00000127022	2	common_down	CANX	512.62	5	179678628	calnexin [Source:HGNC Symbol;Acc:HGNC:1473]	no	YAP_regulated	NA
ENSG00000127054	2	common_down	INTS11	59.49	1	1324603	integrator complex subunit 11 [Source:HGNC Symbol;Acc:HGNC:26052]	no	Not_regulated_by_YAP	NA
ENSG00000127328	2	common_down	RAB3IP	15.67	12	69738681	RAB3A interacting protein [Source:HGNC Symbol;Acc:HGNC:16508]	no	YAP_regulated	NA
ENSG00000127663	2	common_down	KDM4B	6.74	19	4969114	lysine demethylase 4B [Source:HGNC Symbol;Acc:HGNC:29136]	no	YAP_regulated	NA
ENSG00000127863	2	common_down	TNFRSF19	32.98	13	23570370	TNF receptor superfamily member 19 [Source:HGNC Symbol;Acc:HGNC:11915]	no	YAP_regulated	NA
ENSG00000128016	2	common_down	ZFP36	10.83	19	39407439	ZFP36 ring finger protein [Source:HGNC Symbol;Acc:HGNC:12862]	no	YAP_regulated	NA
ENSG00000128165	2	common_down	ADM2	2.92	22	50481556	adrenomedullin 2 [Source:HGNC Symbol;Acc:HGNC:28898]	no	Not_regulated_by_YAP	NA
ENSG00000128242	2	common_down	GAL3ST1	142.07	22	30560776	galactose-3-O-sulfotransferase 1 [Source:HGNC Symbol;Acc:HGNC:24240]	no	YAP_regulated	NA
ENSG00000128272	2	common_down	ATF4	516.12	22	39519695	activating transcription factor 4 [Source:HGNC Symbol;Acc:HGNC:786]	Yes	YAP_regulated	bZIP
ENSG00000128335	2	common_down	APOL2	100.11	22	36239527	apolipoprotein L2 [Source:HGNC Symbol;Acc:HGNC:619]	no	Not_regulated_by_YAP	NA
ENSG00000128342	2	common_down	LIF	63.08	22	30246759	LIF interleukin 6 family cytokine [Source:HGNC Symbol;Acc:HGNC:6596]	no	Not_regulated_by_YAP	NA
ENSG00000128513	2	common_down	POT1	41.23	7	124929801	protection of telomeres 1 [Source:HGNC Symbol;Acc:HGNC:17284]	no	YAP_regulated	NA
ENSG00000128534	2	common_down	LSM8	92.79	7	118184164	LSM8 homolog, U6 small nuclear RNA associated [Source:HGNC Symbol;Acc:HGNC:20471]	no	YAP_regulated	NA
ENSG00000128596	2	common_down	CCDC136	5.79	7	128790757	coiled-coil domain containing 136 [Source:HGNC Symbol;Acc:HGNC:22225]	no	Not_regulated_by_YAP	NA
ENSG00000128607	2	common_down	KLHDC10	22	7	130070534	kelch domain containing 10 [Source:HGNC Symbol;Acc:HGNC:22194]	no	YAP_regulated	NA
ENSG00000128881	2	common_down	TTBK2	3.39	15	42920778	tau tubulin kinase 2 [Source:HGNC Symbol;Acc:HGNC:19141]	no	YAP_regulated	NA
ENSG00000128908	2	common_down	INO80	16.18	15	41116280	INO80 complex ATPase subunit [Source:HGNC Symbol;Acc:HGNC:26956]	no	YAP_regulated	NA
ENSG00000128923	2	common_down	MINDY2	3.64	15	58771192	MINDY lysine 48 deubiquitinase 2 [Source:HGNC Symbol;Acc:HGNC:26954]	no	YAP_regulated	NA
ENSG00000129003	2	common_down	VPS13C	11.5	15	61856793	vacuolar protein sorting 13 homolog C [Source:HGNC Symbol;Acc:HGNC:23594]	no	YAP_regulated	NA
ENSG00000129422	2	common_down	MTUS1	10.17	8	17676210	microtubule associated scaffold protein 1 [Source:HGNC Symbol;Acc:HGNC:29789]	no	YAP_regulated	NA
ENSG00000129521	2	common_down	EGLN3	45.16	14	33951074	egl-9 family hypoxia inducible factor 3 [Source:HGNC Symbol;Acc:HGNC:14661]	no	Not_regulated_by_YAP	NA
ENSG00000129657	2	common_down	SEC14L1	39.18	17	77088749	SEC14 like lipid binding 1 [Source:HGNC Symbol;Acc:HGNC:10698]	no	YAP_regulated	NA
ENSG00000129667	2	common_down	RHBDF2	73.11	17	76477731	rhomboid 5 homolog 2 [Source:HGNC Symbol;Acc:HGNC:20788]	no	YAP_regulated	NA
ENSG00000130227	2	common_down	XPO7	25.94	8	21919662	exportin 7 [Source:HGNC Symbol;Acc:HGNC:14108]	no	Not_regulated_by_YAP	NA
ENSG00000130255	2	common_down	RPL36	646.46	19	5674947	ribosomal protein L36 [Source:HGNC Symbol;Acc:HGNC:13631]	no	YAP_regulated	NA
ENSG00000130313	2	common_down	PGLS	61.53	19	17511644	6-phosphogluconolactonase [Source:HGNC Symbol;Acc:HGNC:8903]	no	YAP_regulated	NA
ENSG00000130513	2	common_down	GDF15	4.01	19	18374731	growth differentiation factor 15 [Source:HGNC Symbol;Acc:HGNC:30142]	no	YAP_regulated	NA
ENSG00000130517	2	common_down	PGPEP1	1.73	19	18340598	pyroglutamyl-peptidase I [Source:HGNC Symbol;Acc:HGNC:13568]	no	Not_regulated_by_YAP	NA
ENSG00000130522	2	common_down	JUND	24.06	19	18281622	JunD proto-oncogene, AP-1 transcription factor subunit [Source:HGNC Symbol;Acc:HGNC:6206]	Yes	YAP_regulated	bZIP
ENSG00000130717	2	common_down	UCK1	23.67	9	131531179	uridine-cytidine kinase 1 [Source:HGNC Symbol;Acc:HGNC:14859]	no	Not_regulated_by_YAP	NA
ENSG00000130766	2	common_down	SESN2	9.72	1	28259518	sestrin 2 [Source:HGNC Symbol;Acc:HGNC:20746]	no	YAP_regulated	NA
ENSG00000130958	2	common_down	SLC35D2	23.34	9	96383680	solute carrier family 35 member D2 [Source:HGNC Symbol;Acc:HGNC:20799]	no	YAP_regulated	NA
ENSG00000131115	2	common_down	ZNF227	4.88	19	44212571	zinc finger protein 227 [Source:HGNC Symbol;Acc:HGNC:13020]	Yes	Not_regulated_by_YAP	C2H2 ZF
ENSG00000131504	2	common_down	DIAPH1	123.1	5	141524755	diaphanous related formin 1 [Source:HGNC Symbol;Acc:HGNC:2876]	no	YAP_regulated	NA
ENSG00000131508	2	common_down	UBE2D2	126.56	5	139526431	ubiquitin conjugating enzyme E2 D2 [Source:HGNC Symbol;Acc:HGNC:12475]	no	YAP_regulated	NA
ENSG00000131759	2	common_down	RARA	9.87	17	40351387	retinoic acid receptor alpha [Source:HGNC Symbol;Acc:HGNC:9864]	Yes	YAP_regulated	Nuclear receptor
ENSG00000132613	2	common_down	MTSS2	61.29	16	70686053	MTSS I-BAR domain containing 2 [Source:HGNC Symbol;Acc:HGNC:25094]	no	Not_regulated_by_YAP	NA
ENSG00000132640	2	common_down	BTBD3	5.4	20	11890723	BTB domain containing 3 [Source:HGNC Symbol;Acc:HGNC:15854]	no	YAP_regulated	NA
ENSG00000132749	2	common_down	TESMIN	6.28	11	68750265	testis expressed metallothionein like protein [Source:HGNC Symbol;Acc:HGNC:7446]	no	Not_regulated_by_YAP	NA
ENSG00000132823	2	common_down	OSER1	40.6	20	44210076	oxidative stress responsive serine rich 1 [Source:HGNC Symbol;Acc:HGNC:16105]	no	YAP_regulated	NA
ENSG00000132824	2	common_down	SERINC3	80.77	20	44504891	serine incorporator 3 [Source:HGNC Symbol;Acc:HGNC:11699]	no	YAP_regulated	NA
ENSG00000133111	2	common_down	RFXAP	5.42	13	36819222	regulatory factor X associated protein [Source:HGNC Symbol;Acc:HGNC:9988]	no	Not_regulated_by_YAP	NA
ENSG00000133315	2	common_down	MACROD1	10.18	11	64166113	mono-ADP ribosylhydrolase 1 [Source:HGNC Symbol;Acc:HGNC:29598]	no	Not_regulated_by_YAP	NA
ENSG00000133597	2	common_down	ADCK2	22.6	7	140672945	aarF domain containing kinase 2 [Source:HGNC Symbol;Acc:HGNC:19039]	no	Not_regulated_by_YAP	NA
ENSG00000133606	2	common_down	MKRN1	67.72	7	140479368	makorin ring finger protein 1 [Source:HGNC Symbol;Acc:HGNC:7112]	no	YAP_regulated	NA
ENSG00000133627	2	common_down	ACTR3B	13.72	7	152759788	actin related protein 3B [Source:HGNC Symbol;Acc:HGNC:17256]	no	YAP_regulated	NA
ENSG00000133773	2	common_down	CCDC59	94.86	12	82358396	coiled-coil domain containing 59 [Source:HGNC Symbol;Acc:HGNC:25005]	no	YAP_regulated	NA
ENSG00000134013	2	common_down	LOXL2	263.93	8	23404120	lysyl oxidase like 2 [Source:HGNC Symbol;Acc:HGNC:6666]	no	YAP_regulated	NA
ENSG00000134255	2	common_down	CEPT1	29.96	1	111139627	choline/ethanolamine phosphotransferase 1 [Source:HGNC Symbol;Acc:HGNC:24289]	no	YAP_regulated	NA
ENSG00000134330	2	common_down	IAH1	89.72	2	9473658	isoamyl acetate hydrolyzing esterase 1 (putative) [Source:HGNC Symbol;Acc:HGNC:27696]	no	YAP_regulated	NA
ENSG00000134574	2	common_down	DDB2	19	11	47234581	damage specific DNA binding protein 2 [Source:HGNC Symbol;Acc:HGNC:2718]	no	YAP_regulated	NA
ENSG00000134594	2	common_down	RAB33A	0.18	X	130171962	RAB33A, member RAS oncogene family [Source:HGNC Symbol;Acc:HGNC:9773]	no	Not_regulated_by_YAP	NA
ENSG00000134684	2	common_down	YARS1	156.2	1	32782103	tyrosyl-tRNA synthetase 1 [Source:HGNC Symbol;Acc:HGNC:12840]	no	Not_regulated_by_YAP	NA
ENSG00000134698	2	common_down	AGO4	4.24	1	35808016	argonaute RISC component 4 [Source:HGNC Symbol;Acc:HGNC:18424]	no	Not_regulated_by_YAP	NA
ENSG00000134709	2	common_down	HOOK1	8.13	1	59814786	hook microtubule tethering protein 1 [Source:HGNC Symbol;Acc:HGNC:19884]	no	YAP_regulated	NA
ENSG00000134717	2	common_down	BTF3L4	76.99	1	52056295	basic transcription factor 3 like 4 [Source:HGNC Symbol;Acc:HGNC:30547]	no	Not_regulated_by_YAP	NA
ENSG00000134882	2	common_down	UBAC2	72.42	13	99200774	UBA domain containing 2 [Source:HGNC Symbol;Acc:HGNC:20486]	no	Not_regulated_by_YAP	NA
ENSG00000134897	2	common_down	BIVM	11.85	13	102799183	basic, immunoglobulin-like variable motif containing [Source:HGNC Symbol;Acc:HGNC:16034]	no	Not_regulated_by_YAP	NA
ENSG00000134901	2	common_down	POGLUT2	15.94	13	102798976	protein O-glucosyltransferase 2 [Source:HGNC Symbol;Acc:HGNC:19350]	no	Not_regulated_by_YAP	NA
ENSG00000134954	2	common_down	ETS1	119.92	11	128463950	ETS proto-oncogene 1, transcription factor [Source:HGNC Symbol;Acc:HGNC:3488]	Yes	YAP_regulated	Ets
ENSG00000135185	2	common_down	TMEM243	103.8	7	87219732	transmembrane protein 243 [Source:HGNC Symbol;Acc:HGNC:21707]	no	Not_regulated_by_YAP	NA
ENSG00000135245	2	common_down	HILPDA	34.23	7	128455849	hypoxia inducible lipid droplet associated [Source:HGNC Symbol;Acc:HGNC:28859]	no	YAP_regulated	NA
ENSG00000135269	2	common_down	TES	127.13	7	116210539	testin LIM domain protein [Source:HGNC Symbol;Acc:HGNC:14620]	no	Not_regulated_by_YAP	NA
ENSG00000135365	2	common_down	PHF21A	6.41	11	46121010	PHD finger protein 21A [Source:HGNC Symbol;Acc:HGNC:24156]	Yes	Not_regulated_by_YAP	AT hook
ENSG00000135686	2	common_down	KLHL36	27.13	16	84648511	kelch like family member 36 [Source:HGNC Symbol;Acc:HGNC:17844]	no	Not_regulated_by_YAP	NA
ENSG00000135749	2	common_down	PCNX2	7.21	1	233295725	pecanex 2 [Source:HGNC Symbol;Acc:HGNC:8736]	no	Not_regulated_by_YAP	NA
ENSG00000135842	2	common_down	NIBAN1	40.6	1	184805985	niban apoptosis regulator 1 [Source:HGNC Symbol;Acc:HGNC:16784]	no	YAP_regulated	NA
ENSG00000135913	2	common_down	USP37	6.66	2	218568351	ubiquitin specific peptidase 37 [Source:HGNC Symbol;Acc:HGNC:20063]	no	YAP_regulated	NA
ENSG00000135924	2	common_down	DNAJB2	44.88	2	219279267	DnaJ heat shock protein family (Hsp40) member B2 [Source:HGNC Symbol;Acc:HGNC:5228]	no	YAP_regulated	NA
ENSG00000135926	2	common_down	TMBIM1	97.25	2	218280081	transmembrane BAX inhibitor motif containing 1 [Source:HGNC Symbol;Acc:HGNC:23410]	no	YAP_regulated	NA
ENSG00000136048	2	common_down	DRAM1	50.59	12	101877580	DNA damage regulated autophagy modulator 1 [Source:HGNC Symbol;Acc:HGNC:25645]	no	YAP_regulated	NA
ENSG00000136141	2	common_down	LRCH1	13.3	13	46553168	leucine rich repeats and calponin homology domain containing 1 [Source:HGNC Symbol;Acc:HGNC:20309]	no	Not_regulated_by_YAP	NA
ENSG00000136436	2	common_down	CALCOCO2	72.89	17	48830988	calcium binding and coiled-coil domain 2 [Source:HGNC Symbol;Acc:HGNC:29912]	no	YAP_regulated	NA
ENSG00000136451	2	common_down	VEZF1	48.37	17	57988254	vascular endothelial zinc finger 1 [Source:HGNC Symbol;Acc:HGNC:12949]	Yes	YAP_regulated	C2H2 ZF
ENSG00000136504	2	common_down	KAT7	16.2	17	49815390	lysine acetyltransferase 7 [Source:HGNC Symbol;Acc:HGNC:17016]	Yes	YAP_regulated	C2H2 ZF
ENSG00000136628	2	common_down	EPRS1	163.16	1	220046505	glutamyl-prolyl-tRNA synthetase 1 [Source:HGNC Symbol;Acc:HGNC:3418]	no	Not_regulated_by_YAP	NA
ENSG00000136813	2	common_down	ECPAS	102.81	9	111484357	Ecm29 proteasome adaptor and scaffold [Source:HGNC Symbol;Acc:HGNC:29020]	no	YAP_regulated	NA
ENSG00000136925	2	common_down	TSTD2	14.26	9	97603155	thiosulfate sulfurtransferase like domain containing 2 [Source:HGNC Symbol;Acc:HGNC:30087]	no	YAP_regulated	NA
ENSG00000136943	2	common_down	CTSV	19.4	9	97039142	cathepsin V [Source:HGNC Symbol;Acc:HGNC:2538]	no	YAP_regulated	NA
ENSG00000136997	2	common_down	MYC	61.47	8	127736046	MYC proto-oncogene, bHLH transcription factor [Source:HGNC Symbol;Acc:HGNC:7553]	Yes	YAP_regulated	bHLH
ENSG00000137193	2	common_down	PIM1	18.08	6	37170152	Pim-1 proto-oncogene, serine/threonine kinase [Source:HGNC Symbol;Acc:HGNC:8986]	no	YAP_regulated	NA
ENSG00000137216	2	common_down	TMEM63B	29.45	6	44138813	transmembrane protein 63B [Source:HGNC Symbol;Acc:HGNC:17735]	no	YAP_regulated	NA
ENSG00000137312	2	common_down	FLOT1	73.7	6	30740853	flotillin 1 [Source:HGNC Symbol;Acc:HGNC:3757]	no	Not_regulated_by_YAP	NA
ENSG00000137693	2	common_down	YAP1	36.17	11	102110461	Yes associated protein 1 [Source:HGNC Symbol;Acc:HGNC:16262]	no	YAP_regulated	NA
ENSG00000137817	2	common_down	PARP6	22.11	15	72260623	poly(ADP-ribose) polymerase family member 6 [Source:HGNC Symbol;Acc:HGNC:26921]	no	YAP_regulated	NA
ENSG00000137818	2	common_down	RPLP1	1368.2	15	69452818	ribosomal protein lateral stalk subunit P1 [Source:HGNC Symbol;Acc:HGNC:10372]	no	Not_regulated_by_YAP	NA
ENSG00000137825	2	common_down	ITPKA	2.22	15	41493393	inositol-trisphosphate 3-kinase A [Source:HGNC Symbol;Acc:HGNC:6178]	no	YAP_regulated	NA
ENSG00000137831	2	common_down	UACA	68.59	15	70763558	uveal autoantigen with coiled-coil domains and ankyrin repeats [Source:HGNC Symbol;Acc:HGNC:15947]	no	YAP_regulated	NA
ENSG00000137845	2	common_down	ADAM10	90.93	15	58749707	ADAM metallopeptidase domain 10 [Source:HGNC Symbol;Acc:HGNC:188]	no	YAP_regulated	NA
ENSG00000137944	2	common_down	KYAT3	12.19	1	88988355	kynurenine aminotransferase 3 [Source:HGNC Symbol;Acc:HGNC:33238]	no	YAP_regulated	NA
ENSG00000138030	2	common_down	KHK	0.67	2	27086747	ketohexokinase [Source:HGNC Symbol;Acc:HGNC:6315]	no	Not_regulated_by_YAP	NA
ENSG00000138175	2	common_down	ARL3	22.95	10	102714397	ADP ribosylation factor like GTPase 3 [Source:HGNC Symbol;Acc:HGNC:694]	no	YAP_regulated	NA
ENSG00000138386	2	common_down	NAB1	22.76	2	190646746	NGFI-A binding protein 1 [Source:HGNC Symbol;Acc:HGNC:7626]	no	YAP_regulated	NA
ENSG00000138617	2	common_down	PARP16	3.84	15	65286366	poly(ADP-ribose) polymerase family member 16 [Source:HGNC Symbol;Acc:HGNC:26040]	no	YAP_regulated	NA
ENSG00000139266	2	common_down	MARCHF9	7.03	12	57755103	membrane associated ring-CH-type finger 9 [Source:HGNC Symbol;Acc:HGNC:25139]	no	Not_regulated_by_YAP	NA
ENSG00000139269	2	common_down	INHBE	0.94	12	57452323	inhibin subunit beta E [Source:HGNC Symbol;Acc:HGNC:24029]	no	Not_regulated_by_YAP	NA
ENSG00000139370	2	common_down	SLC15A4	34.19	12	128823958	solute carrier family 15 member 4 [Source:HGNC Symbol;Acc:HGNC:23090]	no	Not_regulated_by_YAP	NA
ENSG00000139514	2	common_down	SLC7A1	48.28	13	29595688	solute carrier family 7 member 1 [Source:HGNC Symbol;Acc:HGNC:11057]	no	YAP_regulated	NA
ENSG00000139517	2	common_down	LNX2	4.9	13	27620529	ligand of numb-protein X 2 [Source:HGNC Symbol;Acc:HGNC:20421]	no	YAP_regulated	NA
ENSG00000139684	2	common_down	ESD	181.74	13	46797161	esterase D [Source:HGNC Symbol;Acc:HGNC:3465]	no	YAP_regulated	NA
ENSG00000139734	2	common_down	DIAPH3	37.36	13	60163928	diaphanous related formin 3 [Source:HGNC Symbol;Acc:HGNC:15480]	no	YAP_regulated	NA
ENSG00000140299	2	common_down	BNIP2	66.44	15	59689339	BCL2 interacting protein 2 [Source:HGNC Symbol;Acc:HGNC:1083]	no	YAP_regulated	NA
ENSG00000140443	2	common_down	IGF1R	5.77	15	98648539	insulin like growth factor 1 receptor [Source:HGNC Symbol;Acc:HGNC:5465]	no	YAP_regulated	NA
ENSG00000140451	2	common_down	PIF1	13.76	15	64825668	PIF1 5'-to-3' DNA helicase [Source:HGNC Symbol;Acc:HGNC:26220]	no	Not_regulated_by_YAP	NA
ENSG00000140455	2	common_down	USP3	25.78	15	63504511	ubiquitin specific peptidase 3 [Source:HGNC Symbol;Acc:HGNC:12626]	no	YAP_regulated	NA
ENSG00000140553	2	common_down	UNC45A	36.53	15	90930180	unc-45 myosin chaperone A [Source:HGNC Symbol;Acc:HGNC:30594]	no	YAP_regulated	NA
ENSG00000140563	2	common_down	MCTP2	6.69	15	94231538	multiple C2 and transmembrane domain containing 2 [Source:HGNC Symbol;Acc:HGNC:25636]	no	YAP_regulated	NA
ENSG00000140598	2	common_down	EFL1	7.29	15	82262734	elongation factor like GTPase 1 [Source:HGNC Symbol;Acc:HGNC:25789]	no	Not_regulated_by_YAP	NA
ENSG00000141198	2	common_down	TOM1L1	56.82	17	54900722	target of myb1 like 1 membrane trafficking protein [Source:HGNC Symbol;Acc:HGNC:11983]	no	Not_regulated_by_YAP	NA
ENSG00000141279	2	common_down	NPEPPS	62.31	17	47522942	aminopeptidase puromycin sensitive [Source:HGNC Symbol;Acc:HGNC:7900]	no	Not_regulated_by_YAP	NA
ENSG00000141293	2	common_down	SKAP1	13.55	17	48430214	src kinase associated phosphoprotein 1 [Source:HGNC Symbol;Acc:HGNC:15605]	no	Not_regulated_by_YAP	NA
ENSG00000141391	2	common_down	PRELID3A	10.42	18	12407896	PRELI domain containing 3A [Source:HGNC Symbol;Acc:HGNC:24639]	no	YAP_regulated	NA
ENSG00000141458	2	common_down	NPC1	72.23	18	23535622	NPC intracellular cholesterol transporter 1 [Source:HGNC Symbol;Acc:HGNC:7897]	no	YAP_regulated	NA
ENSG00000141552	2	common_down	ANAPC11	170.2	17	81891721	anaphase promoting complex subunit 11 [Source:HGNC Symbol;Acc:HGNC:14452]	no	Not_regulated_by_YAP	NA
ENSG00000141627	2	common_down	DYM	19.78	18	49258408	dymeclin [Source:HGNC Symbol;Acc:HGNC:21317]	no	Not_regulated_by_YAP	NA
ENSG00000141646	2	common_down	SMAD4	34.78	18	51029614	SMAD family member 4 [Source:HGNC Symbol;Acc:HGNC:6770]	Yes	YAP_regulated	SMAD
ENSG00000141682	2	common_down	PMAIP1	54.44	18	59899996	phorbol-12-myristate-13-acetate-induced protein 1 [Source:HGNC Symbol;Acc:HGNC:9108]	no	YAP_regulated	NA
ENSG00000141698	2	common_down	NT5C3B	65.3	17	41832488	5'-nucleotidase, cytosolic IIIB [Source:HGNC Symbol;Acc:HGNC:28300]	no	Not_regulated_by_YAP	NA
ENSG00000141738	2	common_down	GRB7	3.71	17	39737938	growth factor receptor bound protein 7 [Source:HGNC Symbol;Acc:HGNC:4567]	no	YAP_regulated	NA
ENSG00000141756	2	common_down	FKBP10	161.97	17	41812680	FKBP prolyl isomerase 10 [Source:HGNC Symbol;Acc:HGNC:18169]	no	YAP_regulated	NA
ENSG00000142185	2	common_down	TRPM2	1.12	21	44350163	transient receptor potential cation channel subfamily M member 2 [Source:HGNC Symbol;Acc:HGNC:12339]	no	Not_regulated_by_YAP	NA
ENSG00000142453	2	common_down	CARM1	56.19	19	10871553	coactivator associated arginine methyltransferase 1 [Source:HGNC Symbol;Acc:HGNC:23393]	no	YAP_regulated	NA
ENSG00000142634	2	common_down	EFHD2	201.34	1	15409888	EF-hand domain family member D2 [Source:HGNC Symbol;Acc:HGNC:28670]	no	YAP_regulated	NA
ENSG00000142910	2	common_down	TINAGL1	68.75	1	31576545	tubulointerstitial nephritis antigen like 1 [Source:HGNC Symbol;Acc:HGNC:19168]	no	YAP_regulated	NA
ENSG00000142937	2	common_down	RPS8	1693.5	1	44775251	ribosomal protein S8 [Source:HGNC Symbol;Acc:HGNC:10441]	no	Not_regulated_by_YAP	NA
ENSG00000142949	2	common_down	PTPRF	124.7	1	43613140	protein tyrosine phosphatase receptor type F [Source:HGNC Symbol;Acc:HGNC:9670]	no	YAP_regulated	NA
ENSG00000143036	2	common_down	SLC44A3	8.26	1	94820342	solute carrier family 44 member 3 [Source:HGNC Symbol;Acc:HGNC:28689]	no	YAP_regulated	NA
ENSG00000143322	2	common_down	ABL2	15.97	1	179119484	ABL proto-oncogene 2, non-receptor tyrosine kinase [Source:HGNC Symbol;Acc:HGNC:77]	no	YAP_regulated	NA
ENSG00000143324	2	common_down	XPR1	17	1	180632022	xenotropic and polytropic retrovirus receptor 1 [Source:HGNC Symbol;Acc:HGNC:12827]	no	YAP_regulated	NA
ENSG00000143387	2	common_down	CTSK	2.5	1	150808260	cathepsin K [Source:HGNC Symbol;Acc:HGNC:2536]	no	Not_regulated_by_YAP	NA
ENSG00000143486	2	common_down	EIF2D	45.19	1	206599810	eukaryotic translation initiation factor 2D [Source:HGNC Symbol;Acc:HGNC:6583]	no	YAP_regulated	NA
ENSG00000143612	2	common_down	C1orf43	158.66	1	154220578	chromosome 1 open reading frame 43 [Source:HGNC Symbol;Acc:HGNC:29876]	no	YAP_regulated	NA
ENSG00000143653	2	common_down	SCCPDH	45.39	1	246724409	saccharopine dehydrogenase (putative) [Source:HGNC Symbol;Acc:HGNC:24275]	no	YAP_regulated	NA
ENSG00000143674	2	common_down	MAP3K21	16.77	1	233375783	mitogen-activated protein kinase kinase kinase 21 [Source:HGNC Symbol;Acc:HGNC:29798]	no	YAP_regulated	NA
ENSG00000143771	2	common_down	CNIH4	68.27	1	224356879	cornichon family AMPA receptor auxiliary protein 4 [Source:HGNC Symbol;Acc:HGNC:25013]	no	YAP_regulated	NA
ENSG00000143776	2	common_down	CDC42BPA	13.65	1	227317182	CDC42 binding protein kinase alpha [Source:HGNC Symbol;Acc:HGNC:1737]	no	YAP_regulated	NA
ENSG00000143797	2	common_down	MBOAT2	30.73	2	9003684	membrane bound O-acyltransferase domain containing 2 [Source:HGNC Symbol;Acc:HGNC:25193]	no	YAP_regulated	NA
ENSG00000143850	2	common_down	PLEKHA6	26.83	1	204359929	pleckstrin homology domain containing A6 [Source:HGNC Symbol;Acc:HGNC:17053]	no	YAP_regulated	NA
ENSG00000144152	2	common_down	FBLN7	8.27	2	112138385	fibulin 7 [Source:HGNC Symbol;Acc:HGNC:26740]	no	YAP_regulated	NA
ENSG00000144218	2	common_down	AFF3	5.01	2	100104580	AF4/FMR2 family member 3 [Source:HGNC Symbol;Acc:HGNC:6473]	no	Not_regulated_by_YAP	NA
ENSG00000144224	2	common_down	UBXN4	76.51	2	135741855	UBX domain protein 4 [Source:HGNC Symbol;Acc:HGNC:14860]	no	YAP_regulated	NA
ENSG00000144283	2	common_down	PKP4	49.69	2	158457097	plakophilin 4 [Source:HGNC Symbol;Acc:HGNC:9026]	no	YAP_regulated	NA
ENSG00000144476	2	common_down	ACKR3	29.25	2	236567787	atypical chemokine receptor 3 [Source:HGNC Symbol;Acc:HGNC:23692]	no	Not_regulated_by_YAP	NA
ENSG00000144935	2	common_down	TRPC1	13.67	3	142724034	transient receptor potential cation channel subfamily C member 1 [Source:HGNC Symbol;Acc:HGNC:12333]	no	YAP_regulated	NA
ENSG00000145012	2	common_down	LPP	26.57	3	188153942	LIM domain containing preferred translocation partner in lipoma [Source:HGNC Symbol;Acc:HGNC:6679]	no	YAP_regulated	NA
ENSG00000145247	2	common_down	OCIAD2	362.35	4	48906828	OCIA domain containing 2 [Source:HGNC Symbol;Acc:HGNC:28685]	no	YAP_regulated	NA
ENSG00000145545	2	common_down	SRD5A1	43.89	5	6633440	steroid 5 alpha-reductase 1 [Source:HGNC Symbol;Acc:HGNC:11284]	no	YAP_regulated	NA
ENSG00000145623	2	common_down	OSMR	71.58	5	38845858	oncostatin M receptor [Source:HGNC Symbol;Acc:HGNC:8507]	no	YAP_regulated	NA
ENSG00000145901	2	common_down	TNIP1	194.07	5	151081034	TNFAIP3 interacting protein 1 [Source:HGNC Symbol;Acc:HGNC:16903]	no	YAP_regulated	NA
ENSG00000145934	2	common_down	TENM2	6.86	5	167284799	teneurin transmembrane protein 2 [Source:HGNC Symbol;Acc:HGNC:29943]	no	Not_regulated_by_YAP	NA
ENSG00000146242	2	common_down	TPBG	27.8	6	82363817	trophoblast glycoprotein [Source:HGNC Symbol;Acc:HGNC:12004]	no	Not_regulated_by_YAP	NA
ENSG00000146426	2	common_down	TIAM2	4.01	6	155149121	TIAM Rac1 associated GEF 2 [Source:HGNC Symbol;Acc:HGNC:11806]	no	Not_regulated_by_YAP	NA
ENSG00000146674	2	common_down	IGFBP3	410.23	7	45921272	insulin like growth factor binding protein 3 [Source:HGNC Symbol;Acc:HGNC:5472]	no	Not_regulated_by_YAP	NA
ENSG00000146733	2	common_down	PSPH	30.69	7	56051448	phosphoserine phosphatase [Source:HGNC Symbol;Acc:HGNC:9577]	no	YAP_regulated	NA
ENSG00000146833	2	common_down	TRIM4	18.41	7	99919105	tripartite motif containing 4 [Source:HGNC Symbol;Acc:HGNC:16275]	no	Not_regulated_by_YAP	NA
ENSG00000146842	2	common_down	TMEM209	24.27	7	130207770	transmembrane protein 209 [Source:HGNC Symbol;Acc:HGNC:21898]	no	YAP_regulated	NA
ENSG00000146966	2	common_down	DENND2A	0.15	7	140640813	DENN domain containing 2A [Source:HGNC Symbol;Acc:HGNC:22212]	no	Not_regulated_by_YAP	NA
ENSG00000147027	2	common_down	TMEM47	11.6	X	34657285	transmembrane protein 47 [Source:HGNC Symbol;Acc:HGNC:18515]	no	Not_regulated_by_YAP	NA
ENSG00000147324	2	common_down	MFHAS1	9.32	8	8893630	malignant fibrous histiocytoma amplified sequence 1 [Source:HGNC Symbol;Acc:HGNC:16982]	no	Not_regulated_by_YAP	NA
ENSG00000147481	2	common_down	SNTG1	0.06	8	49909789	syntrophin gamma 1 [Source:HGNC Symbol;Acc:HGNC:13740]	no	Not_regulated_by_YAP	NA
ENSG00000147548	2	common_down	NSD3	15	8	38382271	nuclear receptor binding SET domain protein 3 [Source:HGNC Symbol;Acc:HGNC:12767]	no	Not_regulated_by_YAP	NA
ENSG00000147872	2	common_down	PLIN2	85.86	9	19149290	perilipin 2 [Source:HGNC Symbol;Acc:HGNC:248]	no	Not_regulated_by_YAP	NA
ENSG00000148175	2	common_down	STOM	26.11	9	121370250	stomatin [Source:HGNC Symbol;Acc:HGNC:3383]	no	Not_regulated_by_YAP	NA
ENSG00000148291	2	common_down	SURF2	16.9	9	133356550	surfeit 2 [Source:HGNC Symbol;Acc:HGNC:11475]	no	YAP_regulated	NA
ENSG00000148344	2	common_down	PTGES	11.66	9	129753019	prostaglandin E synthase [Source:HGNC Symbol;Acc:HGNC:9599]	no	Not_regulated_by_YAP	NA
ENSG00000148926	2	common_down	ADM	90.36	11	10305077	adrenomedullin [Source:HGNC Symbol;Acc:HGNC:259]	no	YAP_regulated	NA
ENSG00000149089	2	common_down	APIP	36.61	11	34890741	APAF1 interacting protein [Source:HGNC Symbol;Acc:HGNC:17581]	no	YAP_regulated	NA
ENSG00000149150	2	common_down	SLC43A1	1.11	11	57515702	solute carrier family 43 member 1 [Source:HGNC Symbol;Acc:HGNC:9225]	no	Not_regulated_by_YAP	NA
ENSG00000149273	2	common_down	RPS3	2108.8	11	75399518	ribosomal protein S3 [Source:HGNC Symbol;Acc:HGNC:10420]	no	Not_regulated_by_YAP	NA
ENSG00000149294	2	common_down	NCAM1	26.49	11	113130694	neural cell adhesion molecule 1 [Source:HGNC Symbol;Acc:HGNC:7656]	no	Not_regulated_by_YAP	NA
ENSG00000149485	2	common_down	FADS1	67.06	11	61817003	fatty acid desaturase 1 [Source:HGNC Symbol;Acc:HGNC:3574]	no	YAP_regulated	NA
ENSG00000149541	2	common_down	B3GAT3	28.78	11	62621986	beta-1,3-glucuronyltransferase 3 [Source:HGNC Symbol;Acc:HGNC:923]	no	YAP_regulated	NA
ENSG00000149600	2	common_down	COMMD7	87.8	20	32743997	COMM domain containing 7 [Source:HGNC Symbol;Acc:HGNC:16223]	no	YAP_regulated	NA
ENSG00000149782	2	common_down	PLCB3	14.87	11	64251523	phospholipase C beta 3 [Source:HGNC Symbol;Acc:HGNC:9056]	no	YAP_regulated	NA
ENSG00000150054	2	common_down	MPP7	0.6	10	28282138	membrane palmitoylated protein 7 [Source:HGNC Symbol;Acc:HGNC:26542]	no	Not_regulated_by_YAP	NA
ENSG00000150403	2	common_down	TMCO3	91.83	13	113491021	transmembrane and coiled-coil domains 3 [Source:HGNC Symbol;Acc:HGNC:20329]	no	YAP_regulated	NA
ENSG00000150457	2	common_down	LATS2	12.15	13	21061586	large tumor suppressor kinase 2 [Source:HGNC Symbol;Acc:HGNC:6515]	no	YAP_regulated	NA
ENSG00000150991	2	common_down	UBC	1087.8	12	124914304	ubiquitin C [Source:HGNC Symbol;Acc:HGNC:12468]	no	YAP_regulated	NA
ENSG00000150995	2	common_down	ITPR1	11.17	3	4493345	inositol 1,4,5-trisphosphate receptor type 1 [Source:HGNC Symbol;Acc:HGNC:6180]	no	YAP_regulated	NA
ENSG00000151012	2	common_down	SLC7A11	23.04	4	138223244	solute carrier family 7 member 11 [Source:HGNC Symbol;Acc:HGNC:11059]	no	Not_regulated_by_YAP	NA
ENSG00000151208	2	common_down	DLG5	22.97	10	77829442	discs large MAGUK scaffold protein 5 [Source:HGNC Symbol;Acc:HGNC:2904]	no	YAP_regulated	NA
ENSG00000151240	2	common_down	DIP2C	5.79	10	689668	disco interacting protein 2 homolog C [Source:HGNC Symbol;Acc:HGNC:29150]	no	YAP_regulated	NA
ENSG00000151422	2	common_down	FER	6.27	5	109177517	FER tyrosine kinase [Source:HGNC Symbol;Acc:HGNC:3655]	no	YAP_regulated	NA
ENSG00000151718	2	common_down	WWC2	9.72	4	183099257	WW and C2 domain containing 2 [Source:HGNC Symbol;Acc:HGNC:24148]	no	YAP_regulated	NA
ENSG00000151893	2	common_down	CACUL1	18.5	10	118726385	CDK2 associated cullin domain 1 [Source:HGNC Symbol;Acc:HGNC:23727]	no	YAP_regulated	NA
ENSG00000153317	2	common_down	ASAP1	96.62	8	130180862	ArfGAP with SH3 domain, ankyrin repeat and PH domain 1 [Source:HGNC Symbol;Acc:HGNC:2720]	no	YAP_regulated	NA
ENSG00000153395	2	common_down	LPCAT1	114.85	5	1523962	lysophosphatidylcholine acyltransferase 1 [Source:HGNC Symbol;Acc:HGNC:25718]	no	Not_regulated_by_YAP	NA
ENSG00000153721	2	common_down	CNKSR3	20.81	6	154510685	CNKSR family member 3 [Source:HGNC Symbol;Acc:HGNC:23034]	no	YAP_regulated	NA
ENSG00000153815	2	common_down	CMIP	51.46	16	81445170	c-Maf inducing protein [Source:HGNC Symbol;Acc:HGNC:24319]	no	YAP_regulated	NA
ENSG00000153879	2	common_down	CEBPG	18.07	19	33374312	CCAAT enhancer binding protein gamma [Source:HGNC Symbol;Acc:HGNC:1837]	Yes	YAP_regulated	bZIP
ENSG00000153982	2	common_down	GDPD1	0.51	17	59220467	glycerophosphodiester phosphodiesterase domain containing 1 [Source:HGNC Symbol;Acc:HGNC:20883]	no	Not_regulated_by_YAP	NA
ENSG00000154080	2	common_down	CHST9	0.26	18	27143038	carbohydrate sulfotransferase 9 [Source:HGNC Symbol;Acc:HGNC:19898]	no	Not_regulated_by_YAP	NA
ENSG00000154229	2	common_down	PRKCA	54.66	17	66302636	protein kinase C alpha [Source:HGNC Symbol;Acc:HGNC:9393]	no	YAP_regulated	NA
ENSG00000154655	2	common_down	L3MBTL4	3.95	18	6414184	L3MBTL histone methyl-lysine binding protein 4 [Source:HGNC Symbol;Acc:HGNC:26677]	Yes	Not_regulated_by_YAP	C2H2 ZF
ENSG00000155380	2	common_down	SLC16A1	86.14	1	112956196	solute carrier family 16 member 1 [Source:HGNC Symbol;Acc:HGNC:10922]	no	YAP_regulated	NA
ENSG00000156162	2	common_down	DPY19L4	37.53	8	94719703	dpy-19 like 4 [Source:HGNC Symbol;Acc:HGNC:27829]	no	YAP_regulated	NA
ENSG00000156171	2	common_down	DRAM2	63.04	1	111140040	DNA damage regulated autophagy modulator 2 [Source:HGNC Symbol;Acc:HGNC:28769]	no	YAP_regulated	NA
ENSG00000156639	2	common_down	ZFAND3	43.28	6	37819727	zinc finger AN1-type containing 3 [Source:HGNC Symbol;Acc:HGNC:18019]	no	YAP_regulated	NA
ENSG00000156958	2	common_down	GALK2	11.82	15	49155794	galactokinase 2 [Source:HGNC Symbol;Acc:HGNC:4119]	no	Not_regulated_by_YAP	NA
ENSG00000157106	2	common_down	SMG1	26.53	16	18926408	SMG1 nonsense mediated mRNA decay associated PI3K related kinase [Source:HGNC Symbol;Acc:HGNC:30045]	no	Not_regulated_by_YAP	NA
ENSG00000157259	2	common_down	GATAD1	31.77	7	92447503	GATA zinc finger domain containing 1 [Source:HGNC Symbol;Acc:HGNC:29941]	no	YAP_regulated	NA
ENSG00000157483	2	common_down	MYO1E	60.76	15	59372871	myosin IE [Source:HGNC Symbol;Acc:HGNC:7599]	no	YAP_regulated	NA
ENSG00000157514	2	common_down	TSC22D3	12.88	X	107776258	TSC22 domain family member 3 [Source:HGNC Symbol;Acc:HGNC:3051]	no	Not_regulated_by_YAP	NA
ENSG00000157578	2	common_down	LCA5L	2.29	21	39445777	lebercilin LCA5 like [Source:HGNC Symbol;Acc:HGNC:1255]	no	YAP_regulated	NA
ENSG00000158019	2	common_down	BABAM2	49.2	2	27889941	BRISC and BRCA1 A complex member 2 [Source:HGNC Symbol;Acc:HGNC:1106]	no	Not_regulated_by_YAP	NA
ENSG00000158079	2	common_down	PTPDC1	8.08	9	94030794	protein tyrosine phosphatase domain containing 1 [Source:HGNC Symbol;Acc:HGNC:30184]	no	YAP_regulated	NA
ENSG00000158186	2	common_down	MRAS	24.33	3	138347648	muscle RAS oncogene homolog [Source:HGNC Symbol;Acc:HGNC:7227]	no	YAP_regulated	NA
ENSG00000158528	2	common_down	PPP1R9A	6.41	7	94909898	protein phosphatase 1 regulatory subunit 9A [Source:HGNC Symbol;Acc:HGNC:14946]	no	Not_regulated_by_YAP	NA
ENSG00000158604	2	common_down	TMED4	70.1	7	44582231	transmembrane p24 trafficking protein 4 [Source:HGNC Symbol;Acc:HGNC:22301]	no	YAP_regulated	NA
ENSG00000158769	2	common_down	F11R	32.78	1	161021152	F11 receptor [Source:HGNC Symbol;Acc:HGNC:14685]	no	YAP_regulated	NA
ENSG00000159023	2	common_down	EPB41	22.82	1	29015692	erythrocyte membrane protein band 4.1 [Source:HGNC Symbol;Acc:HGNC:3377]	no	YAP_regulated	NA
ENSG00000159167	2	common_down	STC1	5.08	8	23854806	stanniocalcin 1 [Source:HGNC Symbol;Acc:HGNC:11373]	no	Not_regulated_by_YAP	NA
ENSG00000159461	2	common_down	AMFR	55.45	16	56425545	autocrine motility factor receptor [Source:HGNC Symbol;Acc:HGNC:463]	no	Not_regulated_by_YAP	NA
ENSG00000159596	2	common_down	TMEM69	37.85	1	45688196	transmembrane protein 69 [Source:HGNC Symbol;Acc:HGNC:28035]	no	YAP_regulated	NA
ENSG00000159692	2	common_down	CTBP1	88.48	4	1248976	C-terminal binding protein 1 [Source:HGNC Symbol;Acc:HGNC:2494]	no	YAP_regulated	NA
ENSG00000160007	2	common_down	ARHGAP35	20.61	19	46860997	Rho GTPase activating protein 35 [Source:HGNC Symbol;Acc:HGNC:4591]	Yes	Not_regulated_by_YAP	Unknown
ENSG00000160145	2	common_down	KALRN	10.55	3	124488288	kalirin RhoGEF kinase [Source:HGNC Symbol;Acc:HGNC:4814]	no	Not_regulated_by_YAP	NA
ENSG00000160216	2	common_down	AGPAT3	65.17	21	43865223	1-acylglycerol-3-phosphate O-acyltransferase 3 [Source:HGNC Symbol;Acc:HGNC:326]	no	Not_regulated_by_YAP	NA
ENSG00000160685	2	common_down	ZBTB7B	14.05	1	155002840	zinc finger and BTB domain containing 7B [Source:HGNC Symbol;Acc:HGNC:18668]	Yes	YAP_regulated	C2H2 ZF
ENSG00000160767	2	common_down	FAM189B	16.61	1	155254960	family with sequence similarity 189 member B [Source:HGNC Symbol;Acc:HGNC:1233]	no	Not_regulated_by_YAP	NA
ENSG00000160948	2	common_down	VPS28	132.98	8	144426983	VPS28 subunit of ESCRT-I [Source:HGNC Symbol;Acc:HGNC:18178]	no	Not_regulated_by_YAP	NA
ENSG00000161013	2	common_down	MGAT4B	209.68	5	179800589	alpha-1,3-mannosyl-glycoprotein 4-beta-N-acetylglucosaminyltransferase B [Source:HGNC Symbol;Acc:HGNC:7048]	no	YAP_regulated	NA
ENSG00000161513	2	common_down	FDXR	8.46	17	74873013	ferredoxin reductase [Source:HGNC Symbol;Acc:HGNC:3642]	no	YAP_regulated	NA
ENSG00000161714	2	common_down	PLCD3	22.13	17	45132515	phospholipase C delta 3 [Source:HGNC Symbol;Acc:HGNC:9061]	no	YAP_regulated	NA
ENSG00000161791	2	common_down	FMNL3	11.4	12	49707405	formin like 3 [Source:HGNC Symbol;Acc:HGNC:23698]	no	YAP_regulated	NA
ENSG00000161904	2	common_down	LEMD2	40.34	6	33777144	LEM domain nuclear envelope protein 2 [Source:HGNC Symbol;Acc:HGNC:21244]	no	YAP_regulated	NA
ENSG00000162409	2	common_down	PRKAA2	1.63	1	56645314	protein kinase AMP-activated catalytic subunit alpha 2 [Source:HGNC Symbol;Acc:HGNC:9377]	no	Not_regulated_by_YAP	NA
ENSG00000162496	2	common_down	DHRS3	1.18	1	12618210	dehydrogenase/reductase 3 [Source:HGNC Symbol;Acc:HGNC:17693]	no	Not_regulated_by_YAP	NA
ENSG00000162522	2	common_down	KIAA1522	26.57	1	32741830	KIAA1522 [Source:HGNC Symbol;Acc:HGNC:29301]	no	Not_regulated_by_YAP	NA
ENSG00000162604	2	common_down	TM2D1	57.2	1	61725113	TM2 domain containing 1 [Source:HGNC Symbol;Acc:HGNC:24142]	no	Not_regulated_by_YAP	NA
ENSG00000162772	2	common_down	ATF3	15.58	1	212608915	activating transcription factor 3 [Source:HGNC Symbol;Acc:HGNC:785]	Yes	YAP_regulated	bZIP
ENSG00000162783	2	common_down	IER5	22.56	1	181088700	immediate early response 5 [Source:HGNC Symbol;Acc:HGNC:5393]	no	YAP_regulated	NA
ENSG00000163162	2	common_down	RNF149	60.95	2	101272936	ring finger protein 149 [Source:HGNC Symbol;Acc:HGNC:23137]	no	YAP_regulated	NA
ENSG00000163235	2	common_down	TGFA	119.52	2	70553826	transforming growth factor alpha [Source:HGNC Symbol;Acc:HGNC:11765]	no	YAP_regulated	NA
ENSG00000163257	2	common_down	DCAF16	17.15	4	17810757	DDB1 and CUL4 associated factor 16 [Source:HGNC Symbol;Acc:HGNC:25987]	no	YAP_regulated	NA
ENSG00000163393	2	common_down	SLC22A15	3.62	1	115976513	solute carrier family 22 member 15 [Source:HGNC Symbol;Acc:HGNC:20301]	no	Not_regulated_by_YAP	NA
ENSG00000163399	2	common_down	ATP1A1	306.54	1	116372668	ATPase Na+/K+ transporting subunit alpha 1 [Source:HGNC Symbol;Acc:HGNC:799]	no	YAP_regulated	NA
ENSG00000163545	2	common_down	NUAK2	11.93	1	205321745	NUAK family kinase 2 [Source:HGNC Symbol;Acc:HGNC:29558]	no	YAP_regulated	NA
ENSG00000163659	2	common_down	TIPARP	41.92	3	156676664	TCDD inducible poly(ADP-ribose) polymerase [Source:HGNC Symbol;Acc:HGNC:23696]	no	YAP_regulated	NA
ENSG00000163660	2	common_down	CCNL1	61.01	3	157160760	cyclin L1 [Source:HGNC Symbol;Acc:HGNC:20569]	no	YAP_regulated	NA
ENSG00000163738	2	common_down	MTHFD2L	10.52	4	74158118	methylenetetrahydrofolate dehydrogenase (NADP+ dependent) 2 like [Source:HGNC Symbol;Acc:HGNC:31865]	no	YAP_regulated	NA
ENSG00000163755	2	common_down	HPS3	46.22	3	149129638	HPS3 biogenesis of lysosomal organelles complex 2 subunit 1 [Source:HGNC Symbol;Acc:HGNC:15597]	no	YAP_regulated	NA
ENSG00000163870	2	common_down	TPRA1	54.93	3	127591088	transmembrane protein adipocyte associated 1 [Source:HGNC Symbol;Acc:HGNC:30413]	no	YAP_regulated	NA
ENSG00000163872	2	common_down	YEATS2	18.11	3	183808024	YEATS domain containing 2 [Source:HGNC Symbol;Acc:HGNC:25489]	no	YAP_regulated	NA
ENSG00000163960	2	common_down	UBXN7	9.43	3	196432427	UBX domain protein 7 [Source:HGNC Symbol;Acc:HGNC:29119]	no	YAP_regulated	NA
ENSG00000164040	2	common_down	PGRMC2	103.73	4	128287813	progesterone receptor membrane component 2 [Source:HGNC Symbol;Acc:HGNC:16089]	no	YAP_regulated	NA
ENSG00000164187	2	common_down	LMBRD2	6.33	5	36151887	LMBR1 domain containing 2 [Source:HGNC Symbol;Acc:HGNC:25287]	no	YAP_regulated	NA
ENSG00000164211	2	common_down	STARD4	33.87	5	111512535	StAR related lipid transfer domain containing 4 [Source:HGNC Symbol;Acc:HGNC:18058]	no	YAP_regulated	NA
ENSG00000164237	2	common_down	CMBL	27.31	5	10282288	carboxymethylenebutenolidase homolog [Source:HGNC Symbol;Acc:HGNC:25090]	no	YAP_regulated	NA
ENSG00000164284	2	common_down	GRPEL2	14.62	5	149345430	GrpE like 2, mitochondrial [Source:HGNC Symbol;Acc:HGNC:21060]	no	Not_regulated_by_YAP	NA
ENSG00000164307	2	common_down	ERAP1	28.79	5	96808100	endoplasmic reticulum aminopeptidase 1 [Source:HGNC Symbol;Acc:HGNC:18173]	no	Not_regulated_by_YAP	NA
ENSG00000164327	2	common_down	RICTOR	13.41	5	39074399	RPTOR independent companion of MTOR complex 2 [Source:HGNC Symbol;Acc:HGNC:28611]	no	YAP_regulated	NA
ENSG00000164615	2	common_down	CAMLG	18.3	5	134738583	calcium modulating ligand [Source:HGNC Symbol;Acc:HGNC:1471]	no	YAP_regulated	NA
ENSG00000164674	2	common_down	SYTL3	72.81	6	158650053	synaptotagmin like 3 [Source:HGNC Symbol;Acc:HGNC:15587]	no	YAP_regulated	NA
ENSG00000164695	2	common_down	CHMP4C	23.33	8	81732448	charged multivesicular body protein 4C [Source:HGNC Symbol;Acc:HGNC:30599]	no	YAP_regulated	NA
ENSG00000164749	2	common_down	HNF4G	6.64	8	75539968	hepatocyte nuclear factor 4 gamma [Source:HGNC Symbol;Acc:HGNC:5026]	Yes	Not_regulated_by_YAP	Nuclear receptor
ENSG00000164758	2	common_down	MED30	29.86	8	117520713	mediator complex subunit 30 [Source:HGNC Symbol;Acc:HGNC:23032]	no	YAP_regulated	NA
ENSG00000164897	2	common_down	TMUB1	78.69	7	151083091	transmembrane and ubiquitin like domain containing 1 [Source:HGNC Symbol;Acc:HGNC:21709]	no	Not_regulated_by_YAP	NA
ENSG00000164916	2	common_down	FOXK1	10.41	7	4740859	forkhead box K1 [Source:HGNC Symbol;Acc:HGNC:23480]	Yes	YAP_regulated	Forkhead
ENSG00000165029	2	common_down	ABCA1	38.34	9	104928155	ATP binding cassette subfamily A member 1 [Source:HGNC Symbol;Acc:HGNC:29]	no	Not_regulated_by_YAP	NA
ENSG00000165030	2	common_down	NFIL3	44.55	9	91423832	nuclear factor, interleukin 3 regulated [Source:HGNC Symbol;Acc:HGNC:7787]	Yes	Not_regulated_by_YAP	bZIP
ENSG00000165072	2	common_down	MAMDC2	47.33	9	70043848	MAM domain containing 2 [Source:HGNC Symbol;Acc:HGNC:23673]	no	YAP_regulated	NA
ENSG00000165113	2	common_down	GKAP1	2.94	9	83817769	G kinase anchoring protein 1 [Source:HGNC Symbol;Acc:HGNC:17496]	no	Not_regulated_by_YAP	NA
ENSG00000165118	2	common_down	C9orf64	27.69	9	83956742	chromosome 9 open reading frame 64 [Source:HGNC Symbol;Acc:HGNC:28144]	no	YAP_regulated	NA
ENSG00000165175	2	common_down	MID1IP1	15.91	X	38801454	MID1 interacting protein 1 [Source:HGNC Symbol;Acc:HGNC:20715]	no	YAP_regulated	NA
ENSG00000165246	2	common_down	NLGN4Y	7.4	Y	14522573	neuroligin 4 Y-linked [Source:HGNC Symbol;Acc:HGNC:15529]	no	Not_regulated_by_YAP	NA
ENSG00000165312	2	common_down	OTUD1	8.19	10	23439458	OTU deubiquitinase 1 [Source:HGNC Symbol;Acc:HGNC:27346]	no	YAP_regulated	NA
ENSG00000165475	2	common_down	CRYL1	8.87	13	20525819	crystallin lambda 1 [Source:HGNC Symbol;Acc:HGNC:18246]	no	YAP_regulated	NA
ENSG00000165507	2	common_down	DEPP1	38.71	10	44978790	DEPP1 autophagy regulator [Source:HGNC Symbol;Acc:HGNC:23355]	no	YAP_regulated	NA
ENSG00000165698	2	common_down	SPACA9	5.2	9	132878027	sperm acrosome associated 9 [Source:HGNC Symbol;Acc:HGNC:1367]	no	Not_regulated_by_YAP	NA
ENSG00000165752	2	common_down	STK32C	31.79	10	132249108	serine/threonine kinase 32C [Source:HGNC Symbol;Acc:HGNC:21332]	no	YAP_regulated	NA
ENSG00000166012	2	common_down	TAF1D	147.02	11	93732268	TATA-box binding protein associated factor, RNA polymerase I subunit D [Source:HGNC Symbol;Acc:HGNC:28759]	no	YAP_regulated	NA
ENSG00000166037	2	common_down	CEP57	35.3	11	95789965	centrosomal protein 57 [Source:HGNC Symbol;Acc:HGNC:30794]	no	YAP_regulated	NA
ENSG00000166073	2	common_down	GPR176	43.22	15	39920225	G protein-coupled receptor 176 [Source:HGNC Symbol;Acc:HGNC:32370]	no	YAP_regulated	NA
ENSG00000166123	2	common_down	GPT2	32.53	16	46884362	glutamic--pyruvic transaminase 2 [Source:HGNC Symbol;Acc:HGNC:18062]	no	YAP_regulated	NA
ENSG00000166173	2	common_down	LARP6	27.57	15	70853458	La ribonucleoprotein 6, translational regulator [Source:HGNC Symbol;Acc:HGNC:24012]	no	Not_regulated_by_YAP	NA
ENSG00000166224	2	common_down	SGPL1	23.45	10	70815961	sphingosine-1-phosphate lyase 1 [Source:HGNC Symbol;Acc:HGNC:10817]	no	YAP_regulated	NA
ENSG00000166233	2	common_down	ARIH1	16.8	15	72474330	ariadne RBR E3 ubiquitin protein ligase 1 [Source:HGNC Symbol;Acc:HGNC:689]	no	YAP_regulated	NA
ENSG00000166321	2	common_down	NUDT13	5.93	10	73110459	nudix hydrolase 13 [Source:HGNC Symbol;Acc:HGNC:18827]	no	Not_regulated_by_YAP	NA
ENSG00000166734	2	common_down	CASC4	53.97	15	44288729	cancer susceptibility 4 [Source:HGNC Symbol;Acc:HGNC:24892]	no	Not_regulated_by_YAP	NA
ENSG00000166750	2	common_down	SLFN5	9.82	17	35243071	schlafen family member 5 [Source:HGNC Symbol;Acc:HGNC:28286]	no	YAP_regulated	NA
ENSG00000166881	2	common_down	NEMP1	24.46	12	57088063	nuclear envelope integral membrane protein 1 [Source:HGNC Symbol;Acc:HGNC:29001]	no	YAP_regulated	NA
ENSG00000166889	2	common_down	PATL1	36.68	11	59669037	PAT1 homolog 1, processing body mRNA decay factor [Source:HGNC Symbol;Acc:HGNC:26721]	no	YAP_regulated	NA
ENSG00000166946	2	common_down	CCNDBP1	29.71	15	43185118	cyclin D1 binding protein 1 [Source:HGNC Symbol;Acc:HGNC:1587]	no	YAP_regulated	NA
ENSG00000166949	2	common_down	SMAD3	47.96	15	67128103	SMAD family member 3 [Source:HGNC Symbol;Acc:HGNC:6769]	Yes	YAP_regulated	SMAD
ENSG00000166965	2	common_down	RCCD1	15.69	15	90954870	RCC1 domain containing 1 [Source:HGNC Symbol;Acc:HGNC:30457]	no	Not_regulated_by_YAP	NA
ENSG00000166986	2	common_down	MARS1	170.7	12	57488062	methionyl-tRNA synthetase 1 [Source:HGNC Symbol;Acc:HGNC:6898]	no	Not_regulated_by_YAP	NA
ENSG00000166987	2	common_down	MBD6	9.89	12	57522842	methyl-CpG binding domain protein 6 [Source:HGNC Symbol;Acc:HGNC:20445]	Yes	YAP_regulated	MBD
ENSG00000167216	2	common_down	KATNAL2	3.3	18	46917492	katanin catalytic subunit A1 like 2 [Source:HGNC Symbol;Acc:HGNC:25387]	no	Not_regulated_by_YAP	NA
ENSG00000167315	2	common_down	ACAA2	30.41	18	49813533	acetyl-CoA acyltransferase 2 [Source:HGNC Symbol;Acc:HGNC:83]	no	Not_regulated_by_YAP	NA
ENSG00000167323	2	common_down	STIM1	27.22	11	3854527	stromal interaction molecule 1 [Source:HGNC Symbol;Acc:HGNC:11386]	no	YAP_regulated	NA
ENSG00000167535	2	common_down	CACNB3	12.82	12	48815602	calcium voltage-gated channel auxiliary subunit beta 3 [Source:HGNC Symbol;Acc:HGNC:1403]	no	Not_regulated_by_YAP	NA
ENSG00000167601	2	common_down	AXL	122.06	19	41219223	AXL receptor tyrosine kinase [Source:HGNC Symbol;Acc:HGNC:905]	no	YAP_regulated	NA
ENSG00000167658	2	common_down	EEF2	1040	19	3978134	eukaryotic translation elongation factor 2 [Source:HGNC Symbol;Acc:HGNC:3214]	no	Not_regulated_by_YAP	NA
ENSG00000167702	2	common_down	KIFC2	19.35	8	144466043	kinesin family member C2 [Source:HGNC Symbol;Acc:HGNC:29530]	no	YAP_regulated	NA
ENSG00000167733	2	common_down	HSD11B1L	1.25	19	5680604	hydroxysteroid 11-beta dehydrogenase 1 like [Source:HGNC Symbol;Acc:HGNC:30419]	no	Not_regulated_by_YAP	NA
ENSG00000167775	2	common_down	CD320	56.87	19	8308300	CD320 molecule [Source:HGNC Symbol;Acc:HGNC:16692]	no	Not_regulated_by_YAP	NA
ENSG00000167904	2	common_down	TMEM68	29.67	8	55751134	transmembrane protein 68 [Source:HGNC Symbol;Acc:HGNC:26510]	no	YAP_regulated	NA
ENSG00000167972	2	common_down	ABCA3	7.09	16	2340728	ATP binding cassette subfamily A member 3 [Source:HGNC Symbol;Acc:HGNC:33]	no	YAP_regulated	NA
ENSG00000168003	2	common_down	SLC3A2	428.68	11	62881805	solute carrier family 3 member 2 [Source:HGNC Symbol;Acc:HGNC:11026]	no	YAP_regulated	NA
ENSG00000168159	2	common_down	RNF187	92.56	1	228487382	ring finger protein 187 [Source:HGNC Symbol;Acc:HGNC:27146]	no	YAP_regulated	NA
ENSG00000168209	2	common_down	DDIT4	255.35	10	72273924	DNA damage inducible transcript 4 [Source:HGNC Symbol;Acc:HGNC:24944]	no	Not_regulated_by_YAP	NA
ENSG00000168264	2	common_down	IRF2BP2	41.86	1	234609525	interferon regulatory factor 2 binding protein 2 [Source:HGNC Symbol;Acc:HGNC:21729]	no	Not_regulated_by_YAP	NA
ENSG00000168286	2	common_down	THAP11	14.7	16	67842320	THAP domain containing 11 [Source:HGNC Symbol;Acc:HGNC:23194]	Yes	YAP_regulated	THAP finger
ENSG00000168303	2	common_down	MPLKIP	4.2	7	40134622	M-phase specific PLK1 interacting protein [Source:HGNC Symbol;Acc:HGNC:16002]	no	YAP_regulated	NA
ENSG00000168488	2	common_down	ATXN2L	92.95	16	28823035	ataxin 2 like [Source:HGNC Symbol;Acc:HGNC:31326]	no	YAP_regulated	NA
ENSG00000168522	2	common_down	FNTA	34.8	8	43056328	farnesyltransferase, CAAX box, alpha [Source:HGNC Symbol;Acc:HGNC:3782]	no	YAP_regulated	NA
ENSG00000168528	2	common_down	SERINC2	47.58	1	31409565	serine incorporator 2 [Source:HGNC Symbol;Acc:HGNC:23231]	no	YAP_regulated	NA
ENSG00000168591	2	common_down	TMUB2	21.73	17	44186970	transmembrane and ubiquitin like domain containing 2 [Source:HGNC Symbol;Acc:HGNC:28459]	no	YAP_regulated	NA
ENSG00000168710	2	common_down	AHCYL1	107.35	1	109984765	adenosylhomocysteinase like 1 [Source:HGNC Symbol;Acc:HGNC:344]	no	YAP_regulated	NA
ENSG00000168734	2	common_down	PKIG	16.31	20	44564201	cAMP-dependent protein kinase inhibitor gamma [Source:HGNC Symbol;Acc:HGNC:9019]	no	Not_regulated_by_YAP	NA
ENSG00000168781	2	common_down	PPIP5K1	8.16	15	43584864	diphosphoinositol pentakisphosphate kinase 1 [Source:HGNC Symbol;Acc:HGNC:29023]	no	Not_regulated_by_YAP	NA
ENSG00000168944	2	common_down	CEP120	11.35	5	123423403	centrosomal protein 120 [Source:HGNC Symbol;Acc:HGNC:26690]	no	YAP_regulated	NA
ENSG00000168958	2	common_down	MFF	89.06	2	227325151	mitochondrial fission factor [Source:HGNC Symbol;Acc:HGNC:24858]	no	Not_regulated_by_YAP	NA
ENSG00000169047	2	common_down	IRS1	7.65	2	226799759	insulin receptor substrate 1 [Source:HGNC Symbol;Acc:HGNC:6125]	no	YAP_regulated	NA
ENSG00000169071	2	common_down	ROR2	4.18	9	91948880	receptor tyrosine kinase like orphan receptor 2 [Source:HGNC Symbol;Acc:HGNC:10257]	no	Not_regulated_by_YAP	NA
ENSG00000169084	2	common_down	DHRSX	20.43	X	2500650	dehydrogenase/reductase X-linked [Source:HGNC Symbol;Acc:HGNC:18399]	no	Not_regulated_by_YAP	NA
ENSG00000169118	2	common_down	CSNK1G1	6.22	15	64356173	casein kinase 1 gamma 1 [Source:HGNC Symbol;Acc:HGNC:2454]	no	YAP_regulated	NA
ENSG00000169371	2	common_down	SNUPN	19.45	15	75625794	snurportin 1 [Source:HGNC Symbol;Acc:HGNC:14245]	no	YAP_regulated	NA
ENSG00000169499	2	common_down	PLEKHA2	42.51	8	38901279	pleckstrin homology domain containing A2 [Source:HGNC Symbol;Acc:HGNC:14336]	no	Not_regulated_by_YAP	NA
ENSG00000169733	2	common_down	RFNG	14.21	17	82050514	RFNG O-fucosylpeptide 3-beta-N-acetylglucosaminyltransferase [Source:HGNC Symbol;Acc:HGNC:9974]	no	Not_regulated_by_YAP	NA
ENSG00000169750	2	common_down	RAC3	11.95	17	82031678	Rac family small GTPase 3 [Source:HGNC Symbol;Acc:HGNC:9803]	no	Not_regulated_by_YAP	NA
ENSG00000169871	2	common_down	TRIM56	15.05	7	101085481	tripartite motif containing 56 [Source:HGNC Symbol;Acc:HGNC:19028]	no	Not_regulated_by_YAP	NA
ENSG00000169918	2	common_down	OTUD7A	0.02	15	31655339	OTU deubiquitinase 7A [Source:HGNC Symbol;Acc:HGNC:20718]	no	Not_regulated_by_YAP	NA
ENSG00000169919	2	common_down	GUSB	100.9	7	65974847	glucuronidase beta [Source:HGNC Symbol;Acc:HGNC:4696]	no	Not_regulated_by_YAP	NA
ENSG00000170584	2	common_down	NUDCD2	22.26	5	163460102	NudC domain containing 2 [Source:HGNC Symbol;Acc:HGNC:30535]	no	YAP_regulated	NA
ENSG00000170689	2	common_down	HOXB9	21.31	17	48626358	homeobox B9 [Source:HGNC Symbol;Acc:HGNC:5120]	Yes	YAP_regulated	Homeodomain
ENSG00000171097	2	common_down	KYAT1	17.39	9	128882036	kynurenine aminotransferase 1 [Source:HGNC Symbol;Acc:HGNC:1564]	no	Not_regulated_by_YAP	NA
ENSG00000171132	2	common_down	PRKCE	5.98	2	45651345	protein kinase C epsilon [Source:HGNC Symbol;Acc:HGNC:9401]	no	YAP_regulated	NA
ENSG00000171160	2	common_down	MORN4	4.82	10	97633500	MORN repeat containing 4 [Source:HGNC Symbol;Acc:HGNC:24001]	no	Not_regulated_by_YAP	NA
ENSG00000171206	2	common_down	TRIM8	40.94	10	102654688	tripartite motif containing 8 [Source:HGNC Symbol;Acc:HGNC:15579]	no	YAP_regulated	NA
ENSG00000171443	2	common_down	ZNF524	3.99	19	55600288	zinc finger protein 524 [Source:HGNC Symbol;Acc:HGNC:28322]	Yes	YAP_regulated	C2H2 ZF; AT hook
ENSG00000171456	2	common_down	ASXL1	65.43	20	32358330	ASXL transcriptional regulator 1 [Source:HGNC Symbol;Acc:HGNC:18318]	no	YAP_regulated	NA
ENSG00000171475	2	common_down	WIPF2	13.75	17	40219304	WAS/WASL interacting protein family member 2 [Source:HGNC Symbol;Acc:HGNC:30923]	no	Not_regulated_by_YAP	NA
ENSG00000171552	2	common_down	BCL2L1	111.39	20	31722597	BCL2 like 1 [Source:HGNC Symbol;Acc:HGNC:992]	no	YAP_regulated	NA
ENSG00000171791	2	common_down	BCL2	1.18	18	63320128	BCL2 apoptosis regulator [Source:HGNC Symbol;Acc:HGNC:990]	no	Not_regulated_by_YAP	NA
ENSG00000171992	2	common_down	SYNPO	65.15	5	150601080	synaptopodin [Source:HGNC Symbol;Acc:HGNC:30672]	no	YAP_regulated	NA
ENSG00000172216	2	common_down	CEBPB	6.28	20	50190830	CCAAT enhancer binding protein beta [Source:HGNC Symbol;Acc:HGNC:1834]	Yes	YAP_regulated	bZIP
ENSG00000172264	2	common_down	MACROD2	7.17	20	13995773	mono-ADP ribosylhydrolase 2 [Source:HGNC Symbol;Acc:HGNC:16126]	no	Not_regulated_by_YAP	NA
ENSG00000172340	2	common_down	SUCLG2	51.22	3	67654610	succinate-CoA ligase GDP-forming subunit beta [Source:HGNC Symbol;Acc:HGNC:11450]	no	YAP_regulated	NA
ENSG00000172366	2	common_down	MCRIP2	18.19	16	636817	MAPK regulated corepressor interacting protein 2 [Source:HGNC Symbol;Acc:HGNC:14142]	no	YAP_regulated	NA
ENSG00000172594	2	common_down	SMPDL3A	7.46	6	122789258	sphingomyelin phosphodiesterase acid like 3A [Source:HGNC Symbol;Acc:HGNC:17389]	no	Not_regulated_by_YAP	NA
ENSG00000172766	2	common_down	NAA16	7.91	13	41311267	N-alpha-acetyltransferase 16, NatA auxiliary subunit [Source:HGNC Symbol;Acc:HGNC:26164]	no	Not_regulated_by_YAP	NA
ENSG00000172889	2	common_down	EGFL7	8.02	9	136662933	EGF like domain multiple 7 [Source:HGNC Symbol;Acc:HGNC:20594]	no	Not_regulated_by_YAP	NA
ENSG00000172927	2	common_down	MYEOV	74.56	11	69294151	myeloma overexpressed [Source:HGNC Symbol;Acc:HGNC:7563]	no	YAP_regulated	NA
ENSG00000173064	2	common_down	HECTD4	14.4	12	112382439	HECT domain E3 ubiquitin protein ligase 4 [Source:HGNC Symbol;Acc:HGNC:26611]	no	Not_regulated_by_YAP	NA
ENSG00000173272	2	common_down	MZT2A	121.79	2	131492743	mitotic spindle organizing protein 2A [Source:HGNC Symbol;Acc:HGNC:33187]	no	Not_regulated_by_YAP	NA
ENSG00000173281	2	common_down	PPP1R3B	3.85	8	9150658	protein phosphatase 1 regulatory subunit 3B [Source:HGNC Symbol;Acc:HGNC:14942]	no	Not_regulated_by_YAP	NA
ENSG00000173548	2	common_down	SNX33	4.56	15	75647912	sorting nexin 33 [Source:HGNC Symbol;Acc:HGNC:28468]	no	YAP_regulated	NA
ENSG00000173812	2	common_down	EIF1	500.45	17	41688885	eukaryotic translation initiation factor 1 [Source:HGNC Symbol;Acc:HGNC:3249]	no	YAP_regulated	NA
ENSG00000174606	2	common_down	ANGEL2	18.37	1	213015867	angel homolog 2 [Source:HGNC Symbol;Acc:HGNC:30534]	no	YAP_regulated	NA
ENSG00000174684	2	common_down	B4GAT1	6.36	11	66347629	beta-1,4-glucuronyltransferase 1 [Source:HGNC Symbol;Acc:HGNC:15685]	no	Not_regulated_by_YAP	NA
ENSG00000174705	2	common_down	SH3PXD2B	17.47	5	172454308	SH3 and PX domains 2B [Source:HGNC Symbol;Acc:HGNC:29242]	no	YAP_regulated	NA
ENSG00000174945	2	common_down	AMZ1	25.39	7	2702476	archaelysin family metallopeptidase 1 [Source:HGNC Symbol;Acc:HGNC:22231]	no	Not_regulated_by_YAP	NA
ENSG00000175197	2	common_down	DDIT3	13.65	12	57520511	DNA damage inducible transcript 3 [Source:HGNC Symbol;Acc:HGNC:2726]	Yes	YAP_regulated	bZIP
ENSG00000175727	2	common_down	MLXIP	25.69	12	122129942	MLX interacting protein [Source:HGNC Symbol;Acc:HGNC:17055]	Yes	YAP_regulated	bHLH
ENSG00000175879	2	common_down	HOXD8	6.18	2	176129705	homeobox D8 [Source:HGNC Symbol;Acc:HGNC:5139]	Yes	Not_regulated_by_YAP	Homeodomain
ENSG00000176058	2	common_down	TPRN	8.6	9	137200741	taperin [Source:HGNC Symbol;Acc:HGNC:26894]	no	YAP_regulated	NA
ENSG00000176105	2	common_down	YES1	68	18	775266	YES proto-oncogene 1, Src family tyrosine kinase [Source:HGNC Symbol;Acc:HGNC:12841]	no	YAP_regulated	NA
ENSG00000176124	2	common_down	DLEU1	17.2	13	50082171	deleted in lymphocytic leukemia 1 [Source:HGNC Symbol;Acc:HGNC:13747]	no	YAP_regulated	NA
ENSG00000176244	2	common_down	ACBD7	3.08	10	15088776	acyl-CoA binding domain containing 7 [Source:HGNC Symbol;Acc:HGNC:17715]	no	YAP_regulated	NA
ENSG00000176407	2	common_down	KCMF1	112.66	2	84971093	potassium channel modulatory factor 1 [Source:HGNC Symbol;Acc:HGNC:20589]	Yes	YAP_regulated	C2H2 ZF
ENSG00000176845	2	common_down	METRNL	26.94	17	83079609	meteorin like, glial cell differentiation regulator [Source:HGNC Symbol;Acc:HGNC:27584]	no	Not_regulated_by_YAP	NA
ENSG00000176912	2	common_down	TYMSOS	2.95	18	642518	TYMS opposite strand [Source:HGNC Symbol;Acc:HGNC:29553]	no	YAP_regulated	NA
ENSG00000176915	2	common_down	ANKLE2	110.54	12	132732100	ankyrin repeat and LEM domain containing 2 [Source:HGNC Symbol;Acc:HGNC:29101]	no	YAP_regulated	NA
ENSG00000176978	2	common_down	DPP7	74.21	9	137114733	dipeptidyl peptidase 7 [Source:HGNC Symbol;Acc:HGNC:14892]	no	Not_regulated_by_YAP	NA
ENSG00000177000	2	common_down	MTHFR	2.11	1	11805413	methylenetetrahydrofolate reductase [Source:HGNC Symbol;Acc:HGNC:7436]	no	YAP_regulated	NA
ENSG00000177106	2	common_down	EPS8L2	123.32	11	709560	EPS8 like 2 [Source:HGNC Symbol;Acc:HGNC:21296]	no	YAP_regulated	NA
ENSG00000177169	2	common_down	ULK1	11.14	12	131918302	unc-51 like autophagy activating kinase 1 [Source:HGNC Symbol;Acc:HGNC:12558]	no	YAP_regulated	NA
ENSG00000177283	2	common_down	FZD8	2.68	10	35642278	frizzled class receptor 8 [Source:HGNC Symbol;Acc:HGNC:4046]	no	Not_regulated_by_YAP	NA
ENSG00000177410	2	common_down	ZFAS1	122.31	20	49278642	ZNFX1 antisense RNA 1 [Source:HGNC Symbol;Acc:HGNC:33101]	no	YAP_regulated	NA
ENSG00000177425	2	common_down	PAWR	59.52	12	79597982	pro-apoptotic WT1 regulator [Source:HGNC Symbol;Acc:HGNC:8614]	no	YAP_regulated	NA
ENSG00000177614	2	common_down	PGBD5	6.34	1	230426332	piggyBac transposable element derived 5 [Source:HGNC Symbol;Acc:HGNC:19405]	no	YAP_regulated	NA
ENSG00000177732	2	common_down	SOX12	6.27	20	325595	SRY-box transcription factor 12 [Source:HGNC Symbol;Acc:HGNC:11198]	Yes	YAP_regulated	HMG/Sox
ENSG00000178222	2	common_down	RNF212	0.15	4	1058427	ring finger protein 212 [Source:HGNC Symbol;Acc:HGNC:27729]	no	Not_regulated_by_YAP	NA
ENSG00000178467	2	common_down	P4HTM	14.6	3	48990241	prolyl 4-hydroxylase, transmembrane [Source:HGNC Symbol;Acc:HGNC:28858]	no	YAP_regulated	NA
ENSG00000178573	2	common_down	MAF	12.86	16	79599902	MAF bZIP transcription factor [Source:HGNC Symbol;Acc:HGNC:6776]	Yes	Not_regulated_by_YAP	bZIP
ENSG00000179262	2	common_down	RAD23A	157.04	19	12945866	RAD23 homolog A, nucleotide excision repair protein [Source:HGNC Symbol;Acc:HGNC:9812]	no	YAP_regulated	NA
ENSG00000179362	2	common_down	HMGN2P46	4.45	15	45529734	high mobility group nucleosomal binding domain 2 pseudogene 46 [Source:HGNC Symbol;Acc:HGNC:26817]	no	Not_regulated_by_YAP	NA
ENSG00000179632	2	common_down	MAF1	98.16	8	144105083	MAF1 homolog, negative regulator of RNA polymerase III [Source:HGNC Symbol;Acc:HGNC:24966]	no	YAP_regulated	NA
ENSG00000179833	2	common_down	SERTAD2	38.47	2	64751005	SERTA domain containing 2 [Source:HGNC Symbol;Acc:HGNC:30784]	no	YAP_regulated	NA
ENSG00000180357	2	common_down	ZNF609	6.67	15	64499292	zinc finger protein 609 [Source:HGNC Symbol;Acc:HGNC:29003]	Yes	Not_regulated_by_YAP	C2H2 ZF
ENSG00000181038	2	common_down	METTL23	36.87	17	76726965	methyltransferase like 23 [Source:HGNC Symbol;Acc:HGNC:26988]	no	YAP_regulated	NA
ENSG00000181826	2	common_down	RELL1	11.13	4	37686376	RELT like 1 [Source:HGNC Symbol;Acc:HGNC:27379]	no	YAP_regulated	NA
ENSG00000182240	2	common_down	BACE2	83.32	21	41168160	beta-secretase 2 [Source:HGNC Symbol;Acc:HGNC:934]	no	YAP_regulated	NA
ENSG00000182534	2	common_down	MXRA7	226.17	17	76710955	matrix remodeling associated 7 [Source:HGNC Symbol;Acc:HGNC:7541]	no	YAP_regulated	NA
ENSG00000182648	2	common_down	LINC01006	1.86	7	156640599	long intergenic non-protein coding RNA 1006 [Source:HGNC Symbol;Acc:HGNC:48971]	no	Not_regulated_by_YAP	NA
ENSG00000182963	2	common_down	GJC1	35.74	17	44830811	gap junction protein gamma 1 [Source:HGNC Symbol;Acc:HGNC:4280]	no	Not_regulated_by_YAP	NA
ENSG00000182985	2	common_down	CADM1	95.6	11	115198440	cell adhesion molecule 1 [Source:HGNC Symbol;Acc:HGNC:5951]	no	Not_regulated_by_YAP	NA
ENSG00000183010	2	common_down	PYCR1	188.04	17	81937239	pyrroline-5-carboxylate reductase 1 [Source:HGNC Symbol;Acc:HGNC:9721]	no	Not_regulated_by_YAP	NA
ENSG00000183098	2	common_down	GPC6	7.97	13	93226807	glypican 6 [Source:HGNC Symbol;Acc:HGNC:4454]	no	YAP_regulated	NA
ENSG00000183230	2	common_down	CTNNA3	0.21	10	67219873	catenin alpha 3 [Source:HGNC Symbol;Acc:HGNC:2511]	no	Not_regulated_by_YAP	NA
ENSG00000183242	2	common_down	WT1-AS	1.59	11	32435518	WT1 antisense RNA [Source:HGNC Symbol;Acc:HGNC:18135]	no	Not_regulated_by_YAP	NA
ENSG00000183696	2	common_down	UPP1	26.82	7	48088628	uridine phosphorylase 1 [Source:HGNC Symbol;Acc:HGNC:12576]	no	YAP_regulated	NA
ENSG00000183891	2	common_down	TTC32	10.52	2	19901956	tetratricopeptide repeat domain 32 [Source:HGNC Symbol;Acc:HGNC:32954]	no	Not_regulated_by_YAP	NA
ENSG00000184271	2	common_down	POU6F1	1.19	12	51198167	POU class 6 homeobox 1 [Source:HGNC Symbol;Acc:HGNC:9224]	Yes	Not_regulated_by_YAP	Homeodomain; POU
ENSG00000184441	2	common_down	AP001062.1	1.01	21	44331234	novel transcript, antisense to C21orf2	no	Not_regulated_by_YAP	NA
ENSG00000184575	2	common_down	XPOT	96.54	12	64424704	exportin for tRNA [Source:HGNC Symbol;Acc:HGNC:12826]	no	YAP_regulated	NA
ENSG00000184640	2	common_down	SEPTIN9	160.65	17	77475243	septin 9 [Source:HGNC Symbol;Acc:HGNC:7323]	no	YAP_regulated	NA
ENSG00000184897	2	common_down	H1-10	26.79	3	129316286	H1.10 linker histone [Source:HGNC Symbol;Acc:HGNC:4722]	no	Not_regulated_by_YAP	NA
ENSG00000184922	2	common_down	FMNL1	18.05	17	45221444	formin like 1 [Source:HGNC Symbol;Acc:HGNC:1212]	no	Not_regulated_by_YAP	NA
ENSG00000185000	2	common_down	DGAT1	20.54	8	144317633	diacylglycerol O-acyltransferase 1 [Source:HGNC Symbol;Acc:HGNC:2843]	no	YAP_regulated	NA
ENSG00000185043	2	common_down	CIB1	181.48	15	90233960	calcium and integrin binding 1 [Source:HGNC Symbol;Acc:HGNC:16920]	no	YAP_regulated	NA
ENSG00000185187	2	common_down	SIGIRR	12.75	11	409977	single Ig and TIR domain containing [Source:HGNC Symbol;Acc:HGNC:30575]	no	YAP_regulated	NA
ENSG00000185262	2	common_down	UBALD2	22.27	17	76265348	UBA like domain containing 2 [Source:HGNC Symbol;Acc:HGNC:28438]	no	YAP_regulated	NA
ENSG00000185345	2	common_down	PRKN	0.1	6	162727766	parkin RBR E3 ubiquitin protein ligase [Source:HGNC Symbol;Acc:HGNC:8607]	no	Not_regulated_by_YAP	NA
ENSG00000185361	2	common_down	TNFAIP8L1	11.72	19	4639516	TNF alpha induced protein 8 like 1 [Source:HGNC Symbol;Acc:HGNC:28279]	no	YAP_regulated	NA
ENSG00000185420	2	common_down	SMYD3	17.35	1	246483765	SET and MYND domain containing 3 [Source:HGNC Symbol;Acc:HGNC:15513]	Yes	Not_regulated_by_YAP	Unknown
ENSG00000185477	2	common_down	GPRIN3	0.32	4	89307800	GPRIN family member 3 [Source:HGNC Symbol;Acc:HGNC:27733]	no	Not_regulated_by_YAP	NA
ENSG00000185591	2	common_down	SP1	20.24	12	53381302	Sp1 transcription factor [Source:HGNC Symbol;Acc:HGNC:11205]	Yes	YAP_regulated	C2H2 ZF
ENSG00000185650	2	common_down	ZFP36L1	132.42	14	68796253	ZFP36 ring finger protein like 1 [Source:HGNC Symbol;Acc:HGNC:1107]	no	YAP_regulated	NA
ENSG00000185716	2	common_down	MOSMO	6.32	16	22008209	modulator of smoothened [Source:HGNC Symbol;Acc:HGNC:27087]	no	Not_regulated_by_YAP	NA
ENSG00000185950	2	common_down	IRS2	49.09	13	109786583	insulin receptor substrate 2 [Source:HGNC Symbol;Acc:HGNC:6126]	no	YAP_regulated	NA
ENSG00000186007	2	common_down	LEMD1	0.11	1	205449931	LEM domain containing 1 [Source:HGNC Symbol;Acc:HGNC:18725]	no	Not_regulated_by_YAP	NA
ENSG00000186184	2	common_down	POLR1D	110.6	13	27621954	RNA polymerase I and III subunit D [Source:HGNC Symbol;Acc:HGNC:20422]	no	YAP_regulated	NA
ENSG00000186566	2	common_down	GPATCH8	14.77	17	44445922	G-patch domain containing 8 [Source:HGNC Symbol;Acc:HGNC:29066]	no	YAP_regulated	NA
ENSG00000186723	2	common_down	OR10H1	0.27	19	15815664	olfactory receptor family 10 subfamily H member 1 [Source:HGNC Symbol;Acc:HGNC:8172]	no	Not_regulated_by_YAP	NA
ENSG00000186815	2	common_down	TPCN1	37.07	12	113221460	two pore segment channel 1 [Source:HGNC Symbol;Acc:HGNC:18182]	no	YAP_regulated	NA
ENSG00000186866	2	common_down	POFUT2	69.03	21	45285691	protein O-fucosyltransferase 2 [Source:HGNC Symbol;Acc:HGNC:14683]	no	YAP_regulated	NA
ENSG00000186868	2	common_down	MAPT	0.25	17	45894566	microtubule associated protein tau [Source:HGNC Symbol;Acc:HGNC:6893]	no	Not_regulated_by_YAP	NA
ENSG00000187079	2	common_down	TEAD1	29.16	11	12674421	TEA domain transcription factor 1 [Source:HGNC Symbol;Acc:HGNC:11714]	Yes	YAP_regulated	TEA
ENSG00000187109	2	common_down	NAP1L1	801.07	12	76084685	nucleosome assembly protein 1 like 1 [Source:HGNC Symbol;Acc:HGNC:7637]	no	YAP_regulated	NA
ENSG00000187147	2	common_down	RNF220	59.59	1	44405194	ring finger protein 220 [Source:HGNC Symbol;Acc:HGNC:25552]	no	YAP_regulated	NA
ENSG00000187391	2	common_down	MAGI2	0.07	7	78489900	membrane associated guanylate kinase, WW and PDZ domain containing 2 [Source:HGNC Symbol;Acc:HGNC:18957]	no	Not_regulated_by_YAP	NA
ENSG00000187609	2	common_down	EXD3	3.66	9	137352984	exonuclease 3'-5' domain containing 3 [Source:HGNC Symbol;Acc:HGNC:26023]	no	YAP_regulated	NA
ENSG00000187840	2	common_down	EIF4EBP1	105.35	8	38030534	eukaryotic translation initiation factor 4E binding protein 1 [Source:HGNC Symbol;Acc:HGNC:3288]	no	Not_regulated_by_YAP	NA
ENSG00000187994	2	common_down	RINL	0.29	19	38870043	Ras and Rab interactor like [Source:HGNC Symbol;Acc:HGNC:24795]	no	Not_regulated_by_YAP	NA
ENSG00000188060	2	common_down	RAB42	31.66	1	28592495	RAB42, member RAS oncogene family [Source:HGNC Symbol;Acc:HGNC:28702]	no	Not_regulated_by_YAP	NA
ENSG00000188157	2	common_down	AGRN	176.39	1	1045399	agrin [Source:HGNC Symbol;Acc:HGNC:329]	no	YAP_regulated	NA
ENSG00000188554	2	common_down	NBR1	20.84	17	43171202	NBR1 autophagy cargo receptor [Source:HGNC Symbol;Acc:HGNC:6746]	no	YAP_regulated	NA
ENSG00000188624	2	common_down	IGFL3	0.06	19	46124688	IGF like family member 3 [Source:HGNC Symbol;Acc:HGNC:32930]	no	Not_regulated_by_YAP	NA
ENSG00000188647	2	common_down	PTAR1	28.15	9	69723571	protein prenyltransferase alpha subunit repeat containing 1 [Source:HGNC Symbol;Acc:HGNC:30449]	no	Not_regulated_by_YAP	NA
ENSG00000188818	2	common_down	ZDHHC11	3.36	5	843746	zinc finger DHHC-type containing 11 [Source:HGNC Symbol;Acc:HGNC:19158]	no	Not_regulated_by_YAP	NA
ENSG00000189077	2	common_down	TMEM120A	43.35	7	75994616	transmembrane protein 120A [Source:HGNC Symbol;Acc:HGNC:21697]	no	YAP_regulated	NA
ENSG00000196233	2	common_down	LCOR	13.88	10	96907286	ligand dependent nuclear receptor corepressor [Source:HGNC Symbol;Acc:HGNC:29503]	Yes	YAP_regulated	Pipsqueak
ENSG00000196323	2	common_down	ZBTB44	9.89	11	130314908	zinc finger and BTB domain containing 44 [Source:HGNC Symbol;Acc:HGNC:25001]	Yes	YAP_regulated	C2H2 ZF
ENSG00000196352	2	common_down	CD55	30.17	1	207321701	CD55 molecule (Cromer blood group) [Source:HGNC Symbol;Acc:HGNC:2665]	no	YAP_regulated	NA
ENSG00000196498	2	common_down	NCOR2	70.42	12	124332345	nuclear receptor corepressor 2 [Source:HGNC Symbol;Acc:HGNC:7673]	no	YAP_regulated	NA
ENSG00000196531	2	common_down	NACA	1640.1	12	56731628	nascent polypeptide associated complex subunit alpha [Source:HGNC Symbol;Acc:HGNC:7629]	no	Not_regulated_by_YAP	NA
ENSG00000196584	2	common_down	XRCC2	18.27	7	152664004	X-ray repair cross complementing 2 [Source:HGNC Symbol;Acc:HGNC:12829]	no	YAP_regulated	NA
ENSG00000196704	2	common_down	AMZ2	96.09	17	68248043	archaelysin family metallopeptidase 2 [Source:HGNC Symbol;Acc:HGNC:28041]	no	Not_regulated_by_YAP	NA
ENSG00000196712	2	common_down	NF1	20.47	17	31094927	neurofibromin 1 [Source:HGNC Symbol;Acc:HGNC:7765]	no	YAP_regulated	NA
ENSG00000196998	2	common_down	WDR45	16.56	X	49079889	WD repeat domain 45 [Source:HGNC Symbol;Acc:HGNC:28912]	no	Not_regulated_by_YAP	NA
ENSG00000197063	2	common_down	MAFG	24.24	17	81927735	MAF bZIP transcription factor G [Source:HGNC Symbol;Acc:HGNC:6781]	Yes	Not_regulated_by_YAP	bZIP
ENSG00000197111	2	common_down	PCBP2	622.87	12	53454860	poly(rC) binding protein 2 [Source:HGNC Symbol;Acc:HGNC:8648]	no	YAP_regulated	NA
ENSG00000197183	2	common_down	NOL4L	16.33	20	32520854	nucleolar protein 4 like [Source:HGNC Symbol;Acc:HGNC:16106]	no	YAP_regulated	NA
ENSG00000197969	2	common_down	VPS13A	18.93	9	77177536	vacuolar protein sorting 13 homolog A [Source:HGNC Symbol;Acc:HGNC:1908]	no	YAP_regulated	NA
ENSG00000197989	2	common_down	SNHG12	116.21	1	28581010	small nucleolar RNA host gene 12 [Source:HGNC Symbol;Acc:HGNC:30062]	no	YAP_regulated	NA
ENSG00000198146	2	common_down	ZNF770	12.8	15	34988225	zinc finger protein 770 [Source:HGNC Symbol;Acc:HGNC:26061]	Yes	Not_regulated_by_YAP	C2H2 ZF
ENSG00000198270	2	common_down	TMEM116	6.97	12	112013185	transmembrane protein 116 [Source:HGNC Symbol;Acc:HGNC:25084]	no	YAP_regulated	NA
ENSG00000198276	2	common_down	UCKL1	23.97	20	63956416	uridine-cytidine kinase 1 like 1 [Source:HGNC Symbol;Acc:HGNC:15938]	no	YAP_regulated	NA
ENSG00000198355	2	common_down	PIM3	36.66	22	49960772	Pim-3 proto-oncogene, serine/threonine kinase [Source:HGNC Symbol;Acc:HGNC:19310]	no	YAP_regulated	NA
ENSG00000198380	2	common_down	GFPT1	34.73	2	69387227	glutamine--fructose-6-phosphate transaminase 1 [Source:HGNC Symbol;Acc:HGNC:4241]	no	YAP_regulated	NA
ENSG00000198478	2	common_down	SH3BGRL2	6.22	6	79631329	SH3 domain binding glutamate rich protein like 2 [Source:HGNC Symbol;Acc:HGNC:15567]	no	Not_regulated_by_YAP	NA
ENSG00000198496	2	common_down	NBR2	1.27	17	43125610	neighbor of BRCA1 lncRNA 2 [Source:HGNC Symbol;Acc:HGNC:20691]	no	Not_regulated_by_YAP	NA
ENSG00000198646	2	common_down	NCOA6	17.93	20	34821639	nuclear receptor coactivator 6 [Source:HGNC Symbol;Acc:HGNC:15936]	no	YAP_regulated	NA
ENSG00000198743	2	common_down	SLC5A3	0.17	21	34073578	solute carrier family 5 member 3 [Source:HGNC Symbol;Acc:HGNC:11038]	no	Not_regulated_by_YAP	NA
ENSG00000198816	2	common_down	ZNF358	22.9	19	7516103	zinc finger protein 358 [Source:HGNC Symbol;Acc:HGNC:16838]	Yes	Not_regulated_by_YAP	C2H2 ZF
ENSG00000198901	2	common_down	PRC1	275.38	15	90981231	protein regulator of cytokinesis 1 [Source:HGNC Symbol;Acc:HGNC:9341]	no	YAP_regulated	NA
ENSG00000198911	2	common_down	SREBF2	67.17	22	41885596	sterol regulatory element binding transcription factor 2 [Source:HGNC Symbol;Acc:HGNC:11290]	Yes	YAP_regulated	bHLH
ENSG00000203705	2	common_down	TATDN3	9.67	1	212794870	TatD DNase domain containing 3 [Source:HGNC Symbol;Acc:HGNC:27010]	no	Not_regulated_by_YAP	NA
ENSG00000203950	2	common_down	RTL8A	74.4	X	135052175	retrotransposon Gag like 8A [Source:HGNC Symbol;Acc:HGNC:24514]	no	YAP_regulated	NA
ENSG00000203999	2	common_down	LINC01270	2.45	20	50292720	long intergenic non-protein coding RNA 1270 [Source:HGNC Symbol;Acc:HGNC:27658]	no	YAP_regulated	NA
ENSG00000204084	2	common_down	INPP5B	6.52	1	37931749	inositol polyphosphate-5-phosphatase B [Source:HGNC Symbol;Acc:HGNC:6077]	no	YAP_regulated	NA
ENSG00000204138	2	common_down	PHACTR4	19.68	1	28369740	phosphatase and actin regulator 4 [Source:HGNC Symbol;Acc:HGNC:25793]	no	YAP_regulated	NA
ENSG00000204387	2	common_down	SNHG32	97.48	6	31834908	small nucleolar RNA host gene 32 [Source:HGNC Symbol;Acc:HGNC:19078]	no	Not_regulated_by_YAP	NA
ENSG00000204628	2	common_down	RACK1	2280.6	5	181243908	receptor for activated C kinase 1 [Source:HGNC Symbol;Acc:HGNC:4399]	no	YAP_regulated	NA
ENSG00000204899	2	common_down	MZT1	64.75	13	72727629	mitotic spindle organizing protein 1 [Source:HGNC Symbol;Acc:HGNC:33830]	no	YAP_regulated	NA
ENSG00000204941	2	common_down	PSG5	0.04	19	43186536	pregnancy specific beta-1-glycoprotein 5 [Source:HGNC Symbol;Acc:HGNC:9522]	no	Not_regulated_by_YAP	NA
ENSG00000204954	2	common_down	C12orf73	12.92	12	103951405	chromosome 12 open reading frame 73 [Source:HGNC Symbol;Acc:HGNC:34450]	no	YAP_regulated	NA
ENSG00000205133	2	common_down	TRIQK	37.83	8	92966123	triple QxxK/R motif containing [Source:HGNC Symbol;Acc:HGNC:27828]	no	YAP_regulated	NA
ENSG00000205208	2	common_down	C4orf46	19.16	4	158671887	chromosome 4 open reading frame 46 [Source:HGNC Symbol;Acc:HGNC:27320]	no	YAP_regulated	NA
ENSG00000205323	2	common_down	SARNP	170.01	12	55817724	SAP domain containing ribonucleoprotein [Source:HGNC Symbol;Acc:HGNC:24432]	no	YAP_regulated	NA
ENSG00000205476	2	common_down	CCDC85C	15.28	14	99604207	coiled-coil domain containing 85C [Source:HGNC Symbol;Acc:HGNC:35459]	no	YAP_regulated	NA
ENSG00000206535	2	common_down	LNP1	4.82	3	100401539	leukemia NUP98 fusion partner 1 [Source:HGNC Symbol;Acc:HGNC:28014]	no	YAP_regulated	NA
ENSG00000212694	2	common_down	LINC01089	10.94	12	121802945	long intergenic non-protein coding RNA 1089 [Source:HGNC Symbol;Acc:HGNC:27886]	no	YAP_regulated	NA
ENSG00000213186	2	common_down	TRIM59	29.47	3	160448937	tripartite motif containing 59 [Source:HGNC Symbol;Acc:HGNC:30834]	no	YAP_regulated	NA
ENSG00000213465	2	common_down	ARL2	48.42	11	65014160	ADP ribosylation factor like GTPase 2 [Source:HGNC Symbol;Acc:HGNC:693]	no	YAP_regulated	NA
ENSG00000213614	2	common_down	HEXA	50.74	15	72375993	hexosaminidase subunit alpha [Source:HGNC Symbol;Acc:HGNC:4878]	no	Not_regulated_by_YAP	NA
ENSG00000213700	2	common_down	RPL17P50	0.09	10	73006595	ribosomal protein L17 pseudogene 50 [Source:HGNC Symbol;Acc:HGNC:45098]	no	Not_regulated_by_YAP	NA
ENSG00000214022	2	common_down	REPIN1	114.43	7	150368840	replication initiator 1 [Source:HGNC Symbol;Acc:HGNC:17922]	Yes	Not_regulated_by_YAP	C2H2 ZF
ENSG00000214078	2	common_down	CPNE1	228.5	20	35664886	copine 1 [Source:HGNC Symbol;Acc:HGNC:2314]	no	Not_regulated_by_YAP	NA
ENSG00000214783	2	common_down	POLR2J4	1.98	7	44019149	RNA polymerase II subunit J4, pseudogene [Source:HGNC Symbol;Acc:HGNC:28195]	no	Not_regulated_by_YAP	NA
ENSG00000214944	2	common_down	ARHGEF28	9.02	5	73626158	Rho guanine nucleotide exchange factor 28 [Source:HGNC Symbol;Acc:HGNC:30322]	no	YAP_regulated	NA
ENSG00000217128	2	common_down	FNIP1	12.99	5	131796950	folliculin interacting protein 1 [Source:HGNC Symbol;Acc:HGNC:29418]	no	YAP_regulated	NA
ENSG00000219665	2	common_down	ZNF433-AS1	12.74	19	11987656	ZNF433 and ZNF878 antisense RNA 1 [Source:HGNC Symbol;Acc:HGNC:53776]	no	Not_regulated_by_YAP	NA
ENSG00000223496	2	common_down	EXOSC6	9.49	16	70251940	exosome component 6 [Source:HGNC Symbol;Acc:HGNC:19055]	no	Not_regulated_by_YAP	NA
ENSG00000223969	2	common_down	AC002456.1	6.12	7	90595748	novel transcript	no	Not_regulated_by_YAP	NA
ENSG00000224020	2	common_down	MIR181A2HG	1.58	9	124658467	MIR181A2 host gene [Source:HGNC Symbol;Acc:HGNC:37188]	no	Not_regulated_by_YAP	NA
ENSG00000224081	2	common_down	SLC44A3-AS1	1.26	1	94820277	SLC44A3 antisense RNA 1 [Source:HGNC Symbol;Acc:HGNC:49057]	no	Not_regulated_by_YAP	NA
ENSG00000224596	2	common_down	ZMIZ1-AS1	0.81	10	78962394	ZMIZ1 antisense RNA 1 [Source:HGNC Symbol;Acc:HGNC:27433]	no	Not_regulated_by_YAP	NA
ENSG00000224897	2	common_down	POT1-AS1	1.65	7	124929915	POT1 antisense RNA 1 [Source:HGNC Symbol;Acc:HGNC:49459]	no	Not_regulated_by_YAP	NA
ENSG00000225138	2	common_down	SLC9A3-AS1	3.57	5	477322	SLC9A3 antisense RNA 1 [Source:HGNC Symbol;Acc:HGNC:40550]	no	YAP_regulated	NA
ENSG00000225269	2	common_down	LINC00705	0.51	10	4655570	long intergenic non-protein coding RNA 705 [Source:HGNC Symbol;Acc:HGNC:27874]	no	Not_regulated_by_YAP	NA
ENSG00000226419	2	common_down	SLC16A1-AS1	9.61	1	112956461	SLC16A1 antisense RNA 1 [Source:HGNC Symbol;Acc:HGNC:49445]	no	YAP_regulated	NA
ENSG00000226742	2	common_down	HSBP1L1	17.92	18	79964582	heat shock factor binding protein 1 like 1 [Source:HGNC Symbol;Acc:HGNC:37243]	no	Not_regulated_by_YAP	NA
ENSG00000226808	2	common_down	LINC00840	0.01	10	43859407	long intergenic non-protein coding RNA 840 [Source:HGNC Symbol;Acc:HGNC:44987]	no	Not_regulated_by_YAP	NA
ENSG00000227533	2	common_down	SLC2A1-AS1	1.72	1	42959049	SLC2A1 antisense RNA 1 [Source:HGNC Symbol;Acc:HGNC:44187]	no	Not_regulated_by_YAP	NA
ENSG00000228035	2	common_down	NGF-AS1	0.77	1	115283034	NGF antisense RNA 1 [Source:HGNC Symbol;Acc:HGNC:53922]	no	Not_regulated_by_YAP	NA
ENSG00000228436	2	common_down	AL139260.1	0.52	1	38860000	novel transcript	no	Not_regulated_by_YAP	NA
ENSG00000229299	2	common_down	AL121845.1	1.73	20	63744689	novel transcript	no	Not_regulated_by_YAP	NA
ENSG00000230844	2	common_down	ZNF674-AS1	5.05	X	46545493	ZNF674 antisense RNA 1 (head to head) [Source:HGNC Symbol;Acc:HGNC:44266]	no	YAP_regulated	NA
ENSG00000231638	2	common_down	LUARIS	2.43	7	43522542	lncRNA upregulator of antiviral response interferon signaling [Source:HGNC Symbol;Acc:HGNC:40992]	no	YAP_regulated	NA
ENSG00000231742	2	common_down	LINC01273	0.57	20	50172535	long intergenic non-protein coding RNA 1273 [Source:HGNC Symbol;Acc:HGNC:50329]	no	Not_regulated_by_YAP	NA
ENSG00000232110	2	common_down	AL353751.1	18.88	10	89283765	novel transcript, antisense to LIPA	no	Not_regulated_by_YAP	NA
ENSG00000232388	2	common_down	SMIM26	70.36	20	18567347	small integral membrane protein 26 [Source:HGNC Symbol;Acc:HGNC:43430]	no	Not_regulated_by_YAP	NA
ENSG00000232434	2	common_down	AJM1	2.06	9	136844415	apical junction component 1 homolog [Source:HGNC Symbol;Acc:HGNC:37284]	no	Not_regulated_by_YAP	NA
ENSG00000232442	2	common_down	MHENCR	8.52	20	63627227	melanoma highly expressed competing endogenous lncRNA for miR-425 and miR-489 [Source:HGNC Symbol;Acc:HGNC:53110]	no	Not_regulated_by_YAP	NA
ENSG00000232533	2	common_down	AC093673.1	22.45	7	143380495	novel transcript	no	Not_regulated_by_YAP	NA
ENSG00000233016	2	common_down	SNHG7	67.2	9	136728184	small nucleolar RNA host gene 7 [Source:HGNC Symbol;Acc:HGNC:28254]	no	Not_regulated_by_YAP	NA
ENSG00000233429	2	common_down	HOTAIRM1	41.05	7	27095647	HOXA transcript antisense RNA, myeloid-specific 1 [Source:HGNC Symbol;Acc:HGNC:37117]	no	YAP_regulated	NA
ENSG00000233521	2	common_down	LINC01638	24.06	22	27224651	long intergenic non-protein coding RNA 1638 [Source:HGNC Symbol;Acc:HGNC:52425]	no	Not_regulated_by_YAP	NA
ENSG00000233593	2	common_down	LINC02609	2.76	1	90789672	long intergenic non-protein coding RNA 2609 [Source:HGNC Symbol;Acc:HGNC:27140]	no	YAP_regulated	NA
ENSG00000234235	2	common_down	BOK-AS1	0.13	2	241558977	BOK antisense RNA 1 [Source:HGNC Symbol;Acc:HGNC:35125]	no	Not_regulated_by_YAP	NA
ENSG00000234456	2	common_down	MAGI2-AS3	57.38	7	79455912	MAGI2 antisense RNA 3 [Source:HGNC Symbol;Acc:HGNC:40862]	no	Not_regulated_by_YAP	NA
ENSG00000234608	2	common_down	MAPKAPK5-AS1	17.74	12	111842902	MAPKAPK5 antisense RNA 1 [Source:HGNC Symbol;Acc:HGNC:24091]	no	YAP_regulated	NA
ENSG00000234741	2	common_down	GAS5	422.31	1	173867045	growth arrest specific 5 [Source:HGNC Symbol;Acc:HGNC:16355]	no	YAP_regulated	NA
ENSG00000235501	2	common_down	AC105942.1	7.88	1	94927412	novel transcript	no	Not_regulated_by_YAP	NA
ENSG00000235823	2	common_down	OLMALINC	3.24	10	100373513	oligodendrocyte maturation-associated long intergenic non-coding RNA [Source:HGNC Symbol;Acc:HGNC:28060]	no	YAP_regulated	NA
ENSG00000235954	2	common_down	TTC28-AS1	34.96	22	27919376	TTC28 antisense RNA 1 [Source:HGNC Symbol;Acc:HGNC:29336]	no	YAP_regulated	NA
ENSG00000236778	2	common_down	INTS6-AS1	1.33	13	51479038	INTS6 antisense RNA 1 [Source:HGNC Symbol;Acc:HGNC:42691]	no	Not_regulated_by_YAP	NA
ENSG00000239893	2	common_down	ZNF736P9Y	2.16	Y	8070723	zinc finger protein 736 pseudogene 9, Y-linked [Source:HGNC Symbol;Acc:HGNC:38408]	no	Not_regulated_by_YAP	NA
ENSG00000240344	2	common_down	PPIL3	40.47	2	200887687	peptidylprolyl isomerase like 3 [Source:HGNC Symbol;Acc:HGNC:9262]	no	YAP_regulated	NA
ENSG00000242125	2	common_down	SNHG3	75.01	1	28505980	small nucleolar RNA host gene 3 [Source:HGNC Symbol;Acc:HGNC:10118]	no	Not_regulated_by_YAP	NA
ENSG00000242759	2	common_down	LINC00882	1.82	3	107240647	long intergenic non-protein coding RNA 882 [Source:HGNC Symbol;Acc:HGNC:48568]	no	Not_regulated_by_YAP	NA
ENSG00000243422	2	common_down	RPL23AP49	6.74	3	75670156	ribosomal protein L23a pseudogene 49 [Source:HGNC Symbol;Acc:HGNC:35689]	no	Not_regulated_by_YAP	NA
ENSG00000243927	2	common_down	MRPS6	55.04	21	34073549	mitochondrial ribosomal protein S6 [Source:HGNC Symbol;Acc:HGNC:14051]	no	YAP_regulated	NA
ENSG00000244128	2	common_down	LINC01322	9.4	3	165206951	long intergenic non-protein coding RNA 1322 [Source:HGNC Symbol;Acc:HGNC:50528]	no	Not_regulated_by_YAP	NA
ENSG00000244694	2	common_down	PTCHD4	1.45	6	48068689	patched domain containing 4 [Source:HGNC Symbol;Acc:HGNC:21345]	no	Not_regulated_by_YAP	NA
ENSG00000244754	2	common_down	N4BP2L2	30.97	13	32538813	NEDD4 binding protein 2 like 2 [Source:HGNC Symbol;Acc:HGNC:26916]	no	Not_regulated_by_YAP	NA
ENSG00000245532	2	common_down	NEAT1	46.2	11	65423539	nuclear paraspeckle assembly transcript 1 [Source:HGNC Symbol;Acc:HGNC:30815]	no	Not_regulated_by_YAP	NA
ENSG00000245910	2	common_down	SNHG6	377.85	8	66926398	small nucleolar RNA host gene 6 [Source:HGNC Symbol;Acc:HGNC:32965]	no	Not_regulated_by_YAP	NA
ENSG00000246263	2	common_down	UBR5-AS1	3.76	8	102239394	UBR5 antisense RNA 1 [Source:HGNC Symbol;Acc:HGNC:51661]	no	YAP_regulated	NA
ENSG00000247516	2	common_down	MIR4458HG	3.83	5	8457706	MIR4458 host gene [Source:HGNC Symbol;Acc:HGNC:49008]	no	YAP_regulated	NA
ENSG00000247595	2	common_down	SPTY2D1OS	0.14	11	18599804	SPTY2D1 opposite strand [Source:HGNC Symbol;Acc:HGNC:44122]	no	Not_regulated_by_YAP	NA
ENSG00000248092	2	common_down	NNT-AS1	4.62	5	43603063	NNT antisense RNA 1 [Source:HGNC Symbol;Acc:HGNC:49005]	no	YAP_regulated	NA
ENSG00000248275	2	common_down	TRIM52-AS1	21.46	5	181261224	TRIM52 antisense RNA 1 (head to head) [Source:HGNC Symbol;Acc:HGNC:49006]	no	Not_regulated_by_YAP	NA
ENSG00000250222	2	common_down	AC008443.5	1.74	5	181191924	novel transcript	no	Not_regulated_by_YAP	NA
ENSG00000250451	2	common_down	HOXC-AS1	0.44	12	54000010	HOXC cluster antisense RNA 1 [Source:HGNC Symbol;Acc:HGNC:43749]	no	Not_regulated_by_YAP	NA
ENSG00000250786	2	common_down	SNHG18	41.59	5	9546200	small nucleolar RNA host gene 18 [Source:HGNC Symbol;Acc:HGNC:49007]	no	YAP_regulated	NA
ENSG00000251136	2	common_down	AF117829.1	6.01	8	89757812	novel transcript	no	Not_regulated_by_YAP	NA
ENSG00000251141	2	common_down	MRPS30-DT	4.22	5	44808666	MRPS30 divergent transcript [Source:HGNC Symbol;Acc:HGNC:53420]	no	YAP_regulated	NA
ENSG00000251432	2	common_down	LINC02615	4	4	128292751	long intergenic non-protein coding RNA 2615 [Source:HGNC Symbol;Acc:HGNC:53402]	no	Not_regulated_by_YAP	NA
ENSG00000253304	2	common_down	TMEM200B	10.73	1	29123903	transmembrane protein 200B [Source:HGNC Symbol;Acc:HGNC:33785]	no	YAP_regulated	NA
ENSG00000253552	2	common_down	HOXA-AS2	23.8	7	27108005	HOXA cluster antisense RNA 2 [Source:HGNC Symbol;Acc:HGNC:43745]	no	YAP_regulated	NA
ENSG00000253716	2	common_down	MINCR	31.32	8	143281250	MYC-induced long non-coding RNA [Source:HGNC Symbol;Acc:HGNC:51653]	no	Not_regulated_by_YAP	NA
ENSG00000253837	2	common_down	AC090197.1	3.08	8	23336171	novel transcript	no	Not_regulated_by_YAP	NA
ENSG00000253948	2	common_down	VPS13B-DT	10.87	8	99013743	VPS13B divergent transcript [Source:HGNC Symbol;Acc:HGNC:54375]	no	Not_regulated_by_YAP	NA
ENSG00000254682	2	common_down	AP002387.2	9.34	11	71448674	novel transcript	no	Not_regulated_by_YAP	NA
ENSG00000255389	2	common_down	Z97989.1	0.28	6	111599875	chromosome 6 open reading frame 3	no	Not_regulated_by_YAP	NA
ENSG00000255717	2	common_down	SNHG1	224.16	11	62855886	small nucleolar RNA host gene 1 [Source:HGNC Symbol;Acc:HGNC:32688]	no	Not_regulated_by_YAP	NA
ENSG00000256235	2	common_down	SMIM3	0.44	5	150777946	small integral membrane protein 3 [Source:HGNC Symbol;Acc:HGNC:30248]	no	Not_regulated_by_YAP	NA
ENSG00000257218	2	common_down	GATC	15.04	12	120446444	glutamyl-tRNA amidotransferase subunit C [Source:HGNC Symbol;Acc:HGNC:25068]	no	Not_regulated_by_YAP	NA
ENSG00000257261	2	common_down	AC008014.1	3.6	12	46383666	novel transcript	no	Not_regulated_by_YAP	NA
ENSG00000257732	2	common_down	AC089983.1	5.55	12	104280722	novel transcript, antisense to TXNRD1	no	Not_regulated_by_YAP	NA
ENSG00000258890	2	common_down	CEP95	24.96	17	64527040	centrosomal protein 95 [Source:HGNC Symbol;Acc:HGNC:25141]	no	YAP_regulated	NA
ENSG00000259291	2	common_down	ZNF710-AS1	1.89	15	90076644	ZNF710 antisense RNA 1 [Source:HGNC Symbol;Acc:HGNC:53141]	no	Not_regulated_by_YAP	NA
ENSG00000260032	2	common_down	NORAD	72.75	20	36051018	non-coding RNA activated by DNA damage [Source:HGNC Symbol;Acc:HGNC:44311]	no	Not_regulated_by_YAP	NA
ENSG00000260077	2	common_down	AC104794.3	3.9	2	10040663	novel transcript	no	Not_regulated_by_YAP	NA
ENSG00000260260	2	common_down	SNHG19	156.61	16	2155358	small nucleolar RNA host gene 19 [Source:HGNC Symbol;Acc:HGNC:49574]	no	YAP_regulated	NA
ENSG00000260418	2	common_down	AL023284.4	0.51	6	136336087	novel transcript	no	Not_regulated_by_YAP	NA
ENSG00000260708	2	common_down	AL118516.1	12.94	22	46762563	novel transcript, antisense to TBC1D22A	no	Not_regulated_by_YAP	NA
ENSG00000261087	2	common_down	ZNNT1	1.05	8	101169629	ZNF706 neighboring transcript 1 [Source:HGNC Symbol;Acc:HGNC:54438]	no	Not_regulated_by_YAP	NA
ENSG00000261578	2	common_down	AP003119.3	0.38	11	76800364	novel transcript, overlapping to TSKU	no	Not_regulated_by_YAP	NA
ENSG00000261824	2	common_down	LINC00662	13.58	19	27793933	long intergenic non-protein coding RNA 662 [Source:HGNC Symbol;Acc:HGNC:27122]	no	YAP_regulated	NA
ENSG00000261888	2	common_down	AC144831.1	0.04	17	83104255	novel transcript	no	Not_regulated_by_YAP	NA
ENSG00000262001	2	common_down	DLGAP1-AS2	3.98	18	3603000	DLGAP1 antisense RNA 2 [Source:HGNC Symbol;Acc:HGNC:28146]	no	YAP_regulated	NA
ENSG00000264247	2	common_down	LINC00909	8.27	18	74598508	long intergenic non-protein coding RNA 909 [Source:HGNC Symbol;Acc:HGNC:44331]	no	Not_regulated_by_YAP	NA
ENSG00000265817	2	common_down	FSBP	2.89	8	94436952	fibrinogen silencer binding protein [Source:HGNC Symbol;Acc:HGNC:43653]	no	Not_regulated_by_YAP	NA
ENSG00000266983	2	common_down	NA	NA	NA	NA	NA	NA	NA	NA
ENSG00000267280	2	common_down	TBX2-AS1	2.08	17	61394062	TBX2 antisense RNA 1 [Source:HGNC Symbol;Acc:HGNC:50355]	no	Not_regulated_by_YAP	NA
ENSG00000267321	2	common_down	SNHG30	7.76	17	35568109	small nucleolar RNA host gene 30 [Source:HGNC Symbol;Acc:HGNC:52836]	no	YAP_regulated	NA
ENSG00000267469	2	common_down	AC005944.1	8.66	19	3052910	novel transcript, antisense to AES	no	Not_regulated_by_YAP	NA
ENSG00000268621	2	common_down	IGFL2-AS1	0.42	19	46203117	IGFL2 antisense RNA 1 [Source:HGNC Symbol;Acc:HGNC:52559]	no	Not_regulated_by_YAP	NA
ENSG00000269190	2	common_down	FBXO17	42.32	19	38950166	F-box protein 17 [Source:HGNC Symbol;Acc:HGNC:18754]	no	YAP_regulated	NA
ENSG00000270607	2	common_down	AC009549.1	5.93	11	19712619	novel transcript	no	Not_regulated_by_YAP	NA
ENSG00000271335	2	common_down	AL117336.2	1.62	10	35320998	novel transcript, antisense to CCNY	no	Not_regulated_by_YAP	NA
ENSG00000271754	2	common_down	AL355802.3	1.4	6	43519724	novel transcript, antisense to POLR1C	no	Not_regulated_by_YAP	NA
ENSG00000271992	2	common_down	AL354872.1	0.52	1	70445071	novel transcript	no	Not_regulated_by_YAP	NA
ENSG00000272068	2	common_down	AL365181.2	0.36	1	156641004	novel transcript	no	Not_regulated_by_YAP	NA
ENSG00000272288	2	common_down	AL451165.2	4.49	6	34696317	novel transcript, antisense to C6orf106	no	Not_regulated_by_YAP	NA
ENSG00000272323	2	common_down	AC026801.2	0.22	5	34839278	novel transcript, antisense to TTC23L	no	Not_regulated_by_YAP	NA
ENSG00000272335	2	common_down	AC093297.2	3.43	5	44826076	novel transcript	no	Not_regulated_by_YAP	NA
ENSG00000272750	2	common_down	AL592148.3	0.85	1	222661512	novel transcript, antisense to MIA3	no	Not_regulated_by_YAP	NA
ENSG00000272758	2	common_down	AC083798.2	9.99	3	122416213	novel transcript, antisense to KPNA1	no	Not_regulated_by_YAP	NA
ENSG00000272870	2	common_down	SAP30-DT	3.11	4	173369825	SAP30 divergent transcript [Source:HGNC Symbol;Acc:HGNC:54424]	no	Not_regulated_by_YAP	NA
ENSG00000272888	2	common_down	LINC01578	34.87	15	92819540	long intergenic non-protein coding RNA 1578 [Source:HGNC Symbol;Acc:HGNC:48626]	no	YAP_regulated	NA
ENSG00000272990	2	common_down	AC084036.1	1.9	3	156524247	novel transcript, antisense to KCNAB1	no	Not_regulated_by_YAP	NA
ENSG00000273032	2	common_down	DGCR9	0.62	22	18970525	DiGeorge syndrome critical region gene 9 [Source:HGNC Symbol;Acc:HGNC:17227]	no	Not_regulated_by_YAP	NA
ENSG00000273066	2	common_down	AL355987.4	2.96	9	136799223	novel transcript	no	Not_regulated_by_YAP	NA
ENSG00000273102	2	common_down	AP000569.1	0.53	21	33968573	novel transcript	no	Not_regulated_by_YAP	NA
ENSG00000273261	2	common_down	AC092953.2	4.01	3	182921938	novel transcript, antisense to ATP11B	no	Not_regulated_by_YAP	NA
ENSG00000273344	2	common_down	PAXIP1-AS1	5.49	7	155003448	PAXIP1 antisense RNA 1 (head to head) [Source:HGNC Symbol;Acc:HGNC:27328]	no	YAP_regulated	NA
ENSG00000273373	2	common_down	AL355488.1	3.19	1	110370154	novel transcript, antisense to SLC16A4	no	Not_regulated_by_YAP	NA
ENSG00000274211	2	common_down	NA	NA	NA	NA	NA	NA	NA	NA
ENSG00000275023	2	common_down	NA	NA	NA	NA	NA	NA	NA	NA
ENSG00000275234	2	common_down	NA	NA	NA	NA	NA	NA	NA	NA
ENSG00000276850	2	common_down	NA	NA	NA	NA	NA	NA	NA	NA
ENSG00000277258	2	common_down	NA	NA	NA	NA	NA	NA	NA	NA
ENSG00000277662	2	common_down	NA	NA	NA	NA	NA	NA	NA	NA
ENSG00000278023	2	common_down	NA	NA	NA	NA	NA	NA	NA	NA
ENSG00000278845	2	common_down	NA	NA	NA	NA	NA	NA	NA	NA
ENSG00000279088	2	common_down	NA	NA	NA	NA	NA	NA	NA	NA
ENSG00000279289	2	common_down	NA	NA	NA	NA	NA	NA	NA	NA
ENSG00000279696	2	common_down	NA	NA	NA	NA	NA	NA	NA	NA
ENSG00000280120	2	common_down	NA	NA	NA	NA	NA	NA	NA	NA
ENSG00000281649	2	common_down	NA	NA	NA	NA	NA	NA	NA	NA
ENSG00000284377	2	common_down	NA	NA	NA	NA	NA	NA	NA	NA
ENSG00000285722	2	common_down	NA	NA	NA	NA	NA	NA	NA	NA
ENSG00000285972	2	common_down	NA	NA	NA	NA	NA	NA	NA	NA
ENSG00000286162	2	common_down	NA	NA	NA	NA	NA	NA	NA	NA
ENSG00000287104	2	common_down	NA	NA	NA	NA	NA	NA	NA	NA
ENSG00000287431	2	common_down	NA	NA	NA	NA	NA	NA	NA	NA
ENSG00000287560	2	common_down	NA	NA	NA	NA	NA	NA	NA	NA
ENSG00000288973	2	common_down	NA	NA	NA	NA	NA	NA	NA	NA
ENSG00000289316	2	common_down	NA	NA	NA	NA	NA	NA	NA	NA
ENSG00000290571	2	common_down	NA	NA	NA	NA	NA	NA	NA	NA
ENSG00000290644	2	common_down	NA	NA	NA	NA	NA	NA	NA	NA
ENSG00000290883	2	common_down	NA	NA	NA	NA	NA	NA	NA	NA
ENSG00000290928	2	common_down	NA	NA	NA	NA	NA	NA	NA	NA
ENSG00000291046	2	common_down	NA	NA	NA	NA	NA	NA	NA	NA
ENSG00000291075	2	common_down	NA	NA	NA	NA	NA	NA	NA	NA
ENSG00000291156	2	common_down	NA	NA	NA	NA	NA	NA	NA	NA
ENSG00000291214	2	common_down	NA	NA	NA	NA	NA	NA	NA	NA
ENSG00000291258	2	common_down	NA	NA	NA	NA	NA	NA	NA	NA
ENSG00000004777	2	common_down	ARHGAP33	4.37	19	35774532	Rho GTPase activating protein 33 [Source:HGNC Symbol;Acc:HGNC:23085]	no	Not_regulated_by_YAP	NA
ENSG00000005206	2	common_down	SPPL2B	22.03	19	2328615	signal peptide peptidase like 2B [Source:HGNC Symbol;Acc:HGNC:30627]	no	YAP_regulated	NA
ENSG00000010292	2	common_down	NCAPD2	92.61	12	6493356	non-SMC condensin I complex subunit D2 [Source:HGNC Symbol;Acc:HGNC:24305]	no	YAP_regulated	NA
ENSG00000011028	2	common_down	MRC2	50.69	17	62627670	mannose receptor C type 2 [Source:HGNC Symbol;Acc:HGNC:16875]	no	YAP_regulated	NA
ENSG00000051825	2	common_down	MPHOSPH9	25.61	12	123155816	M-phase phosphoprotein 9 [Source:HGNC Symbol;Acc:HGNC:7215]	no	YAP_regulated	NA
ENSG00000059122	2	common_down	FLYWCH1	19.96	16	2933802	FLYWCH-type zinc finger 1 [Source:HGNC Symbol;Acc:HGNC:25404]	Yes	Not_regulated_by_YAP	FLYWCH
ENSG00000064961	2	common_down	HMG20B	64.41	19	3572986	high mobility group 20B [Source:HGNC Symbol;Acc:HGNC:5002]	Yes	YAP_regulated	HMG/Sox
ENSG00000065526	2	common_down	SPEN	26.81	1	15847707	spen family transcriptional repressor [Source:HGNC Symbol;Acc:HGNC:17575]	Yes	YAP_regulated	Unknown
ENSG00000070371	2	common_down	CLTCL1	8.44	22	19291685	clathrin heavy chain like 1 [Source:HGNC Symbol;Acc:HGNC:2093]	no	YAP_regulated	NA
ENSG00000070476	2	common_down	ZXDC	8	3	126474987	ZXD family zinc finger C [Source:HGNC Symbol;Acc:HGNC:28160]	Yes	YAP_regulated	C2H2 ZF
ENSG00000094631	2	common_down	HDAC6	24.55	X	48815269	histone deacetylase 6 [Source:HGNC Symbol;Acc:HGNC:14064]	no	YAP_regulated	NA
ENSG00000102225	2	common_down	CDK16	75.6	X	47217860	cyclin dependent kinase 16 [Source:HGNC Symbol;Acc:HGNC:8749]	no	YAP_regulated	NA
ENSG00000104427	2	common_down	ZC2HC1A	11.23	8	78666089	zinc finger C2HC-type containing 1A [Source:HGNC Symbol;Acc:HGNC:24277]	no	YAP_regulated	NA
ENSG00000104872	2	common_down	PIH1D1	39.7	19	49447177	PIH1 domain containing 1 [Source:HGNC Symbol;Acc:HGNC:26075]	no	YAP_regulated	NA
ENSG00000114796	2	common_down	KLHL24	2	3	183635623	kelch like family member 24 [Source:HGNC Symbol;Acc:HGNC:25947]	no	YAP_regulated	NA
ENSG00000114861	2	common_down	FOXP1	15.86	3	71198392	forkhead box P1 [Source:HGNC Symbol;Acc:HGNC:3823]	Yes	Not_regulated_by_YAP	Forkhead
ENSG00000117448	2	common_down	AKR1A1	112.05	1	45550543	aldo-keto reductase family 1 member A1 [Source:HGNC Symbol;Acc:HGNC:380]	no	YAP_regulated	NA
ENSG00000119844	2	common_down	AFTPH	13.9	2	64524305	aftiphilin [Source:HGNC Symbol;Acc:HGNC:25951]	no	YAP_regulated	NA
ENSG00000120875	2	common_down	DUSP4	0.15	8	29350684	dual specificity phosphatase 4 [Source:HGNC Symbol;Acc:HGNC:3070]	no	Not_regulated_by_YAP	NA
ENSG00000120913	2	common_down	PDLIM2	24.46	8	22578279	PDZ and LIM domain 2 [Source:HGNC Symbol;Acc:HGNC:13992]	no	YAP_regulated	NA
ENSG00000121057	2	common_down	AKAP1	19.87	17	57085092	A-kinase anchoring protein 1 [Source:HGNC Symbol;Acc:HGNC:367]	no	YAP_regulated	NA
ENSG00000121067	2	common_down	SPOP	20.99	17	49678097	speckle type BTB/POZ protein [Source:HGNC Symbol;Acc:HGNC:11254]	no	YAP_regulated	NA
ENSG00000132003	2	common_down	ZSWIM4	7.16	19	13795460	zinc finger SWIM-type containing 4 [Source:HGNC Symbol;Acc:HGNC:25704]	no	YAP_regulated	NA
ENSG00000133243	2	common_down	BTBD2	34.33	19	1988569	BTB domain containing 2 [Source:HGNC Symbol;Acc:HGNC:15504]	no	YAP_regulated	NA
ENSG00000134294	2	common_down	SLC38A2	72.54	12	46372773	solute carrier family 38 member 2 [Source:HGNC Symbol;Acc:HGNC:13448]	no	YAP_regulated	NA
ENSG00000135845	2	common_down	PIGC	26	1	172415326	phosphatidylinositol glycan anchor biosynthesis class C [Source:HGNC Symbol;Acc:HGNC:8960]	no	Not_regulated_by_YAP	NA
ENSG00000136052	2	common_down	SLC41A2	40.69	12	104928655	solute carrier family 41 member 2 [Source:HGNC Symbol;Acc:HGNC:31045]	no	YAP_regulated	NA
ENSG00000137821	2	common_down	LRRC49	6.93	15	70853239	leucine rich repeat containing 49 [Source:HGNC Symbol;Acc:HGNC:25965]	no	Not_regulated_by_YAP	NA
ENSG00000140332	2	common_down	TLE3	6.77	15	70097900	TLE family member 3, transcriptional corepressor [Source:HGNC Symbol;Acc:HGNC:11839]	no	YAP_regulated	NA
ENSG00000140577	2	common_down	CRTC3	9.44	15	90613657	CREB regulated transcription coactivator 3 [Source:HGNC Symbol;Acc:HGNC:26148]	no	YAP_regulated	NA
ENSG00000141576	2	common_down	RNF157	6.32	17	76240493	ring finger protein 157 [Source:HGNC Symbol;Acc:HGNC:29402]	no	Not_regulated_by_YAP	NA
ENSG00000142856	2	common_down	ITGB3BP	69.98	1	63523201	integrin subunit beta 3 binding protein [Source:HGNC Symbol;Acc:HGNC:6157]	no	YAP_regulated	NA
ENSG00000143156	2	common_down	NME7	39.9	1	169190710	NME/NM23 family member 7 [Source:HGNC Symbol;Acc:HGNC:20461]	no	Not_regulated_by_YAP	NA
ENSG00000144061	2	common_down	NPHP1	7.01	2	110205042	nephrocystin 1 [Source:HGNC Symbol;Acc:HGNC:7905]	no	Not_regulated_by_YAP	NA
ENSG00000144468	2	common_down	RHBDD1	14.31	2	226835581	rhomboid domain containing 1 [Source:HGNC Symbol;Acc:HGNC:23081]	no	YAP_regulated	NA
ENSG00000144677	2	common_down	CTDSPL	16.14	3	37861960	CTD small phosphatase like [Source:HGNC Symbol;Acc:HGNC:16890]	no	Not_regulated_by_YAP	NA
ENSG00000148090	2	common_down	AUH	14.14	9	91361918	AU RNA binding methylglutaconyl-CoA hydratase [Source:HGNC Symbol;Acc:HGNC:890]	no	Not_regulated_by_YAP	NA
ENSG00000149639	2	common_down	SOGA1	11.57	20	36863538	suppressor of glucose, autophagy associated 1 [Source:HGNC Symbol;Acc:HGNC:16111]	no	YAP_regulated	NA
ENSG00000149925	2	common_down	ALDOA	2121	16	30065760	aldolase, fructose-bisphosphate A [Source:HGNC Symbol;Acc:HGNC:414]	no	YAP_regulated	NA
ENSG00000151849	2	common_down	CENPJ	18.63	13	24922861	centromere protein J [Source:HGNC Symbol;Acc:HGNC:17272]	no	YAP_regulated	NA
ENSG00000156787	2	common_down	TBC1D31	40.01	8	123041968	TBC1 domain family member 31 [Source:HGNC Symbol;Acc:HGNC:30888]	no	YAP_regulated	NA
ENSG00000159216	2	common_down	RUNX1	29.89	21	35049288	RUNX family transcription factor 1 [Source:HGNC Symbol;Acc:HGNC:10471]	Yes	YAP_regulated	Runt
ENSG00000160298	2	common_down	C21orf58	6.84	21	46318206	chromosome 21 open reading frame 58 [Source:HGNC Symbol;Acc:HGNC:1300]	no	YAP_regulated	NA
ENSG00000162714	2	common_down	ZNF496	9.08	1	247329245	zinc finger protein 496 [Source:HGNC Symbol;Acc:HGNC:23713]	Yes	YAP_regulated	C2H2 ZF
ENSG00000163001	2	common_down	CFAP36	30.83	2	55519604	cilia and flagella associated protein 36 [Source:HGNC Symbol;Acc:HGNC:30540]	no	YAP_regulated	NA
ENSG00000163602	2	common_down	RYBP	9.69	3	72446621	RING1 and YY1 binding protein [Source:HGNC Symbol;Acc:HGNC:10480]	no	Not_regulated_by_YAP	NA
ENSG00000163689	2	common_down	C3orf67	9.77	3	59049759	chromosome 3 open reading frame 67 [Source:HGNC Symbol;Acc:HGNC:24763]	no	YAP_regulated	NA
ENSG00000164142	2	common_down	FAM160A1	3.46	4	151409176	family with sequence similarity 160 member A1 [Source:HGNC Symbol;Acc:HGNC:34237]	no	Not_regulated_by_YAP	NA
ENSG00000164331	2	common_down	ANKRA2	4.94	5	73565639	ankyrin repeat family A member 2 [Source:HGNC Symbol;Acc:HGNC:13208]	no	Not_regulated_by_YAP	NA
ENSG00000164983	2	common_down	TMEM65	24.11	8	124372692	transmembrane protein 65 [Source:HGNC Symbol;Acc:HGNC:25203]	no	YAP_regulated	NA
ENSG00000167543	2	common_down	TP53I13	16.29	17	29568027	tumor protein p53 inducible protein 13 [Source:HGNC Symbol;Acc:HGNC:25102]	no	YAP_regulated	NA
ENSG00000167766	2	common_down	ZNF83	38.69	19	52690496	zinc finger protein 83 [Source:HGNC Symbol;Acc:HGNC:13158]	Yes	YAP_regulated	C2H2 ZF
ENSG00000169692	2	common_down	AGPAT2	91.86	9	136687396	1-acylglycerol-3-phosphate O-acyltransferase 2 [Source:HGNC Symbol;Acc:HGNC:325]	no	Not_regulated_by_YAP	NA
ENSG00000169992	2	common_down	NLGN2	7.46	17	7404874	neuroligin 2 [Source:HGNC Symbol;Acc:HGNC:14290]	no	Not_regulated_by_YAP	NA
ENSG00000171103	2	common_down	TRMT61B	18.08	2	28851283	tRNA methyltransferase 61B [Source:HGNC Symbol;Acc:HGNC:26070]	no	Not_regulated_by_YAP	NA
ENSG00000172845	2	common_down	SP3	41.35	2	173964553	Sp3 transcription factor [Source:HGNC Symbol;Acc:HGNC:11208]	Yes	YAP_regulated	C2H2 ZF
ENSG00000173226	2	common_down	IQCB1	34.16	3	121834992	IQ motif containing B1 [Source:HGNC Symbol;Acc:HGNC:28949]	no	Not_regulated_by_YAP	NA
ENSG00000173599	2	common_down	PC	5.54	11	66958383	pyruvate carboxylase [Source:HGNC Symbol;Acc:HGNC:8636]	no	YAP_regulated	NA
ENSG00000175322	2	common_down	ZNF519	9.77	18	14132435	zinc finger protein 519 [Source:HGNC Symbol;Acc:HGNC:30574]	Yes	Not_regulated_by_YAP	C2H2 ZF
ENSG00000176894	2	common_down	PXMP2	52.09	12	132687587	peroxisomal membrane protein 2 [Source:HGNC Symbol;Acc:HGNC:9716]	no	YAP_regulated	NA
ENSG00000178821	2	common_down	TMEM52	0.87	1	1919279	transmembrane protein 52 [Source:HGNC Symbol;Acc:HGNC:27916]	no	Not_regulated_by_YAP	NA
ENSG00000179526	2	common_down	SHARPIN	37.92	8	144108124	SHANK associated RH domain interactor [Source:HGNC Symbol;Acc:HGNC:25321]	no	YAP_regulated	NA
ENSG00000179988	2	common_down	PSTK	8.28	10	122954381	phosphoseryl-tRNA kinase [Source:HGNC Symbol;Acc:HGNC:28578]	no	Not_regulated_by_YAP	NA
ENSG00000183337	2	common_down	BCOR	22.4	X	40177329	BCL6 corepressor [Source:HGNC Symbol;Acc:HGNC:20893]	no	Not_regulated_by_YAP	NA
ENSG00000183856	2	common_down	IQGAP3	28.19	1	156572565	IQ motif containing GTPase activating protein 3 [Source:HGNC Symbol;Acc:HGNC:20669]	no	Not_regulated_by_YAP	NA
ENSG00000196074	2	common_down	SYCP2	0.35	20	59915689	synaptonemal complex protein 2 [Source:HGNC Symbol;Acc:HGNC:11490]	no	Not_regulated_by_YAP	NA
ENSG00000196083	2	common_down	IL1RAP	13.6	3	190514059	interleukin 1 receptor accessory protein [Source:HGNC Symbol;Acc:HGNC:5995]	no	YAP_regulated	NA
ENSG00000198837	2	common_down	DENND4B	13.44	1	153933265	DENN domain containing 4B [Source:HGNC Symbol;Acc:HGNC:29044]	no	YAP_regulated	NA
ENSG00000205189	2	common_down	ZBTB10	8.25	8	80486226	zinc finger and BTB domain containing 10 [Source:HGNC Symbol;Acc:HGNC:30953]	Yes	YAP_regulated	C2H2 ZF
ENSG00000214063	2	common_down	TSPAN4	121.21	11	842852	tetraspanin 4 [Source:HGNC Symbol;Acc:HGNC:11859]	no	YAP_regulated	NA
ENSG00000215440	2	common_down	NPEPL1	16.79	20	58693169	aminopeptidase like 1 [Source:HGNC Symbol;Acc:HGNC:16244]	no	Not_regulated_by_YAP	NA
ENSG00000223891	2	common_down	OSER1-DT	1.81	20	44210960	OSER1 divergent transcript [Source:HGNC Symbol;Acc:HGNC:48585]	no	Not_regulated_by_YAP	NA
ENSG00000224032	2	common_down	EPB41L4A-AS1	13.93	5	112160526	EPB41L4A antisense RNA 1 [Source:HGNC Symbol;Acc:HGNC:30749]	no	Not_regulated_by_YAP	NA
ENSG00000225828	2	common_down	FAM229A	5.68	1	32362243	family with sequence similarity 229 member A [Source:HGNC Symbol;Acc:HGNC:44652]	no	Not_regulated_by_YAP	NA
ENSG00000228262	2	common_down	LINC01320	4.75	2	34383788	long intergenic non-protein coding RNA 1320 [Source:HGNC Symbol;Acc:HGNC:50526]	no	Not_regulated_by_YAP	NA
ENSG00000228878	2	common_down	SEPTIN7-DT	0.05	7	35800528	SEPTIN7 divergent transcript [Source:HGNC Symbol;Acc:HGNC:51153]	no	Not_regulated_by_YAP	NA
ENSG00000233937	2	common_down	AC008443.1	8.48	5	181247701	novel transcript, antisense to TRIM52	no	Not_regulated_by_YAP	NA
ENSG00000241135	2	common_down	LINC00881	0.08	3	157089908	long intergenic non-protein coding RNA 881 [Source:HGNC Symbol;Acc:HGNC:48567]	no	Not_regulated_by_YAP	NA
ENSG00000244219	2	common_down	TMEM225B	0.75	7	99598267	transmembrane protein 225B [Source:HGNC Symbol;Acc:HGNC:53075]	no	Not_regulated_by_YAP	NA
ENSG00000244242	2	common_down	IFITM10	0.55	11	1750580	interferon induced transmembrane protein 10 [Source:HGNC Symbol;Acc:HGNC:40022]	no	Not_regulated_by_YAP	NA
ENSG00000247572	2	common_down	CKMT2-AS1	2.16	5	81301523	CKMT2 antisense RNA 1 [Source:HGNC Symbol;Acc:HGNC:48997]	no	Not_regulated_by_YAP	NA
ENSG00000249087	2	common_down	ZNF436-AS1	3.21	1	23371144	ZNF436 antisense RNA 1 [Source:HGNC Symbol;Acc:HGNC:25122]	no	YAP_regulated	NA
ENSG00000251003	2	common_down	ZFPM2-AS1	8.84	8	105798409	ZFPM2 antisense RNA 1 [Source:HGNC Symbol;Acc:HGNC:50698]	no	Not_regulated_by_YAP	NA
ENSG00000262454	2	common_down	MIR193BHG	4.68	16	14322520	MIR193B host gene [Source:HGNC Symbol;Acc:HGNC:51945]	no	YAP_regulated	NA
ENSG00000265962	2	common_down	GACAT2	0.51	18	8707621	gastric cancer associated transcript 2 [Source:HGNC Symbol;Acc:HGNC:50516]	no	Not_regulated_by_YAP	NA
ENSG00000273748	2	common_down	NA	NA	NA	NA	NA	NA	NA	NA
ENSG00000273812	2	common_down	NA	NA	NA	NA	NA	NA	NA	NA
ENSG00000277268	2	common_down	NA	NA	NA	NA	NA	NA	NA	NA
ENSG00000290046	2	common_down	NA	NA	NA	NA	NA	NA	NA	NA
ENSG00000002586	3	shHIF2a_down	CD99	235.55	X	2691295	CD99 molecule (Xg blood group) [Source:HGNC Symbol;Acc:HGNC:7082]	no	YAP_regulated	NA
ENSG00000008311	3	shHIF2a_down	AASS	3.2	7	122086153	aminoadipate-semialdehyde synthase [Source:HGNC Symbol;Acc:HGNC:17366]	no	Not_regulated_by_YAP	NA
ENSG00000012048	3	shHIF2a_down	BRCA1	27.99	17	43125370	BRCA1 DNA repair associated [Source:HGNC Symbol;Acc:HGNC:1100]	no	YAP_regulated	NA
ENSG00000016864	3	shHIF2a_down	GLT8D1	64.46	3	52705786	glycosyltransferase 8 domain containing 1 [Source:HGNC Symbol;Acc:HGNC:24870]	no	YAP_regulated	NA
ENSG00000023287	3	shHIF2a_down	RB1CC1	29.34	8	52714435	RB1 inducible coiled-coil 1 [Source:HGNC Symbol;Acc:HGNC:15574]	no	YAP_regulated	NA
ENSG00000024526	3	shHIF2a_down	DEPDC1	46.35	1	68494531	DEP domain containing 1 [Source:HGNC Symbol;Acc:HGNC:22949]	no	YAP_regulated	NA
ENSG00000043355	3	shHIF2a_down	ZIC2	6.93	13	99981784	Zic family member 2 [Source:HGNC Symbol;Acc:HGNC:12873]	Yes	YAP_regulated	C2H2 ZF
ENSG00000053254	3	shHIF2a_down	FOXN3	11.24	14	89401665	forkhead box N3 [Source:HGNC Symbol;Acc:HGNC:1928]	Yes	YAP_regulated	Forkhead
ENSG00000054277	3	shHIF2a_down	OPN3	13.48	1	241601178	opsin 3 [Source:HGNC Symbol;Acc:HGNC:14007]	no	YAP_regulated	NA
ENSG00000065809	3	shHIF2a_down	FAM107B	101.73	10	14548670	family with sequence similarity 107 member B [Source:HGNC Symbol;Acc:HGNC:23726]	no	YAP_regulated	NA
ENSG00000067082	3	shHIF2a_down	KLF6	95.29	10	3780217	Kruppel like factor 6 [Source:HGNC Symbol;Acc:HGNC:2235]	Yes	YAP_regulated	C2H2 ZF
ENSG00000068305	3	shHIF2a_down	MEF2A	23.76	15	99706595	myocyte enhancer factor 2A [Source:HGNC Symbol;Acc:HGNC:6993]	Yes	YAP_regulated	MADS box
ENSG00000068489	3	shHIF2a_down	PRR11	78.29	17	59155746	proline rich 11 [Source:HGNC Symbol;Acc:HGNC:25619]	no	YAP_regulated	NA
ENSG00000070081	3	shHIF2a_down	NUCB2	98.44	11	17208153	nucleobindin 2 [Source:HGNC Symbol;Acc:HGNC:8044]	no	YAP_regulated	NA
ENSG00000072135	3	shHIF2a_down	PTPN18	27.52	2	130356056	protein tyrosine phosphatase non-receptor type 18 [Source:HGNC Symbol;Acc:HGNC:9649]	no	YAP_regulated	NA
ENSG00000074410	3	shHIF2a_down	CA12	97.02	15	63381846	carbonic anhydrase 12 [Source:HGNC Symbol;Acc:HGNC:1371]	no	YAP_regulated	NA
ENSG00000074416	3	shHIF2a_down	MGLL	81.94	3	127823185	monoglyceride lipase [Source:HGNC Symbol;Acc:HGNC:17038]	no	YAP_regulated	NA
ENSG00000075303	3	shHIF2a_down	SLC25A40	35.38	7	87876360	solute carrier family 25 member 40 [Source:HGNC Symbol;Acc:HGNC:29680]	no	YAP_regulated	NA
ENSG00000077684	3	shHIF2a_down	JADE1	32.92	4	128811326	jade family PHD finger 1 [Source:HGNC Symbol;Acc:HGNC:30027]	no	YAP_regulated	NA
ENSG00000077713	3	shHIF2a_down	SLC25A43	20.35	X	119399336	solute carrier family 25 member 43 [Source:HGNC Symbol;Acc:HGNC:30557]	no	Not_regulated_by_YAP	NA
ENSG00000081870	3	shHIF2a_down	HSPB11	139.2	1	53945572	heat shock protein family B (small) member 11 [Source:HGNC Symbol;Acc:HGNC:25019]	no	YAP_regulated	NA
ENSG00000082781	3	shHIF2a_down	ITGB5	125.3	3	124887365	integrin subunit beta 5 [Source:HGNC Symbol;Acc:HGNC:6160]	no	YAP_regulated	NA
ENSG00000084693	3	shHIF2a_down	AGBL5	24.04	2	27042364	ATP/GTP binding protein like 5 [Source:HGNC Symbol;Acc:HGNC:26147]	no	YAP_regulated	NA
ENSG00000089289	3	shHIF2a_down	IGBP1	28.71	X	70133449	immunoglobulin binding protein 1 [Source:HGNC Symbol;Acc:HGNC:5461]	no	Not_regulated_by_YAP	NA
ENSG00000089685	3	shHIF2a_down	BIRC5	163.44	17	78214186	baculoviral IAP repeat containing 5 [Source:HGNC Symbol;Acc:HGNC:593]	no	Not_regulated_by_YAP	NA
ENSG00000090013	3	shHIF2a_down	BLVRB	54.05	19	40465764	biliverdin reductase B [Source:HGNC Symbol;Acc:HGNC:1063]	no	YAP_regulated	NA
ENSG00000092421	3	shHIF2a_down	SEMA6A	9.3	5	116574934	semaphorin 6A [Source:HGNC Symbol;Acc:HGNC:10738]	no	YAP_regulated	NA
ENSG00000100241	3	shHIF2a_down	SBF1	24.62	22	50475035	SET binding factor 1 [Source:HGNC Symbol;Acc:HGNC:10542]	no	YAP_regulated	NA
ENSG00000100242	3	shHIF2a_down	SUN2	156.05	22	38755528	Sad1 and UNC84 domain containing 2 [Source:HGNC Symbol;Acc:HGNC:14210]	no	YAP_regulated	NA
ENSG00000100258	3	shHIF2a_down	LMF2	63.2	22	50507702	lipase maturation factor 2 [Source:HGNC Symbol;Acc:HGNC:25096]	no	YAP_regulated	NA
ENSG00000100342	3	shHIF2a_down	APOL1	530.64	22	36253133	apolipoprotein L1 [Source:HGNC Symbol;Acc:HGNC:618]	no	Not_regulated_by_YAP	NA
ENSG00000100345	3	shHIF2a_down	MYH9	820.96	22	36387967	myosin heavy chain 9 [Source:HGNC Symbol;Acc:HGNC:7579]	no	YAP_regulated	NA
ENSG00000100526	3	shHIF2a_down	CDKN3	96.82	14	54396849	cyclin dependent kinase inhibitor 3 [Source:HGNC Symbol;Acc:HGNC:1791]	no	Not_regulated_by_YAP	NA
ENSG00000100889	3	shHIF2a_down	PCK2	21.99	14	24094053	phosphoenolpyruvate carboxykinase 2, mitochondrial [Source:HGNC Symbol;Acc:HGNC:8725]	no	YAP_regulated	NA
ENSG00000101057	3	shHIF2a_down	MYBL2	179.79	20	43667114	MYB proto-oncogene like 2 [Source:HGNC Symbol;Acc:HGNC:7548]	Yes	YAP_regulated	Myb/SANT
ENSG00000101187	3	shHIF2a_down	SLCO4A1	64.9	20	62642520	solute carrier organic anion transporter family member 4A1 [Source:HGNC Symbol;Acc:HGNC:10953]	no	Not_regulated_by_YAP	NA
ENSG00000101266	3	shHIF2a_down	CSNK2A1	66.3	20	543835	casein kinase 2 alpha 1 [Source:HGNC Symbol;Acc:HGNC:2457]	no	Not_regulated_by_YAP	NA
ENSG00000102007	3	shHIF2a_down	PLP2	389.21	X	49171926	proteolipid protein 2 [Source:HGNC Symbol;Acc:HGNC:9087]	no	Not_regulated_by_YAP	NA
ENSG00000105281	3	shHIF2a_down	SLC1A5	230.2	19	46788594	solute carrier family 1 member 5 [Source:HGNC Symbol;Acc:HGNC:10943]	no	YAP_regulated	NA
ENSG00000105329	3	shHIF2a_down	TGFB1	49.54	19	41342030	transforming growth factor beta 1 [Source:HGNC Symbol;Acc:HGNC:11766]	no	YAP_regulated	NA
ENSG00000105855	3	shHIF2a_down	ITGB8	11.18	7	20330702	integrin subunit beta 8 [Source:HGNC Symbol;Acc:HGNC:6163]	no	YAP_regulated	NA
ENSG00000105866	3	shHIF2a_down	SP4	3.39	7	21428195	Sp4 transcription factor [Source:HGNC Symbol;Acc:HGNC:11209]	Yes	YAP_regulated	C2H2 ZF
ENSG00000106415	3	shHIF2a_down	GLCCI1	3.7	7	7968796	glucocorticoid induced 1 [Source:HGNC Symbol;Acc:HGNC:18713]	no	YAP_regulated	NA
ENSG00000106799	3	shHIF2a_down	TGFBR1	19.21	9	99104038	transforming growth factor beta receptor 1 [Source:HGNC Symbol;Acc:HGNC:11772]	no	YAP_regulated	NA
ENSG00000107331	3	shHIF2a_down	ABCA2	50.72	9	137028237	ATP binding cassette subfamily A member 2 [Source:HGNC Symbol;Acc:HGNC:32]	no	Not_regulated_by_YAP	NA
ENSG00000109685	3	shHIF2a_down	NSD2	98.91	4	1955579	nuclear receptor binding SET domain protein 2 [Source:HGNC Symbol;Acc:HGNC:12766]	no	YAP_regulated	NA
ENSG00000111371	3	shHIF2a_down	SLC38A1	125.29	12	46269043	solute carrier family 38 member 1 [Source:HGNC Symbol;Acc:HGNC:13447]	no	YAP_regulated	NA
ENSG00000111859	3	shHIF2a_down	NEDD9	20.2	6	11232668	neural precursor cell expressed, developmentally down-regulated 9 [Source:HGNC Symbol;Acc:HGNC:7733]	no	YAP_regulated	NA
ENSG00000112541	3	shHIF2a_down	PDE10A	21.04	6	165482343	phosphodiesterase 10A [Source:HGNC Symbol;Acc:HGNC:8772]	no	YAP_regulated	NA
ENSG00000112941	3	shHIF2a_down	TENT4A	45.54	5	6713432	terminal nucleotidyltransferase 4A [Source:HGNC Symbol;Acc:HGNC:16705]	no	YAP_regulated	NA
ENSG00000113369	3	shHIF2a_down	ARRDC3	44.24	5	91383317	arrestin domain containing 3 [Source:HGNC Symbol;Acc:HGNC:29263]	no	YAP_regulated	NA
ENSG00000113580	3	shHIF2a_down	NR3C1	25.72	5	143434772	nuclear receptor subfamily 3 group C member 1 [Source:HGNC Symbol;Acc:HGNC:7978]	Yes	YAP_regulated	Nuclear receptor
ENSG00000115419	3	shHIF2a_down	GLS	504.43	2	190880821	glutaminase [Source:HGNC Symbol;Acc:HGNC:4331]	no	Not_regulated_by_YAP	NA
ENSG00000115756	3	shHIF2a_down	HPCAL1	120.96	2	10302889	hippocalcin like 1 [Source:HGNC Symbol;Acc:HGNC:5145]	no	YAP_regulated	NA
ENSG00000115902	3	shHIF2a_down	SLC1A4	42.02	2	64988477	solute carrier family 1 member 4 [Source:HGNC Symbol;Acc:HGNC:10942]	no	YAP_regulated	NA
ENSG00000116016	3	shHIF2a_down	EPAS1	31.89	2	46297764	endothelial PAS domain protein 1 [Source:HGNC Symbol;Acc:HGNC:3374]	Yes	YAP_regulated	bHLH
ENSG00000116497	3	shHIF2a_down	S100PBP	10.67	1	32816767	S100P binding protein [Source:HGNC Symbol;Acc:HGNC:25768]	no	YAP_regulated	NA
ENSG00000117394	3	shHIF2a_down	SLC2A1	511.61	1	42958868	solute carrier family 2 member 1 [Source:HGNC Symbol;Acc:HGNC:11005]	no	YAP_regulated	NA
ENSG00000118816	3	shHIF2a_down	CCNI	182.69	4	77075989	cyclin I [Source:HGNC Symbol;Acc:HGNC:1595]	no	Not_regulated_by_YAP	NA
ENSG00000120053	3	shHIF2a_down	GOT1	61.65	10	99430624	glutamic-oxaloacetic transaminase 1 [Source:HGNC Symbol;Acc:HGNC:4432]	no	Not_regulated_by_YAP	NA
ENSG00000120063	3	shHIF2a_down	GNA13	32.86	17	65056740	G protein subunit alpha 13 [Source:HGNC Symbol;Acc:HGNC:4381]	no	YAP_regulated	NA
ENSG00000120708	3	shHIF2a_down	TGFBI	3353.7	5	136028988	transforming growth factor beta induced [Source:HGNC Symbol;Acc:HGNC:11771]	no	YAP_regulated	NA
ENSG00000128915	3	shHIF2a_down	ICE2	17.89	15	60479142	interactor of little elongation complex ELL subunit 2 [Source:HGNC Symbol;Acc:HGNC:29885]	no	YAP_regulated	NA
ENSG00000128989	3	shHIF2a_down	ARPP19	90.42	15	52569239	cAMP regulated phosphoprotein 19 [Source:HGNC Symbol;Acc:HGNC:16967]	no	YAP_regulated	NA
ENSG00000129355	3	shHIF2a_down	CDKN2D	17.65	19	10568979	cyclin dependent kinase inhibitor 2D [Source:HGNC Symbol;Acc:HGNC:1790]	no	YAP_regulated	NA
ENSG00000129675	3	shHIF2a_down	ARHGEF6	7.04	X	136767343	Rac/Cdc42 guanine nucleotide exchange factor 6 [Source:HGNC Symbol;Acc:HGNC:685]	no	YAP_regulated	NA
ENSG00000130024	3	shHIF2a_down	PHF10	61.39	6	169723931	PHD finger protein 10 [Source:HGNC Symbol;Acc:HGNC:18250]	no	Not_regulated_by_YAP	NA
ENSG00000130309	3	shHIF2a_down	COLGALT1	226.74	19	17555649	collagen beta(1-O)galactosyltransferase 1 [Source:HGNC Symbol;Acc:HGNC:26182]	no	YAP_regulated	NA
ENSG00000131094	3	shHIF2a_down	C1QL1	118	17	44968303	complement C1q like 1 [Source:HGNC Symbol;Acc:HGNC:24182]	no	Not_regulated_by_YAP	NA
ENSG00000131149	3	shHIF2a_down	GSE1	22.41	16	85169525	Gse1 coiled-coil protein [Source:HGNC Symbol;Acc:HGNC:28979]	no	YAP_regulated	NA
ENSG00000131747	3	shHIF2a_down	TOP2A	171.59	17	40389602	DNA topoisomerase II alpha [Source:HGNC Symbol;Acc:HGNC:11989]	no	YAP_regulated	NA
ENSG00000133639	3	shHIF2a_down	BTG1	31.94	12	92145846	BTG anti-proliferation factor 1 [Source:HGNC Symbol;Acc:HGNC:1130]	no	YAP_regulated	NA
ENSG00000134107	3	shHIF2a_down	BHLHE40	100.35	3	4979437	basic helix-loop-helix family member e40 [Source:HGNC Symbol;Acc:HGNC:1046]	Yes	Not_regulated_by_YAP	bHLH
ENSG00000134278	3	shHIF2a_down	SPIRE1	16.65	18	12658134	spire type actin nucleation factor 1 [Source:HGNC Symbol;Acc:HGNC:30622]	no	YAP_regulated	NA
ENSG00000134291	3	shHIF2a_down	TMEM106C	127.48	12	47963569	transmembrane protein 106C [Source:HGNC Symbol;Acc:HGNC:28775]	no	Not_regulated_by_YAP	NA
ENSG00000134802	3	shHIF2a_down	SLC43A3	125.92	11	57408749	solute carrier family 43 member 3 [Source:HGNC Symbol;Acc:HGNC:17466]	no	YAP_regulated	NA
ENSG00000135045	3	shHIF2a_down	C9orf40	11.5	9	74952912	chromosome 9 open reading frame 40 [Source:HGNC Symbol;Acc:HGNC:23433]	no	YAP_regulated	NA
ENSG00000135069	3	shHIF2a_down	PSAT1	249.09	9	78297143	phosphoserine aminotransferase 1 [Source:HGNC Symbol;Acc:HGNC:19129]	no	YAP_regulated	NA
ENSG00000136732	3	shHIF2a_down	GYPC	116.64	2	126656142	glycophorin C (Gerbich blood group) [Source:HGNC Symbol;Acc:HGNC:4704]	no	YAP_regulated	NA
ENSG00000137804	3	shHIF2a_down	NUSAP1	248.95	15	41320794	nucleolar and spindle associated protein 1 [Source:HGNC Symbol;Acc:HGNC:18538]	no	YAP_regulated	NA
ENSG00000138395	3	shHIF2a_down	CDK15	116.39	2	201854790	cyclin dependent kinase 15 [Source:HGNC Symbol;Acc:HGNC:14434]	no	Not_regulated_by_YAP	NA
ENSG00000138792	3	shHIF2a_down	ENPEP	15.24	4	110365733	glutamyl aminopeptidase [Source:HGNC Symbol;Acc:HGNC:3355]	no	Not_regulated_by_YAP	NA
ENSG00000138814	3	shHIF2a_down	PPP3CA	22.68	4	101347560	protein phosphatase 3 catalytic subunit alpha [Source:HGNC Symbol;Acc:HGNC:9314]	no	YAP_regulated	NA
ENSG00000139083	3	shHIF2a_down	ETV6	11.11	12	11752501	ETS variant transcription factor 6 [Source:HGNC Symbol;Acc:HGNC:3495]	Yes	Not_regulated_by_YAP	Ets
ENSG00000139354	3	shHIF2a_down	GAS2L3	39.56	12	100573683	growth arrest specific 2 like 3 [Source:HGNC Symbol;Acc:HGNC:27475]	no	YAP_regulated	NA
ENSG00000139428	3	shHIF2a_down	MMAB	56.59	12	109573504	metabolism of cobalamin associated B [Source:HGNC Symbol;Acc:HGNC:19331]	no	Not_regulated_by_YAP	NA
ENSG00000139644	3	shHIF2a_down	TMBIM6	504.37	12	49741822	transmembrane BAX inhibitor motif containing 6 [Source:HGNC Symbol;Acc:HGNC:11723]	no	YAP_regulated	NA
ENSG00000140525	3	shHIF2a_down	FANCI	68.24	15	89243949	FA complementation group I [Source:HGNC Symbol;Acc:HGNC:25568]	no	Not_regulated_by_YAP	NA
ENSG00000142327	3	shHIF2a_down	RNPEPL1	44.25	2	240565804	arginyl aminopeptidase like 1 [Source:HGNC Symbol;Acc:HGNC:10079]	no	YAP_regulated	NA
ENSG00000143153	3	shHIF2a_down	ATP1B1	114.33	1	169105697	ATPase Na+/K+ transporting subunit beta 1 [Source:HGNC Symbol;Acc:HGNC:804]	no	YAP_regulated	NA
ENSG00000143570	3	shHIF2a_down	SLC39A1	132.94	1	153963537	solute carrier family 39 member 1 [Source:HGNC Symbol;Acc:HGNC:12876]	no	YAP_regulated	NA
ENSG00000144681	3	shHIF2a_down	STAC	56.33	3	36380344	SH3 and cysteine rich domain [Source:HGNC Symbol;Acc:HGNC:11353]	no	Not_regulated_by_YAP	NA
ENSG00000145431	3	shHIF2a_down	PDGFC	41.24	4	156971799	platelet derived growth factor C [Source:HGNC Symbol;Acc:HGNC:8801]	no	Not_regulated_by_YAP	NA
ENSG00000146281	3	shHIF2a_down	PM20D2	12.28	6	89146055	peptidase M20 domain containing 2 [Source:HGNC Symbol;Acc:HGNC:21408]	no	Not_regulated_by_YAP	NA
ENSG00000147155	3	shHIF2a_down	EBP	221.71	X	48521808	EBP cholestenol delta-isomerase [Source:HGNC Symbol;Acc:HGNC:3133]	no	YAP_regulated	NA
ENSG00000151503	3	shHIF2a_down	NCAPD3	31.91	11	134154049	non-SMC condensin II complex subunit D3 [Source:HGNC Symbol;Acc:HGNC:28952]	no	YAP_regulated	NA
ENSG00000151835	3	shHIF2a_down	SACS	39.02	13	23433740	sacsin molecular chaperone [Source:HGNC Symbol;Acc:HGNC:10519]	no	YAP_regulated	NA
ENSG00000152082	3	shHIF2a_down	MZT2B	168.5	2	130181737	mitotic spindle organizing protein 2B [Source:HGNC Symbol;Acc:HGNC:25886]	no	Not_regulated_by_YAP	NA
ENSG00000153214	3	shHIF2a_down	TMEM87B	24.84	2	112055269	transmembrane protein 87B [Source:HGNC Symbol;Acc:HGNC:25913]	no	YAP_regulated	NA
ENSG00000153786	3	shHIF2a_down	ZDHHC7	111.04	16	85011502	zinc finger DHHC-type palmitoyltransferase 7 [Source:HGNC Symbol;Acc:HGNC:18459]	no	YAP_regulated	NA
ENSG00000155099	3	shHIF2a_down	PIP4P2	17.91	8	91040859	phosphatidylinositol-4,5-bisphosphate 4-phosphatase 2 [Source:HGNC Symbol;Acc:HGNC:25452]	no	Not_regulated_by_YAP	NA
ENSG00000155760	3	shHIF2a_down	FZD7	10.71	2	202034587	frizzled class receptor 7 [Source:HGNC Symbol;Acc:HGNC:4045]	no	YAP_regulated	NA
ENSG00000156113	3	shHIF2a_down	KCNMA1	86.83	10	77637819	potassium calcium-activated channel subfamily M alpha 1 [Source:HGNC Symbol;Acc:HGNC:6284]	no	Not_regulated_by_YAP	NA
ENSG00000157456	3	shHIF2a_down	CCNB2	108.92	15	59105146	cyclin B2 [Source:HGNC Symbol;Acc:HGNC:1580]	no	YAP_regulated	NA
ENSG00000158195	3	shHIF2a_down	WASF2	70.88	1	27490167	WASP family member 2 [Source:HGNC Symbol;Acc:HGNC:12733]	no	YAP_regulated	NA
ENSG00000159069	3	shHIF2a_down	FBXW5	81.15	9	136942668	F-box and WD repeat domain containing 5 [Source:HGNC Symbol;Acc:HGNC:13613]	no	Not_regulated_by_YAP	NA
ENSG00000162433	3	shHIF2a_down	AK4	62.49	1	65147549	adenylate kinase 4 [Source:HGNC Symbol;Acc:HGNC:363]	no	Not_regulated_by_YAP	NA
ENSG00000163083	3	shHIF2a_down	INHBB	31.35	2	120346136	inhibin subunit beta B [Source:HGNC Symbol;Acc:HGNC:6067]	no	Not_regulated_by_YAP	NA
ENSG00000163918	3	shHIF2a_down	RFC4	121.88	3	186804724	replication factor C subunit 4 [Source:HGNC Symbol;Acc:HGNC:9972]	no	Not_regulated_by_YAP	NA
ENSG00000163950	3	shHIF2a_down	SLBP	169.23	4	1712318	stem-loop binding protein [Source:HGNC Symbol;Acc:HGNC:10904]	no	YAP_regulated	NA
ENSG00000164463	3	shHIF2a_down	CREBRF	1.28	5	173056352	CREB3 regulatory factor [Source:HGNC Symbol;Acc:HGNC:24050]	no	Not_regulated_by_YAP	NA
ENSG00000164970	3	shHIF2a_down	FAM219A	21.52	9	34458552	family with sequence similarity 219 member A [Source:HGNC Symbol;Acc:HGNC:19920]	no	YAP_regulated	NA
ENSG00000165105	3	shHIF2a_down	RASEF	13.48	9	83063142	RAS and EF-hand domain containing [Source:HGNC Symbol;Acc:HGNC:26464]	no	YAP_regulated	NA
ENSG00000165633	3	shHIF2a_down	VSTM4	2.6	10	49077291	V-set and transmembrane domain containing 4 [Source:HGNC Symbol;Acc:HGNC:26470]	no	Not_regulated_by_YAP	NA
ENSG00000165891	3	shHIF2a_down	E2F7	33.67	12	77065563	E2F transcription factor 7 [Source:HGNC Symbol;Acc:HGNC:23820]	Yes	Not_regulated_by_YAP	E2F
ENSG00000165943	3	shHIF2a_down	MOAP1	11.08	14	93184897	modulator of apoptosis 1 [Source:HGNC Symbol;Acc:HGNC:16658]	no	Not_regulated_by_YAP	NA
ENSG00000166471	3	shHIF2a_down	TMEM41B	19.06	11	9314567	transmembrane protein 41B [Source:HGNC Symbol;Acc:HGNC:28948]	no	YAP_regulated	NA
ENSG00000168807	3	shHIF2a_down	SNTB2	9.57	16	69187129	syntrophin beta 2 [Source:HGNC Symbol;Acc:HGNC:11169]	no	YAP_regulated	NA
ENSG00000169607	3	shHIF2a_down	CKAP2L	36.14	2	112764618	cytoskeleton associated protein 2 like [Source:HGNC Symbol;Acc:HGNC:26877]	no	YAP_regulated	NA
ENSG00000170017	3	shHIF2a_down	ALCAM	183.3	3	105550220	activated leukocyte cell adhesion molecule [Source:HGNC Symbol;Acc:HGNC:400]	no	YAP_regulated	NA
ENSG00000170545	3	shHIF2a_down	SMAGP	32.48	12	51270415	small cell adhesion glycoprotein [Source:HGNC Symbol;Acc:HGNC:26918]	no	Not_regulated_by_YAP	NA
ENSG00000170734	3	shHIF2a_down	POLH	18.41	6	43576185	DNA polymerase eta [Source:HGNC Symbol;Acc:HGNC:9181]	no	YAP_regulated	NA
ENSG00000171862	3	shHIF2a_down	PTEN	6.48	10	87863625	phosphatase and tensin homolog [Source:HGNC Symbol;Acc:HGNC:9588]	no	YAP_regulated	NA
ENSG00000171988	3	shHIF2a_down	JMJD1C	32.19	10	63176555	jumonji domain containing 1C [Source:HGNC Symbol;Acc:HGNC:12313]	no	YAP_regulated	NA
ENSG00000172086	3	shHIF2a_down	KRCC1	35.41	2	88055783	lysine rich coiled-coil 1 [Source:HGNC Symbol;Acc:HGNC:28039]	no	YAP_regulated	NA
ENSG00000172164	3	shHIF2a_down	SNTB1	10.54	8	120813273	syntrophin beta 1 [Source:HGNC Symbol;Acc:HGNC:11168]	no	YAP_regulated	NA
ENSG00000172986	3	shHIF2a_down	GXYLT2	6.89	3	72955215	glucoside xylosyltransferase 2 [Source:HGNC Symbol;Acc:HGNC:33383]	no	Not_regulated_by_YAP	NA
ENSG00000173207	3	shHIF2a_down	CKS1B	437.79	1	154974653	CDC28 protein kinase regulatory subunit 1B [Source:HGNC Symbol;Acc:HGNC:19083]	no	YAP_regulated	NA
ENSG00000173210	3	shHIF2a_down	ABLIM3	30.05	5	149141483	actin binding LIM protein family member 3 [Source:HGNC Symbol;Acc:HGNC:29132]	no	YAP_regulated	NA
ENSG00000175063	3	shHIF2a_down	UBE2C	504	20	45812644	ubiquitin conjugating enzyme E2 C [Source:HGNC Symbol;Acc:HGNC:15937]	no	YAP_regulated	NA
ENSG00000175203	3	shHIF2a_down	DCTN2	204.5	12	57535070	dynactin subunit 2 [Source:HGNC Symbol;Acc:HGNC:2712]	no	YAP_regulated	NA
ENSG00000175216	3	shHIF2a_down	CKAP5	84.09	11	46846296	cytoskeleton associated protein 5 [Source:HGNC Symbol;Acc:HGNC:28959]	no	YAP_regulated	NA
ENSG00000176208	3	shHIF2a_down	ATAD5	5.76	17	30831970	ATPase family AAA domain containing 5 [Source:HGNC Symbol;Acc:HGNC:25752]	no	Not_regulated_by_YAP	NA
ENSG00000177119	3	shHIF2a_down	ANO6	49.67	12	45216020	anoctamin 6 [Source:HGNC Symbol;Acc:HGNC:25240]	no	Not_regulated_by_YAP	NA
ENSG00000177565	3	shHIF2a_down	TBL1XR1	47.44	3	177136245	TBL1X receptor 1 [Source:HGNC Symbol;Acc:HGNC:29529]	no	Not_regulated_by_YAP	NA
ENSG00000177917	3	shHIF2a_down	ARL6IP6	52.21	2	152717893	ADP ribosylation factor like GTPase 6 interacting protein 6 [Source:HGNC Symbol;Acc:HGNC:24048]	no	YAP_regulated	NA
ENSG00000178764	3	shHIF2a_down	ZHX2	9.88	8	122863385	zinc fingers and homeoboxes 2 [Source:HGNC Symbol;Acc:HGNC:18513]	Yes	YAP_regulated	Homeodomain
ENSG00000181588	3	shHIF2a_down	MEX3D	18.18	19	1568058	mex-3 RNA binding family member D [Source:HGNC Symbol;Acc:HGNC:16734]	no	Not_regulated_by_YAP	NA
ENSG00000182199	3	shHIF2a_down	SHMT2	224.1	12	57229715	serine hydroxymethyltransferase 2 [Source:HGNC Symbol;Acc:HGNC:10852]	no	Not_regulated_by_YAP	NA
ENSG00000183087	3	shHIF2a_down	GAS6	64.73	13	113833741	growth arrest specific 6 [Source:HGNC Symbol;Acc:HGNC:4168]	no	YAP_regulated	NA
ENSG00000183778	3	shHIF2a_down	B3GALT5	5.18	21	39556442	beta-1,3-galactosyltransferase 5 [Source:HGNC Symbol;Acc:HGNC:920]	no	Not_regulated_by_YAP	NA
ENSG00000184445	3	shHIF2a_down	KNTC1	41.52	12	122610861	kinetochore associated 1 [Source:HGNC Symbol;Acc:HGNC:17255]	no	YAP_regulated	NA
ENSG00000185022	3	shHIF2a_down	MAFF	9.19	22	38200767	MAF bZIP transcription factor F [Source:HGNC Symbol;Acc:HGNC:6780]	Yes	YAP_regulated	bZIP
ENSG00000185033	3	shHIF2a_down	SEMA4B	120	15	90160604	semaphorin 4B [Source:HGNC Symbol;Acc:HGNC:10730]	no	YAP_regulated	NA
ENSG00000186193	3	shHIF2a_down	SAPCD2	63.22	9	137070557	suppressor APC domain containing 2 [Source:HGNC Symbol;Acc:HGNC:28055]	no	Not_regulated_by_YAP	NA
ENSG00000186918	3	shHIF2a_down	ZNF395	28.94	8	28386138	zinc finger protein 395 [Source:HGNC Symbol;Acc:HGNC:18737]	Yes	Not_regulated_by_YAP	C2H2 ZF
ENSG00000187735	3	shHIF2a_down	TCEA1	202.47	8	54022448	transcription elongation factor A1 [Source:HGNC Symbol;Acc:HGNC:11612]	no	YAP_regulated	NA
ENSG00000196305	3	shHIF2a_down	IARS1	192.88	9	92286131	isoleucyl-tRNA synthetase 1 [Source:HGNC Symbol;Acc:HGNC:5330]	no	Not_regulated_by_YAP	NA
ENSG00000196865	3	shHIF2a_down	NHLRC2	6.15	10	113854661	NHL repeat containing 2 [Source:HGNC Symbol;Acc:HGNC:24731]	no	Not_regulated_by_YAP	NA
ENSG00000197747	3	shHIF2a_down	S100A10	744.93	1	151993859	S100 calcium binding protein A10 [Source:HGNC Symbol;Acc:HGNC:10487]	no	YAP_regulated	NA
ENSG00000198431	3	shHIF2a_down	TXNRD1	413.29	12	104215779	thioredoxin reductase 1 [Source:HGNC Symbol;Acc:HGNC:12437]	no	YAP_regulated	NA
ENSG00000205339	3	shHIF2a_down	IPO7	75.16	11	9384652	importin 7 [Source:HGNC Symbol;Acc:HGNC:9852]	no	Not_regulated_by_YAP	NA
ENSG00000213160	3	shHIF2a_down	KLHL23	9.84	2	169694488	kelch like family member 23 [Source:HGNC Symbol;Acc:HGNC:27506]	no	Not_regulated_by_YAP	NA
ENSG00000213213	3	shHIF2a_down	CCDC183	3.16	9	136799415	coiled-coil domain containing 183 [Source:HGNC Symbol;Acc:HGNC:28236]	no	YAP_regulated	NA
ENSG00000213719	3	shHIF2a_down	CLIC1	748.86	6	31739763	chloride intracellular channel 1 [Source:HGNC Symbol;Acc:HGNC:2062]	no	YAP_regulated	NA
ENSG00000231721	3	shHIF2a_down	LINC-PINT	3.78	7	131081013	long intergenic non-protein coding RNA, p53 induced transcript [Source:HGNC Symbol;Acc:HGNC:26885]	no	YAP_regulated	NA
ENSG00000231925	3	shHIF2a_down	TAPBP	122.82	6	33314254	TAP binding protein [Source:HGNC Symbol;Acc:HGNC:11566]	no	YAP_regulated	NA
ENSG00000235162	3	shHIF2a_down	C12orf75	364.86	12	105330868	chromosome 12 open reading frame 75 [Source:HGNC Symbol;Acc:HGNC:35164]	no	YAP_regulated	NA
ENSG00000241635	3	shHIF2a_down	UGT1A1	26.56	2	233760270	UDP glucuronosyltransferase family 1 member A1 [Source:HGNC Symbol;Acc:HGNC:12530]	no	Not_regulated_by_YAP	NA
ENSG00000244187	3	shHIF2a_down	TMEM141	491.93	9	136791344	transmembrane protein 141 [Source:HGNC Symbol;Acc:HGNC:28211]	no	YAP_regulated	NA
ENSG00000245694	3	shHIF2a_down	CRNDE	49.73	16	54848278	colorectal neoplasia differentially expressed [Source:HGNC Symbol;Acc:HGNC:37078]	no	YAP_regulated	NA
ENSG00000247556	3	shHIF2a_down	OIP5-AS1	25.02	15	41284008	OIP5 antisense RNA 1 [Source:HGNC Symbol;Acc:HGNC:43563]	no	YAP_regulated	NA
ENSG00000248323	3	shHIF2a_down	LUCAT1	8.9	5	91314427	lung cancer associated transcript 1 [Source:HGNC Symbol;Acc:HGNC:48498]	no	Not_regulated_by_YAP	NA
ENSG00000271857	3	shHIF2a_down	AL096865.1	3.5	6	45422005	novel transcript, antisense to RUNX2	no	Not_regulated_by_YAP	NA
ENSG00000272269	3	shHIF2a_down	AL138724.2	10.57	6	17706257	novel transcript, antisense to NUP153	no	Not_regulated_by_YAP	NA
ENSG00000289047	3	shHIF2a_down	NA	NA	NA	NA	NA	NA	NA	NA
ENSG00000291100	3	shHIF2a_down	NA	NA	NA	NA	NA	NA	NA	NA
ENSG00000004975	3	shHIF2a_down	DVL2	14.87	17	7234517	dishevelled segment polarity protein 2 [Source:HGNC Symbol;Acc:HGNC:3086]	no	Not_regulated_by_YAP	NA
ENSG00000005448	3	shHIF2a_down	WDR54	14.87	2	74421678	WD repeat domain 54 [Source:HGNC Symbol;Acc:HGNC:25770]	no	Not_regulated_by_YAP	NA
ENSG00000006459	3	shHIF2a_down	KDM7A	2.56	7	140176983	lysine demethylase 7A [Source:HGNC Symbol;Acc:HGNC:22224]	no	YAP_regulated	NA
ENSG00000006576	3	shHIF2a_down	PHTF2	34.03	7	77840180	putative homeodomain transcription factor 2 [Source:HGNC Symbol;Acc:HGNC:13411]	no	YAP_regulated	NA
ENSG00000007968	3	shHIF2a_down	E2F2	3.07	1	23519396	E2F transcription factor 2 [Source:HGNC Symbol;Acc:HGNC:3114]	Yes	Not_regulated_by_YAP	E2F
ENSG00000008086	3	shHIF2a_down	CDKL5	2.8	X	18425583	cyclin dependent kinase like 5 [Source:HGNC Symbol;Acc:HGNC:11411]	no	YAP_regulated	NA
ENSG00000010803	3	shHIF2a_down	SCMH1	23.2	1	41161433	Scm polycomb group protein homolog 1 [Source:HGNC Symbol;Acc:HGNC:19003]	Yes	YAP_regulated	Unknown
ENSG00000020256	3	shHIF2a_down	ZFP64	10.27	20	52176037	ZFP64 zinc finger protein [Source:HGNC Symbol;Acc:HGNC:15940]	Yes	Not_regulated_by_YAP	C2H2 ZF
ENSG00000020922	3	shHIF2a_down	MRE11	23.52	11	94493844	MRE11 homolog, double strand break repair nuclease [Source:HGNC Symbol;Acc:HGNC:7230]	no	Not_regulated_by_YAP	NA
ENSG00000021762	3	shHIF2a_down	OSBPL5	8.64	11	3094879	oxysterol binding protein like 5 [Source:HGNC Symbol;Acc:HGNC:16392]	no	YAP_regulated	NA
ENSG00000022267	3	shHIF2a_down	FHL1	17.75	X	136146702	four and a half LIM domains 1 [Source:HGNC Symbol;Acc:HGNC:3702]	no	Not_regulated_by_YAP	NA
ENSG00000026025	3	shHIF2a_down	VIM	4049.4	10	17228241	vimentin [Source:HGNC Symbol;Acc:HGNC:12692]	no	YAP_regulated	NA
ENSG00000026297	3	shHIF2a_down	RNASET2	294.81	6	166956611	ribonuclease T2 [Source:HGNC Symbol;Acc:HGNC:21686]	no	YAP_regulated	NA
ENSG00000026508	3	shHIF2a_down	CD44	438.48	11	35138870	CD44 molecule (Indian blood group) [Source:HGNC Symbol;Acc:HGNC:1681]	no	Not_regulated_by_YAP	NA
ENSG00000026751	3	shHIF2a_down	SLAMF7	0.17	1	160739247	SLAM family member 7 [Source:HGNC Symbol;Acc:HGNC:21394]	no	Not_regulated_by_YAP	NA
ENSG00000029364	3	shHIF2a_down	SLC39A9	24.78	14	69398015	solute carrier family 39 member 9 [Source:HGNC Symbol;Acc:HGNC:20182]	no	Not_regulated_by_YAP	NA
ENSG00000035928	3	shHIF2a_down	RFC1	61.43	4	39292074	replication factor C subunit 1 [Source:HGNC Symbol;Acc:HGNC:9969]	no	Not_regulated_by_YAP	NA
ENSG00000038427	3	shHIF2a_down	VCAN	185.82	5	83471744	versican [Source:HGNC Symbol;Acc:HGNC:2464]	no	YAP_regulated	NA
ENSG00000042088	3	shHIF2a_down	TDP1	19.22	14	89958293	tyrosyl-DNA phosphodiesterase 1 [Source:HGNC Symbol;Acc:HGNC:18884]	no	YAP_regulated	NA
ENSG00000042493	3	shHIF2a_down	CAPG	341.44	2	85410366	capping actin protein, gelsolin like [Source:HGNC Symbol;Acc:HGNC:1474]	no	Not_regulated_by_YAP	NA
ENSG00000044459	3	shHIF2a_down	CNTLN	7.09	9	17134982	centlein [Source:HGNC Symbol;Acc:HGNC:23432]	no	Not_regulated_by_YAP	NA
ENSG00000046647	3	shHIF2a_down	GEMIN8	11.77	X	14029892	gem nuclear organelle associated protein 8 [Source:HGNC Symbol;Acc:HGNC:26044]	no	Not_regulated_by_YAP	NA
ENSG00000047457	3	shHIF2a_down	CP	17.84	3	149221827	ceruloplasmin [Source:HGNC Symbol;Acc:HGNC:2295]	no	YAP_regulated	NA
ENSG00000047644	3	shHIF2a_down	WWC3	9.85	X	10015254	WWC family member 3 [Source:HGNC Symbol;Acc:HGNC:29237]	no	Not_regulated_by_YAP	NA
ENSG00000049239	3	shHIF2a_down	H6PD	6.26	1	9234774	hexose-6-phosphate dehydrogenase/glucose 1-dehydrogenase [Source:HGNC Symbol;Acc:HGNC:4795]	no	YAP_regulated	NA
ENSG00000049618	3	shHIF2a_down	ARID1B	10.27	6	157084772	AT-rich interaction domain 1B [Source:HGNC Symbol;Acc:HGNC:18040]	no	YAP_regulated	NA
ENSG00000054967	3	shHIF2a_down	RELT	9.28	11	73376399	RELT TNF receptor [Source:HGNC Symbol;Acc:HGNC:13764]	no	YAP_regulated	NA
ENSG00000055208	3	shHIF2a_down	TAB2	47.99	6	149318582	TGF-beta activated kinase 1 (MAP3K7) binding protein 2 [Source:HGNC Symbol;Acc:HGNC:17075]	no	Not_regulated_by_YAP	NA
ENSG00000063245	3	shHIF2a_down	EPN1	46.35	19	55675226	epsin 1 [Source:HGNC Symbol;Acc:HGNC:21604]	no	Not_regulated_by_YAP	NA
ENSG00000063660	3	shHIF2a_down	GPC1	28.98	2	240435663	glypican 1 [Source:HGNC Symbol;Acc:HGNC:4449]	no	YAP_regulated	NA
ENSG00000063978	3	shHIF2a_down	RNF4	90.35	4	2469107	ring finger protein 4 [Source:HGNC Symbol;Acc:HGNC:10067]	no	YAP_regulated	NA
ENSG00000066279	3	shHIF2a_down	ASPM	52.43	1	197146669	abnormal spindle microtubule assembly [Source:HGNC Symbol;Acc:HGNC:19048]	no	Not_regulated_by_YAP	NA
ENSG00000066855	3	shHIF2a_down	MTFR1	84.82	8	65644734	mitochondrial fission regulator 1 [Source:HGNC Symbol;Acc:HGNC:29510]	no	YAP_regulated	NA
ENSG00000066933	3	shHIF2a_down	MYO9A	7.42	15	72118150	myosin IXA [Source:HGNC Symbol;Acc:HGNC:7608]	no	YAP_regulated	NA
ENSG00000067900	3	shHIF2a_down	ROCK1	17.33	18	21111813	Rho associated coiled-coil containing protein kinase 1 [Source:HGNC Symbol;Acc:HGNC:10251]	no	YAP_regulated	NA
ENSG00000069974	3	shHIF2a_down	RAB27A	28.22	15	55270394	RAB27A, member RAS oncogene family [Source:HGNC Symbol;Acc:HGNC:9766]	no	Not_regulated_by_YAP	NA
ENSG00000070214	3	shHIF2a_down	SLC44A1	40.12	9	105244622	solute carrier family 44 member 1 [Source:HGNC Symbol;Acc:HGNC:18798]	no	YAP_regulated	NA
ENSG00000070413	3	shHIF2a_down	DGCR2	34.92	22	19122407	DiGeorge syndrome critical region gene 2 [Source:HGNC Symbol;Acc:HGNC:2845]	no	YAP_regulated	NA
ENSG00000071794	3	shHIF2a_down	HLTF	30.27	3	149086554	helicase like transcription factor [Source:HGNC Symbol;Acc:HGNC:11099]	no	Not_regulated_by_YAP	NA
ENSG00000073111	3	shHIF2a_down	MCM2	62.18	3	127598411	minichromosome maintenance complex component 2 [Source:HGNC Symbol;Acc:HGNC:6944]	no	YAP_regulated	NA
ENSG00000075945	3	shHIF2a_down	KIFAP3	14.08	1	170074695	kinesin associated protein 3 [Source:HGNC Symbol;Acc:HGNC:17060]	no	YAP_regulated	NA
ENSG00000076003	3	shHIF2a_down	MCM6	68.6	2	135876443	minichromosome maintenance complex component 6 [Source:HGNC Symbol;Acc:HGNC:6949]	no	YAP_regulated	NA
ENSG00000076641	3	shHIF2a_down	PAG1	2.71	8	81112068	phosphoprotein membrane anchor with glycosphingolipid microdomains 1 [Source:HGNC Symbol;Acc:HGNC:30043]	no	YAP_regulated	NA
ENSG00000077782	3	shHIF2a_down	FGFR1	39.35	8	38467707	fibroblast growth factor receptor 1 [Source:HGNC Symbol;Acc:HGNC:3688]	no	Not_regulated_by_YAP	NA
ENSG00000078687	3	shHIF2a_down	TNRC6C	0.41	17	77959240	trinucleotide repeat containing adaptor 6C [Source:HGNC Symbol;Acc:HGNC:29318]	no	Not_regulated_by_YAP	NA
ENSG00000079432	3	shHIF2a_down	CIC	15.04	19	42294460	capicua transcriptional repressor [Source:HGNC Symbol;Acc:HGNC:14214]	Yes	YAP_regulated	HMG/Sox
ENSG00000079616	3	shHIF2a_down	KIF22	91.96	16	29790719	kinesin family member 22 [Source:HGNC Symbol;Acc:HGNC:6391]	no	YAP_regulated	NA
ENSG00000082438	3	shHIF2a_down	COBLL1	21.69	2	164692346	cordon-bleu WH2 repeat protein like 1 [Source:HGNC Symbol;Acc:HGNC:23571]	no	YAP_regulated	NA
ENSG00000082684	3	shHIF2a_down	SEMA5B	3.12	3	123027878	semaphorin 5B [Source:HGNC Symbol;Acc:HGNC:10737]	no	YAP_regulated	NA
ENSG00000083844	3	shHIF2a_down	ZNF264	4.73	19	57191775	zinc finger protein 264 [Source:HGNC Symbol;Acc:HGNC:13057]	Yes	Not_regulated_by_YAP	C2H2 ZF
ENSG00000085117	3	shHIF2a_down	CD82	95.43	11	44564427	CD82 molecule [Source:HGNC Symbol;Acc:HGNC:6210]	no	YAP_regulated	NA
ENSG00000085719	3	shHIF2a_down	CPNE3	68.2	8	86514435	copine 3 [Source:HGNC Symbol;Acc:HGNC:2316]	no	YAP_regulated	NA
ENSG00000087253	3	shHIF2a_down	LPCAT2	23.09	16	55509072	lysophosphatidylcholine acyltransferase 2 [Source:HGNC Symbol;Acc:HGNC:26032]	no	YAP_regulated	NA
ENSG00000087494	3	shHIF2a_down	PTHLH	46.41	12	27972733	parathyroid hormone like hormone [Source:HGNC Symbol;Acc:HGNC:9607]	no	YAP_regulated	NA
ENSG00000088325	3	shHIF2a_down	TPX2	219.48	20	31739290	TPX2 microtubule nucleation factor [Source:HGNC Symbol;Acc:HGNC:1249]	no	YAP_regulated	NA
ENSG00000089327	3	shHIF2a_down	FXYD5	171.84	19	35154730	FXYD domain containing ion transport regulator 5 [Source:HGNC Symbol;Acc:HGNC:4029]	no	Not_regulated_by_YAP	NA
ENSG00000089597	3	shHIF2a_down	GANAB	330.39	11	62646602	glucosidase II alpha subunit [Source:HGNC Symbol;Acc:HGNC:4138]	no	Not_regulated_by_YAP	NA
ENSG00000091039	3	shHIF2a_down	OSBPL8	35.61	12	76559535	oxysterol binding protein like 8 [Source:HGNC Symbol;Acc:HGNC:16396]	no	YAP_regulated	NA
ENSG00000091542	3	shHIF2a_down	ALKBH5	39.45	17	18183078	alkB homolog 5, RNA demethylase [Source:HGNC Symbol;Acc:HGNC:25996]	no	YAP_regulated	NA
ENSG00000092445	3	shHIF2a_down	TYRO3	12.27	15	41557675	TYRO3 protein tyrosine kinase [Source:HGNC Symbol;Acc:HGNC:12446]	no	Not_regulated_by_YAP	NA
ENSG00000093010	3	shHIF2a_down	COMT	271.39	22	19941772	catechol-O-methyltransferase [Source:HGNC Symbol;Acc:HGNC:2228]	no	Not_regulated_by_YAP	NA
ENSG00000095321	3	shHIF2a_down	CRAT	29.9	9	129110793	carnitine O-acetyltransferase [Source:HGNC Symbol;Acc:HGNC:2342]	no	YAP_regulated	NA
ENSG00000095637	3	shHIF2a_down	SORBS1	2.89	10	95561378	sorbin and SH3 domain containing 1 [Source:HGNC Symbol;Acc:HGNC:14565]	no	YAP_regulated	NA
ENSG00000096433	3	shHIF2a_down	ITPR3	19.69	6	33620365	inositol 1,4,5-trisphosphate receptor type 3 [Source:HGNC Symbol;Acc:HGNC:6182]	no	YAP_regulated	NA
ENSG00000099219	3	shHIF2a_down	ERMP1	15.32	9	5833070	endoplasmic reticulum metallopeptidase 1 [Source:HGNC Symbol;Acc:HGNC:23703]	no	Not_regulated_by_YAP	NA
ENSG00000099330	3	shHIF2a_down	OCEL1	8.33	19	17226226	occludin/ELL domain containing 1 [Source:HGNC Symbol;Acc:HGNC:26221]	no	YAP_regulated	NA
ENSG00000099849	3	shHIF2a_down	RASSF7	44.19	11	560404	Ras association domain family member 7 [Source:HGNC Symbol;Acc:HGNC:1166]	no	YAP_regulated	NA
ENSG00000100027	3	shHIF2a_down	YPEL1	0.1	22	21735794	yippee like 1 [Source:HGNC Symbol;Acc:HGNC:12845]	no	Not_regulated_by_YAP	NA
ENSG00000100221	3	shHIF2a_down	JOSD1	48.26	22	38700667	Josephin domain containing 1 [Source:HGNC Symbol;Acc:HGNC:28953]	no	Not_regulated_by_YAP	NA
ENSG00000100297	3	shHIF2a_down	MCM5	80.21	22	35400140	minichromosome maintenance complex component 5 [Source:HGNC Symbol;Acc:HGNC:6948]	no	YAP_regulated	NA
ENSG00000100302	3	shHIF2a_down	RASD2	1.5	22	35540831	RASD family member 2 [Source:HGNC Symbol;Acc:HGNC:18229]	no	Not_regulated_by_YAP	NA
ENSG00000100422	3	shHIF2a_down	CERK	20.74	22	46738252	ceramide kinase [Source:HGNC Symbol;Acc:HGNC:19256]	no	YAP_regulated	NA
ENSG00000100614	3	shHIF2a_down	PPM1A	24.55	14	60245752	protein phosphatase, Mg2+/Mn2+ dependent 1A [Source:HGNC Symbol;Acc:HGNC:9275]	no	YAP_regulated	NA
ENSG00000100784	3	shHIF2a_down	RPS6KA5	5.26	14	91060615	ribosomal protein S6 kinase A5 [Source:HGNC Symbol;Acc:HGNC:10434]	no	YAP_regulated	NA
ENSG00000100897	3	shHIF2a_down	DCAF11	19.65	14	24114195	DDB1 and CUL4 associated factor 11 [Source:HGNC Symbol;Acc:HGNC:20258]	no	YAP_regulated	NA
ENSG00000101003	3	shHIF2a_down	GINS1	21.9	20	25407673	GINS complex subunit 1 [Source:HGNC Symbol;Acc:HGNC:28980]	no	Not_regulated_by_YAP	NA
ENSG00000101224	3	shHIF2a_down	CDC25B	47.27	20	3795739	cell division cycle 25B [Source:HGNC Symbol;Acc:HGNC:1726]	no	YAP_regulated	NA
ENSG00000101236	3	shHIF2a_down	RNF24	9.45	20	4015389	ring finger protein 24 [Source:HGNC Symbol;Acc:HGNC:13779]	no	YAP_regulated	NA
ENSG00000101310	3	shHIF2a_down	SEC23B	35.22	20	18507520	SEC23 homolog B, COPII coat complex component [Source:HGNC Symbol;Acc:HGNC:10702]	no	YAP_regulated	NA
ENSG00000101412	3	shHIF2a_down	E2F1	45.12	20	33686385	E2F transcription factor 1 [Source:HGNC Symbol;Acc:HGNC:3113]	Yes	YAP_regulated	E2F
ENSG00000101596	3	shHIF2a_down	SMCHD1	20.93	18	2655726	structural maintenance of chromosomes flexible hinge domain containing 1 [Source:HGNC Symbol;Acc:HGNC:29090]	no	YAP_regulated	NA
ENSG00000101745	3	shHIF2a_down	ANKRD12	4.85	18	9136228	ankyrin repeat domain 12 [Source:HGNC Symbol;Acc:HGNC:29135]	no	YAP_regulated	NA
ENSG00000101752	3	shHIF2a_down	MIB1	12.24	18	21704957	mindbomb E3 ubiquitin protein ligase 1 [Source:HGNC Symbol;Acc:HGNC:21086]	no	YAP_regulated	NA
ENSG00000102125	3	shHIF2a_down	TAZ	25.89	X	154411524	tafazzin [Source:HGNC Symbol;Acc:HGNC:11577]	no	YAP_regulated	NA
ENSG00000102174	3	shHIF2a_down	PHEX	1.23	X	22032325	phosphate regulating endopeptidase homolog X-linked [Source:HGNC Symbol;Acc:HGNC:8918]	no	Not_regulated_by_YAP	NA
ENSG00000103145	3	shHIF2a_down	HCFC1R1	23.51	16	3023942	host cell factor C1 regulator 1 [Source:HGNC Symbol;Acc:HGNC:21198]	no	YAP_regulated	NA
ENSG00000103495	3	shHIF2a_down	MAZ	203.7	16	29807818	MYC associated zinc finger protein [Source:HGNC Symbol;Acc:HGNC:6914]	Yes	YAP_regulated	C2H2 ZF
ENSG00000103502	3	shHIF2a_down	CDIPT	48.59	16	29863226	CDP-diacylglycerol--inositol 3-phosphatidyltransferase [Source:HGNC Symbol;Acc:HGNC:1769]	no	Not_regulated_by_YAP	NA
ENSG00000103540	3	shHIF2a_down	CCP110	11.39	16	19523811	centriolar coiled-coil protein 110 [Source:HGNC Symbol;Acc:HGNC:24342]	no	Not_regulated_by_YAP	NA
ENSG00000105339	3	shHIF2a_down	DENND3	31.35	8	141117278	DENN domain containing 3 [Source:HGNC Symbol;Acc:HGNC:29134]	no	YAP_regulated	NA
ENSG00000105612	3	shHIF2a_down	DNASE2	17.58	19	12881449	deoxyribonuclease 2, lysosomal [Source:HGNC Symbol;Acc:HGNC:2960]	no	Not_regulated_by_YAP	NA
ENSG00000105698	3	shHIF2a_down	USF2	51.56	19	35269065	upstream transcription factor 2, c-fos interacting [Source:HGNC Symbol;Acc:HGNC:12594]	Yes	Not_regulated_by_YAP	bHLH
ENSG00000105928	3	shHIF2a_down	GSDME	53.78	7	24757464	gasdermin E [Source:HGNC Symbol;Acc:HGNC:2810]	no	YAP_regulated	NA
ENSG00000105974	3	shHIF2a_down	CAV1	434.95	7	116525036	caveolin 1 [Source:HGNC Symbol;Acc:HGNC:1527]	no	YAP_regulated	NA
ENSG00000106080	3	shHIF2a_down	FKBP14	28.68	7	30026702	FKBP prolyl isomerase 14 [Source:HGNC Symbol;Acc:HGNC:18625]	no	YAP_regulated	NA
ENSG00000106355	3	shHIF2a_down	LSM5	136.37	7	32490380	LSM5 homolog, U6 small nuclear RNA and mRNA degradation associated [Source:HGNC Symbol;Acc:HGNC:17162]	no	YAP_regulated	NA
ENSG00000106399	3	shHIF2a_down	RPA3	69.77	7	7718607	replication protein A3 [Source:HGNC Symbol;Acc:HGNC:10291]	no	YAP_regulated	NA
ENSG00000106546	3	shHIF2a_down	AHR	13.1	7	17334910	aryl hydrocarbon receptor [Source:HGNC Symbol;Acc:HGNC:348]	Yes	YAP_regulated	bHLH
ENSG00000107281	3	shHIF2a_down	NPDC1	72.64	9	137044092	neural proliferation, differentiation and control 1 [Source:HGNC Symbol;Acc:HGNC:7899]	no	Not_regulated_by_YAP	NA
ENSG00000107338	3	shHIF2a_down	SHB	18.07	9	38069227	SH2 domain containing adaptor protein B [Source:HGNC Symbol;Acc:HGNC:10838]	no	YAP_regulated	NA
ENSG00000107341	3	shHIF2a_down	UBE2R2	19.61	9	33817160	ubiquitin conjugating enzyme E2 R2 [Source:HGNC Symbol;Acc:HGNC:19907]	no	YAP_regulated	NA
ENSG00000107897	3	shHIF2a_down	ACBD5	24.36	10	27240797	acyl-CoA binding domain containing 5 [Source:HGNC Symbol;Acc:HGNC:23338]	no	YAP_regulated	NA
ENSG00000107968	3	shHIF2a_down	MAP3K8	67.81	10	30434184	mitogen-activated protein kinase kinase kinase 8 [Source:HGNC Symbol;Acc:HGNC:6860]	no	YAP_regulated	NA
ENSG00000108100	3	shHIF2a_down	CCNY	38.03	10	35247025	cyclin Y [Source:HGNC Symbol;Acc:HGNC:23354]	no	Not_regulated_by_YAP	NA
ENSG00000108370	3	shHIF2a_down	RGS9	0.4	17	65137592	regulator of G protein signaling 9 [Source:HGNC Symbol;Acc:HGNC:10004]	no	Not_regulated_by_YAP	NA
ENSG00000108479	3	shHIF2a_down	GALK1	17.2	17	75765236	galactokinase 1 [Source:HGNC Symbol;Acc:HGNC:4118]	no	Not_regulated_by_YAP	NA
ENSG00000109270	3	shHIF2a_down	LAMTOR3	31.27	4	99894427	late endosomal/lysosomal adaptor, MAPK and MTOR activator 3 [Source:HGNC Symbol;Acc:HGNC:15606]	no	Not_regulated_by_YAP	NA
ENSG00000109466	3	shHIF2a_down	KLHL2	20.59	4	165207561	kelch like family member 2 [Source:HGNC Symbol;Acc:HGNC:6353]	no	Not_regulated_by_YAP	NA
ENSG00000109805	3	shHIF2a_down	NCAPG	54.14	4	17810979	non-SMC condensin I complex subunit G [Source:HGNC Symbol;Acc:HGNC:24304]	no	YAP_regulated	NA
ENSG00000110651	3	shHIF2a_down	CD81	341.89	11	2376177	CD81 molecule [Source:HGNC Symbol;Acc:HGNC:1701]	no	Not_regulated_by_YAP	NA
ENSG00000110931	3	shHIF2a_down	CAMKK2	23.36	12	121296673	calcium/calmodulin dependent protein kinase kinase 2 [Source:HGNC Symbol;Acc:HGNC:1470]	no	YAP_regulated	NA
ENSG00000111206	3	shHIF2a_down	FOXM1	98.07	12	2877040	forkhead box M1 [Source:HGNC Symbol;Acc:HGNC:3818]	Yes	Not_regulated_by_YAP	Forkhead
ENSG00000111266	3	shHIF2a_down	DUSP16	7.07	12	12562863	dual specificity phosphatase 16 [Source:HGNC Symbol;Acc:HGNC:17909]	no	YAP_regulated	NA
ENSG00000111276	3	shHIF2a_down	CDKN1B	25.96	12	12715058	cyclin dependent kinase inhibitor 1B [Source:HGNC Symbol;Acc:HGNC:1785]	no	Not_regulated_by_YAP	NA
ENSG00000111450	3	shHIF2a_down	STX2	32.87	12	130839266	syntaxin 2 [Source:HGNC Symbol;Acc:HGNC:3403]	no	Not_regulated_by_YAP	NA
ENSG00000111911	3	shHIF2a_down	HINT3	7.45	6	125956770	histidine triad nucleotide binding protein 3 [Source:HGNC Symbol;Acc:HGNC:18468]	no	Not_regulated_by_YAP	NA
ENSG00000111912	3	shHIF2a_down	NCOA7	6.72	6	125899909	nuclear receptor coactivator 7 [Source:HGNC Symbol;Acc:HGNC:21081]	no	YAP_regulated	NA
ENSG00000112624	3	shHIF2a_down	BICRAL	4.22	6	42782027	BRD4 interacting chromatin remodeling complex associated protein like [Source:HGNC Symbol;Acc:HGNC:21111]	no	YAP_regulated	NA
ENSG00000112773	3	shHIF2a_down	TENT5A	4.49	6	81751812	terminal nucleotidyltransferase 5A [Source:HGNC Symbol;Acc:HGNC:18345]	no	YAP_regulated	NA
ENSG00000112984	3	shHIF2a_down	KIF20A	70.95	5	138178719	kinesin family member 20A [Source:HGNC Symbol;Acc:HGNC:9787]	no	YAP_regulated	NA
ENSG00000113441	3	shHIF2a_down	LNPEP	5.26	5	96935394	leucyl and cystinyl aminopeptidase [Source:HGNC Symbol;Acc:HGNC:6656]	no	YAP_regulated	NA
ENSG00000113810	3	shHIF2a_down	SMC4	205.91	3	160399274	structural maintenance of chromosomes 4 [Source:HGNC Symbol;Acc:HGNC:14013]	no	YAP_regulated	NA
ENSG00000114166	3	shHIF2a_down	KAT2B	3.19	3	20148240	lysine acetyltransferase 2B [Source:HGNC Symbol;Acc:HGNC:8638]	no	Not_regulated_by_YAP	NA
ENSG00000114270	3	shHIF2a_down	COL7A1	93.85	3	48564992	collagen type VII alpha 1 chain [Source:HGNC Symbol;Acc:HGNC:2214]	no	YAP_regulated	NA
ENSG00000114302	3	shHIF2a_down	PRKAR2A	24.36	3	48847828	protein kinase cAMP-dependent type II regulatory subunit alpha [Source:HGNC Symbol;Acc:HGNC:9391]	no	YAP_regulated	NA
ENSG00000114331	3	shHIF2a_down	ACAP2	13.19	3	195443020	ArfGAP with coiled-coil, ankyrin repeat and PH domains 2 [Source:HGNC Symbol;Acc:HGNC:16469]	no	YAP_regulated	NA
ENSG00000114541	3	shHIF2a_down	FRMD4B	9.3	3	69386088	FERM domain containing 4B [Source:HGNC Symbol;Acc:HGNC:24886]	no	Not_regulated_by_YAP	NA
ENSG00000114739	3	shHIF2a_down	ACVR2B	1.17	3	38453890	activin A receptor type 2B [Source:HGNC Symbol;Acc:HGNC:174]	no	Not_regulated_by_YAP	NA
ENSG00000114784	3	shHIF2a_down	EIF1B	36.49	3	40309707	eukaryotic translation initiation factor 1B [Source:HGNC Symbol;Acc:HGNC:30792]	no	YAP_regulated	NA
ENSG00000114978	3	shHIF2a_down	MOB1A	87.24	2	74178879	MOB kinase activator 1A [Source:HGNC Symbol;Acc:HGNC:16015]	no	YAP_regulated	NA
ENSG00000115073	3	shHIF2a_down	ACTR1B	20.92	2	97664044	actin related protein 1B [Source:HGNC Symbol;Acc:HGNC:168]	no	YAP_regulated	NA
ENSG00000115107	3	shHIF2a_down	STEAP3	60.46	2	119223834	STEAP3 metalloreductase [Source:HGNC Symbol;Acc:HGNC:24592]	no	YAP_regulated	NA
ENSG00000115163	3	shHIF2a_down	CENPA	72.13	2	26786068	centromere protein A [Source:HGNC Symbol;Acc:HGNC:1851]	Yes	YAP_regulated	Unknown
ENSG00000115165	3	shHIF2a_down	CYTIP	0.09	2	157488960	cytohesin 1 interacting protein [Source:HGNC Symbol;Acc:HGNC:9506]	no	Not_regulated_by_YAP	NA
ENSG00000115866	3	shHIF2a_down	DARS1	89.32	2	135985626	aspartyl-tRNA synthetase 1 [Source:HGNC Symbol;Acc:HGNC:2678]	no	Not_regulated_by_YAP	NA
ENSG00000116701	3	shHIF2a_down	NCF2	9.41	1	183590876	neutrophil cytosolic factor 2 [Source:HGNC Symbol;Acc:HGNC:7661]	no	Not_regulated_by_YAP	NA
ENSG00000117009	3	shHIF2a_down	KMO	0.42	1	241532134	kynurenine 3-monooxygenase [Source:HGNC Symbol;Acc:HGNC:6381]	no	Not_regulated_by_YAP	NA
ENSG00000117411	3	shHIF2a_down	B4GALT2	84.7	1	43979877	beta-1,4-galactosyltransferase 2 [Source:HGNC Symbol;Acc:HGNC:925]	no	Not_regulated_by_YAP	NA
ENSG00000117525	3	shHIF2a_down	F3	72.83	1	94541759	coagulation factor III, tissue factor [Source:HGNC Symbol;Acc:HGNC:3541]	no	YAP_regulated	NA
ENSG00000117625	3	shHIF2a_down	RCOR3	21.76	1	211259433	REST corepressor 3 [Source:HGNC Symbol;Acc:HGNC:25594]	no	YAP_regulated	NA
ENSG00000117632	3	shHIF2a_down	STMN1	492.9	1	25892607	stathmin 1 [Source:HGNC Symbol;Acc:HGNC:6510]	no	YAP_regulated	NA
ENSG00000117650	3	shHIF2a_down	NEK2	50.13	1	211675630	NIMA related kinase 2 [Source:HGNC Symbol;Acc:HGNC:7745]	no	YAP_regulated	NA
ENSG00000117724	3	shHIF2a_down	CENPF	147.14	1	214603484	centromere protein F [Source:HGNC Symbol;Acc:HGNC:1857]	no	YAP_regulated	NA
ENSG00000117862	3	shHIF2a_down	TXNDC12	80.77	1	52023574	thioredoxin domain containing 12 [Source:HGNC Symbol;Acc:HGNC:24626]	no	YAP_regulated	NA
ENSG00000118193	3	shHIF2a_down	KIF14	15.34	1	200620751	kinesin family member 14 [Source:HGNC Symbol;Acc:HGNC:19181]	no	Not_regulated_by_YAP	NA
ENSG00000118263	3	shHIF2a_down	KLF7	13.17	2	207167246	Kruppel like factor 7 [Source:HGNC Symbol;Acc:HGNC:6350]	Yes	YAP_regulated	C2H2 ZF
ENSG00000118482	3	shHIF2a_down	PHF3	12.35	6	63635820	PHD finger protein 3 [Source:HGNC Symbol;Acc:HGNC:8921]	no	Not_regulated_by_YAP	NA
ENSG00000119042	3	shHIF2a_down	SATB2	7.6	2	199465108	SATB homeobox 2 [Source:HGNC Symbol;Acc:HGNC:21637]	Yes	Not_regulated_by_YAP	CUT; Homeodomain
ENSG00000119138	3	shHIF2a_down	KLF9	6.81	9	70414624	Kruppel like factor 9 [Source:HGNC Symbol;Acc:HGNC:1123]	Yes	YAP_regulated	C2H2 ZF
ENSG00000119333	3	shHIF2a_down	WDR34	52.63	9	128656787	WD repeat domain 34 [Source:HGNC Symbol;Acc:HGNC:28296]	no	YAP_regulated	NA
ENSG00000119636	3	shHIF2a_down	BBOF1	2.87	14	74019353	basal body orientation factor 1 [Source:HGNC Symbol;Acc:HGNC:19855]	no	YAP_regulated	NA
ENSG00000119638	3	shHIF2a_down	NEK9	13.94	14	75101065	NIMA related kinase 9 [Source:HGNC Symbol;Acc:HGNC:18591]	no	Not_regulated_by_YAP	NA
ENSG00000119711	3	shHIF2a_down	ALDH6A1	1.4	14	74084453	aldehyde dehydrogenase 6 family member A1 [Source:HGNC Symbol;Acc:HGNC:7179]	no	Not_regulated_by_YAP	NA
ENSG00000120616	3	shHIF2a_down	EPC1	11.56	10	32347158	enhancer of polycomb homolog 1 [Source:HGNC Symbol;Acc:HGNC:19876]	no	YAP_regulated	NA
ENSG00000121957	3	shHIF2a_down	GPSM2	40.9	1	108875350	G protein signaling modulator 2 [Source:HGNC Symbol;Acc:HGNC:29501]	no	YAP_regulated	NA
ENSG00000122741	3	shHIF2a_down	DCAF10	10.06	9	37800797	DDB1 and CUL4 associated factor 10 [Source:HGNC Symbol;Acc:HGNC:23686]	no	YAP_regulated	NA
ENSG00000122966	3	shHIF2a_down	CIT	26.39	12	119877320	citron rho-interacting serine/threonine kinase [Source:HGNC Symbol;Acc:HGNC:1985]	no	YAP_regulated	NA
ENSG00000123268	3	shHIF2a_down	ATF1	15.33	12	50764101	activating transcription factor 1 [Source:HGNC Symbol;Acc:HGNC:783]	Yes	Not_regulated_by_YAP	bZIP
ENSG00000123352	3	shHIF2a_down	SPATS2	19.61	12	49366584	spermatogenesis associated serine rich 2 [Source:HGNC Symbol;Acc:HGNC:18650]	no	YAP_regulated	NA
ENSG00000123374	3	shHIF2a_down	CDK2	60.71	12	55966830	cyclin dependent kinase 2 [Source:HGNC Symbol;Acc:HGNC:1771]	no	Not_regulated_by_YAP	NA
ENSG00000123485	3	shHIF2a_down	HJURP	94.85	2	233854535	Holliday junction recognition protein [Source:HGNC Symbol;Acc:HGNC:25444]	no	YAP_regulated	NA
ENSG00000124225	3	shHIF2a_down	PMEPA1	100.78	20	57710015	prostate transmembrane protein, androgen induced 1 [Source:HGNC Symbol;Acc:HGNC:14107]	no	YAP_regulated	NA
ENSG00000124596	3	shHIF2a_down	OARD1	24.5	6	41071217	O-acyl-ADP-ribose deacylase 1 [Source:HGNC Symbol;Acc:HGNC:21257]	no	YAP_regulated	NA
ENSG00000124795	3	shHIF2a_down	DEK	191.63	6	18264541	DEK proto-oncogene [Source:HGNC Symbol;Acc:HGNC:2768]	no	YAP_regulated	NA
ENSG00000124813	3	shHIF2a_down	RUNX2	22.13	6	45422577	RUNX family transcription factor 2 [Source:HGNC Symbol;Acc:HGNC:10472]	Yes	YAP_regulated	Runt
ENSG00000124831	3	shHIF2a_down	LRRFIP1	145	2	237692494	LRR binding FLII interacting protein 1 [Source:HGNC Symbol;Acc:HGNC:6702]	no	YAP_regulated	NA
ENSG00000124942	3	shHIF2a_down	AHNAK	184.33	11	62536107	AHNAK nucleoprotein [Source:HGNC Symbol;Acc:HGNC:347]	no	YAP_regulated	NA
ENSG00000125458	3	shHIF2a_down	NT5C	33.75	17	75131446	5', 3'-nucleotidase, cytosolic [Source:HGNC Symbol;Acc:HGNC:17144]	no	Not_regulated_by_YAP	NA
ENSG00000125821	3	shHIF2a_down	DTD1	60.24	20	18588054	D-aminoacyl-tRNA deacylase 1 [Source:HGNC Symbol;Acc:HGNC:16219]	no	YAP_regulated	NA
ENSG00000125898	3	shHIF2a_down	FAM110A	4.89	20	833715	family with sequence similarity 110 member A [Source:HGNC Symbol;Acc:HGNC:16188]	no	Not_regulated_by_YAP	NA
ENSG00000126777	3	shHIF2a_down	KTN1	116.32	14	55559072	kinectin 1 [Source:HGNC Symbol;Acc:HGNC:6467]	no	Not_regulated_by_YAP	NA
ENSG00000126821	3	shHIF2a_down	SGPP1	9.74	14	63728065	sphingosine-1-phosphate phosphatase 1 [Source:HGNC Symbol;Acc:HGNC:17720]	no	YAP_regulated	NA
ENSG00000126870	3	shHIF2a_down	WDR60	7.91	7	158856558	WD repeat domain 60 [Source:HGNC Symbol;Acc:HGNC:21862]	no	YAP_regulated	NA
ENSG00000127337	3	shHIF2a_down	YEATS4	33.16	12	69359756	YEATS domain containing 4 [Source:HGNC Symbol;Acc:HGNC:24859]	no	YAP_regulated	NA
ENSG00000127418	3	shHIF2a_down	FGFRL1	76.68	4	1009936	fibroblast growth factor receptor like 1 [Source:HGNC Symbol;Acc:HGNC:3693]	no	YAP_regulated	NA
ENSG00000127946	3	shHIF2a_down	HIP1	10.54	7	75738941	huntingtin interacting protein 1 [Source:HGNC Symbol;Acc:HGNC:4913]	no	YAP_regulated	NA
ENSG00000127947	3	shHIF2a_down	PTPN12	65.32	7	77537295	protein tyrosine phosphatase non-receptor type 12 [Source:HGNC Symbol;Acc:HGNC:9645]	no	YAP_regulated	NA
ENSG00000128309	3	shHIF2a_down	MPST	38.26	22	37019635	mercaptopyruvate sulfurtransferase [Source:HGNC Symbol;Acc:HGNC:7223]	no	YAP_regulated	NA
ENSG00000129103	3	shHIF2a_down	SUMF2	75.7	7	56064002	sulfatase modifying factor 2 [Source:HGNC Symbol;Acc:HGNC:20415]	no	YAP_regulated	NA
ENSG00000129474	3	shHIF2a_down	AJUBA	48.5	14	22982551	ajuba LIM protein [Source:HGNC Symbol;Acc:HGNC:20250]	no	YAP_regulated	NA
ENSG00000129810	3	shHIF2a_down	SGO1	20.54	3	20186191	shugoshin 1 [Source:HGNC Symbol;Acc:HGNC:25088]	no	Not_regulated_by_YAP	NA
ENSG00000130270	3	shHIF2a_down	ATP8B3	9.84	19	1812276	ATPase phospholipid transporting 8B3 [Source:HGNC Symbol;Acc:HGNC:13535]	no	YAP_regulated	NA
ENSG00000130363	3	shHIF2a_down	RSPH3	2.47	6	159000202	radial spoke head 3 [Source:HGNC Symbol;Acc:HGNC:21054]	no	YAP_regulated	NA
ENSG00000130731	3	shHIF2a_down	METTL26	53.95	16	636342	methyltransferase like 26 [Source:HGNC Symbol;Acc:HGNC:14141]	no	YAP_regulated	NA
ENSG00000130762	3	shHIF2a_down	ARHGEF16	9.92	1	3454665	Rho guanine nucleotide exchange factor 16 [Source:HGNC Symbol;Acc:HGNC:15515]	no	Not_regulated_by_YAP	NA
ENSG00000130779	3	shHIF2a_down	CLIP1	39.75	12	122422588	CAP-Gly domain containing linker protein 1 [Source:HGNC Symbol;Acc:HGNC:10461]	no	YAP_regulated	NA
ENSG00000130830	3	shHIF2a_down	MPP1	84.4	X	154781596	membrane palmitoylated protein 1 [Source:HGNC Symbol;Acc:HGNC:7219]	no	YAP_regulated	NA
ENSG00000131023	3	shHIF2a_down	LATS1	9.36	6	149718101	large tumor suppressor kinase 1 [Source:HGNC Symbol;Acc:HGNC:6514]	no	Not_regulated_by_YAP	NA
ENSG00000131187	3	shHIF2a_down	F12	11.7	5	177409576	coagulation factor XII [Source:HGNC Symbol;Acc:HGNC:3530]	no	Not_regulated_by_YAP	NA
ENSG00000131389	3	shHIF2a_down	SLC6A6	31.78	3	14402576	solute carrier family 6 member 6 [Source:HGNC Symbol;Acc:HGNC:11052]	no	YAP_regulated	NA
ENSG00000131652	3	shHIF2a_down	THOC6	15.9	16	3024027	THO complex 6 [Source:HGNC Symbol;Acc:HGNC:28369]	no	YAP_regulated	NA
ENSG00000132326	3	shHIF2a_down	PER2	2.25	2	238277936	period circadian regulator 2 [Source:HGNC Symbol;Acc:HGNC:8846]	no	YAP_regulated	NA
ENSG00000132424	3	shHIF2a_down	PNISR	48.17	6	99425277	PNN interacting serine and arginine rich protein [Source:HGNC Symbol;Acc:HGNC:21222]	no	Not_regulated_by_YAP	NA
ENSG00000132561	3	shHIF2a_down	MATN2	22.65	8	97868840	matrilin 2 [Source:HGNC Symbol;Acc:HGNC:6908]	no	Not_regulated_by_YAP	NA
ENSG00000132670	3	shHIF2a_down	PTPRA	28.37	20	2864184	protein tyrosine phosphatase receptor type A [Source:HGNC Symbol;Acc:HGNC:9664]	no	Not_regulated_by_YAP	NA
ENSG00000132849	3	shHIF2a_down	PATJ	10.91	1	61742406	PATJ crumbs cell polarity complex component [Source:HGNC Symbol;Acc:HGNC:28881]	no	YAP_regulated	NA
ENSG00000132912	3	shHIF2a_down	DCTN4	29.75	5	150731310	dynactin subunit 4 [Source:HGNC Symbol;Acc:HGNC:15518]	no	YAP_regulated	NA
ENSG00000132965	3	shHIF2a_down	ALOX5AP	44.7	13	30735508	arachidonate 5-lipoxygenase activating protein [Source:HGNC Symbol;Acc:HGNC:436]	no	Not_regulated_by_YAP	NA
ENSG00000133026	3	shHIF2a_down	MYH10	29.92	17	8630725	myosin heavy chain 10 [Source:HGNC Symbol;Acc:HGNC:7568]	no	YAP_regulated	NA
ENSG00000133027	3	shHIF2a_down	PEMT	23.95	17	17506323	phosphatidylethanolamine N-methyltransferase [Source:HGNC Symbol;Acc:HGNC:8830]	no	YAP_regulated	NA
ENSG00000133318	3	shHIF2a_down	RTN3	111.78	11	63681446	reticulon 3 [Source:HGNC Symbol;Acc:HGNC:10469]	no	YAP_regulated	NA
ENSG00000133816	3	shHIF2a_down	MICAL2	210.43	11	12094008	microtubule associated monooxygenase, calponin and LIM domain containing 2 [Source:HGNC Symbol;Acc:HGNC:24693]	no	YAP_regulated	NA
ENSG00000134046	3	shHIF2a_down	MBD2	36.11	18	54224617	methyl-CpG binding domain protein 2 [Source:HGNC Symbol;Acc:HGNC:6917]	Yes	YAP_regulated	MBD
ENSG00000134049	3	shHIF2a_down	IER3IP1	97.68	18	47176364	immediate early response 3 interacting protein 1 [Source:HGNC Symbol;Acc:HGNC:18550]	no	Not_regulated_by_YAP	NA
ENSG00000134072	3	shHIF2a_down	CAMK1	17.07	3	9769947	calcium/calmodulin dependent protein kinase I [Source:HGNC Symbol;Acc:HGNC:1459]	no	Not_regulated_by_YAP	NA
ENSG00000134108	3	shHIF2a_down	ARL8B	58.97	3	5122292	ADP ribosylation factor like GTPase 8B [Source:HGNC Symbol;Acc:HGNC:25564]	no	Not_regulated_by_YAP	NA
ENSG00000134215	3	shHIF2a_down	VAV3	0.33	1	107965180	vav guanine nucleotide exchange factor 3 [Source:HGNC Symbol;Acc:HGNC:12659]	no	Not_regulated_by_YAP	NA
ENSG00000134247	3	shHIF2a_down	PTGFRN	86.73	1	116909916	prostaglandin F2 receptor inhibitor [Source:HGNC Symbol;Acc:HGNC:9601]	no	Not_regulated_by_YAP	NA
ENSG00000134333	3	shHIF2a_down	LDHA	1701.8	11	18394563	lactate dehydrogenase A [Source:HGNC Symbol;Acc:HGNC:6535]	no	YAP_regulated	NA
ENSG00000134825	3	shHIF2a_down	TMEM258	169.97	11	61790603	transmembrane protein 258 [Source:HGNC Symbol;Acc:HGNC:1164]	no	Not_regulated_by_YAP	NA
ENSG00000135124	3	shHIF2a_down	P2RX4	6.81	12	121209857	purinergic receptor P2X 4 [Source:HGNC Symbol;Acc:HGNC:8535]	no	Not_regulated_by_YAP	NA
ENSG00000135250	3	shHIF2a_down	SRPK2	57.58	7	105117479	SRSF protein kinase 2 [Source:HGNC Symbol;Acc:HGNC:11306]	no	YAP_regulated	NA
ENSG00000135473	3	shHIF2a_down	PAN2	19.44	12	56333663	poly(A) specific ribonuclease subunit PAN2 [Source:HGNC Symbol;Acc:HGNC:20074]	no	YAP_regulated	NA
ENSG00000136295	3	shHIF2a_down	TTYH3	98.33	7	2631986	tweety family member 3 [Source:HGNC Symbol;Acc:HGNC:22222]	no	YAP_regulated	NA
ENSG00000136492	3	shHIF2a_down	BRIP1	14.68	17	61863528	BRCA1 interacting protein C-terminal helicase 1 [Source:HGNC Symbol;Acc:HGNC:20473]	no	YAP_regulated	NA
ENSG00000136603	3	shHIF2a_down	SKIL	16.13	3	170357678	SKI like proto-oncogene [Source:HGNC Symbol;Acc:HGNC:10897]	Yes	YAP_regulated	Unknown
ENSG00000136861	3	shHIF2a_down	CDK5RAP2	30.58	9	120580167	CDK5 regulatory subunit associated protein 2 [Source:HGNC Symbol;Acc:HGNC:18672]	no	Not_regulated_by_YAP	NA
ENSG00000136938	3	shHIF2a_down	ANP32B	329.73	9	97983341	acidic nuclear phosphoprotein 32 family member B [Source:HGNC Symbol;Acc:HGNC:16677]	no	YAP_regulated	NA
ENSG00000137103	3	shHIF2a_down	TMEM8B	7.8	9	35829232	transmembrane protein 8B [Source:HGNC Symbol;Acc:HGNC:21427]	no	YAP_regulated	NA
ENSG00000137274	3	shHIF2a_down	BPHL	7.07	6	3118692	biphenyl hydrolase like [Source:HGNC Symbol;Acc:HGNC:1094]	no	YAP_regulated	NA
ENSG00000137331	3	shHIF2a_down	IER3	205.64	6	30744548	immediate early response 3 [Source:HGNC Symbol;Acc:HGNC:5392]	no	Not_regulated_by_YAP	NA
ENSG00000137509	3	shHIF2a_down	PRCP	65.71	11	82845722	prolylcarboxypeptidase [Source:HGNC Symbol;Acc:HGNC:9344]	no	YAP_regulated	NA
ENSG00000137563	3	shHIF2a_down	GGH	186.43	8	63026233	gamma-glutamyl hydrolase [Source:HGNC Symbol;Acc:HGNC:4248]	no	Not_regulated_by_YAP	NA
ENSG00000137700	3	shHIF2a_down	SLC37A4	18.29	11	119030906	solute carrier family 37 member 4 [Source:HGNC Symbol;Acc:HGNC:4061]	no	YAP_regulated	NA
ENSG00000137764	3	shHIF2a_down	MAP2K5	6.57	15	67563300	mitogen-activated protein kinase kinase 5 [Source:HGNC Symbol;Acc:HGNC:6845]	no	Not_regulated_by_YAP	NA
ENSG00000137770	3	shHIF2a_down	CTDSPL2	18.08	15	44427629	CTD small phosphatase like 2 [Source:HGNC Symbol;Acc:HGNC:26936]	no	YAP_regulated	NA
ENSG00000137812	3	shHIF2a_down	KNL1	20.79	15	40594020	kinetochore scaffold 1 [Source:HGNC Symbol;Acc:HGNC:24054]	no	YAP_regulated	NA
ENSG00000138160	3	shHIF2a_down	KIF11	55.32	10	92593130	kinesin family member 11 [Source:HGNC Symbol;Acc:HGNC:6388]	no	YAP_regulated	NA
ENSG00000138182	3	shHIF2a_down	KIF20B	38.25	10	89701610	kinesin family member 20B [Source:HGNC Symbol;Acc:HGNC:7212]	no	YAP_regulated	NA
ENSG00000138760	3	shHIF2a_down	SCARB2	92.68	4	76213824	scavenger receptor class B member 2 [Source:HGNC Symbol;Acc:HGNC:1665]	no	YAP_regulated	NA
ENSG00000138764	3	shHIF2a_down	CCNG2	8.69	4	77157207	cyclin G2 [Source:HGNC Symbol;Acc:HGNC:1593]	no	YAP_regulated	NA
ENSG00000138767	3	shHIF2a_down	CNOT6L	6.89	4	77819368	CCR4-NOT transcription complex subunit 6 like [Source:HGNC Symbol;Acc:HGNC:18042]	no	YAP_regulated	NA
ENSG00000138796	3	shHIF2a_down	HADH	28.36	4	107989714	hydroxyacyl-CoA dehydrogenase [Source:HGNC Symbol;Acc:HGNC:4799]	no	Not_regulated_by_YAP	NA
ENSG00000139323	3	shHIF2a_down	POC1B	16.6	12	89429460	POC1 centriolar protein B [Source:HGNC Symbol;Acc:HGNC:30836]	no	Not_regulated_by_YAP	NA
ENSG00000139597	3	shHIF2a_down	N4BP2L1	0.86	13	32428178	NEDD4 binding protein 2 like 1 [Source:HGNC Symbol;Acc:HGNC:25037]	no	Not_regulated_by_YAP	NA
ENSG00000139641	3	shHIF2a_down	ESYT1	124.9	12	56118250	extended synaptotagmin 1 [Source:HGNC Symbol;Acc:HGNC:29534]	no	YAP_regulated	NA
ENSG00000139990	3	shHIF2a_down	DCAF5	8.26	14	69153119	DDB1 and CUL4 associated factor 5 [Source:HGNC Symbol;Acc:HGNC:20224]	no	Not_regulated_by_YAP	NA
ENSG00000140025	3	shHIF2a_down	EFCAB11	7.35	14	89954750	EF-hand calcium binding domain 11 [Source:HGNC Symbol;Acc:HGNC:20357]	no	YAP_regulated	NA
ENSG00000140575	3	shHIF2a_down	IQGAP1	150.43	15	90426152	IQ motif containing GTPase activating protein 1 [Source:HGNC Symbol;Acc:HGNC:6110]	no	YAP_regulated	NA
ENSG00000141027	3	shHIF2a_down	NCOR1	35.25	17	16215530	nuclear receptor corepressor 1 [Source:HGNC Symbol;Acc:HGNC:7672]	no	YAP_regulated	NA
ENSG00000141401	3	shHIF2a_down	IMPA2	14.31	18	11981025	inositol monophosphatase 2 [Source:HGNC Symbol;Acc:HGNC:6051]	no	YAP_regulated	NA
ENSG00000141858	3	shHIF2a_down	SAMD1	24.73	19	14090751	sterile alpha motif domain containing 1 [Source:HGNC Symbol;Acc:HGNC:17958]	no	YAP_regulated	NA
ENSG00000141959	3	shHIF2a_down	PFKL	72.63	21	44300053	phosphofructokinase, liver type [Source:HGNC Symbol;Acc:HGNC:8876]	no	YAP_regulated	NA
ENSG00000142599	3	shHIF2a_down	RERE	27.6	1	8703219	arginine-glutamic acid dipeptide repeats [Source:HGNC Symbol;Acc:HGNC:9965]	no	YAP_regulated	NA
ENSG00000142945	3	shHIF2a_down	KIF2C	92.75	1	44739818	kinesin family member 2C [Source:HGNC Symbol;Acc:HGNC:6393]	no	Not_regulated_by_YAP	NA
ENSG00000143013	3	shHIF2a_down	LMO4	50.54	1	87331668	LIM domain only 4 [Source:HGNC Symbol;Acc:HGNC:6644]	no	YAP_regulated	NA
ENSG00000143061	3	shHIF2a_down	IGSF3	31.36	1	116667733	immunoglobulin superfamily member 3 [Source:HGNC Symbol;Acc:HGNC:5950]	no	Not_regulated_by_YAP	NA
ENSG00000143158	3	shHIF2a_down	MPC2	79.34	1	167936040	mitochondrial pyruvate carrier 2 [Source:HGNC Symbol;Acc:HGNC:24515]	no	YAP_regulated	NA
ENSG00000143178	3	shHIF2a_down	TBX19	0.7	1	168308017	T-box transcription factor 19 [Source:HGNC Symbol;Acc:HGNC:11596]	Yes	Not_regulated_by_YAP	T-box
ENSG00000143198	3	shHIF2a_down	MGST3	59.61	1	165631234	microsomal glutathione S-transferase 3 [Source:HGNC Symbol;Acc:HGNC:7064]	no	YAP_regulated	NA
ENSG00000143224	3	shHIF2a_down	PPOX	8.1	1	161166056	protoporphyrinogen oxidase [Source:HGNC Symbol;Acc:HGNC:9280]	no	YAP_regulated	NA
ENSG00000143303	3	shHIF2a_down	RRNAD1	9.12	1	156728442	ribosomal RNA adenine dimethylase domain containing 1 [Source:HGNC Symbol;Acc:HGNC:24273]	no	Not_regulated_by_YAP	NA
ENSG00000143442	3	shHIF2a_down	POGZ	16.96	1	151425294	pogo transposable element derived with ZNF domain [Source:HGNC Symbol;Acc:HGNC:18801]	no	YAP_regulated	NA
ENSG00000143476	3	shHIF2a_down	DTL	40.99	1	212072074	denticleless E3 ubiquitin protein ligase homolog [Source:HGNC Symbol;Acc:HGNC:30288]	no	YAP_regulated	NA
ENSG00000143537	3	shHIF2a_down	ADAM15	84.18	1	155050566	ADAM metallopeptidase domain 15 [Source:HGNC Symbol;Acc:HGNC:193]	no	YAP_regulated	NA
ENSG00000143578	3	shHIF2a_down	CREB3L4	4.64	1	153968264	cAMP responsive element binding protein 3 like 4 [Source:HGNC Symbol;Acc:HGNC:18854]	Yes	YAP_regulated	bZIP
ENSG00000143614	3	shHIF2a_down	GATAD2B	4.2	1	153922828	GATA zinc finger domain containing 2B [Source:HGNC Symbol;Acc:HGNC:30778]	Yes	YAP_regulated	GATA
ENSG00000143870	3	shHIF2a_down	PDIA6	458.92	2	10812785	protein disulfide isomerase family A member 6 [Source:HGNC Symbol;Acc:HGNC:30168]	no	YAP_regulated	NA
ENSG00000143952	3	shHIF2a_down	VPS54	18.39	2	64019072	VPS54 subunit of GARP complex [Source:HGNC Symbol;Acc:HGNC:18652]	no	Not_regulated_by_YAP	NA
ENSG00000144228	3	shHIF2a_down	SPOPL	12.95	2	138501770	speckle type BTB/POZ protein like [Source:HGNC Symbol;Acc:HGNC:27934]	no	YAP_regulated	NA
ENSG00000144445	3	shHIF2a_down	KANSL1L	8.26	2	210153603	KAT8 regulatory NSL complex subunit 1 like [Source:HGNC Symbol;Acc:HGNC:26310]	no	YAP_regulated	NA
ENSG00000144554	3	shHIF2a_down	FANCD2	40.3	3	10093288	FA complementation group D2 [Source:HGNC Symbol;Acc:HGNC:3585]	no	Not_regulated_by_YAP	NA
ENSG00000144579	3	shHIF2a_down	CTDSP1	33.87	2	218398256	CTD small phosphatase 1 [Source:HGNC Symbol;Acc:HGNC:21614]	no	YAP_regulated	NA
ENSG00000145287	3	shHIF2a_down	PLAC8	46.39	4	83114802	placenta associated 8 [Source:HGNC Symbol;Acc:HGNC:19254]	no	Not_regulated_by_YAP	NA
ENSG00000145687	3	shHIF2a_down	SSBP2	5.08	5	81751028	single stranded DNA binding protein 2 [Source:HGNC Symbol;Acc:HGNC:15831]	no	YAP_regulated	NA
ENSG00000145715	3	shHIF2a_down	RASA1	36.1	5	87267883	RAS p21 protein activator 1 [Source:HGNC Symbol;Acc:HGNC:9871]	no	Not_regulated_by_YAP	NA
ENSG00000145730	3	shHIF2a_down	PAM	155.7	5	102753981	peptidylglycine alpha-amidating monooxygenase [Source:HGNC Symbol;Acc:HGNC:8596]	no	Not_regulated_by_YAP	NA
ENSG00000145779	3	shHIF2a_down	TNFAIP8	48.76	5	119268692	TNF alpha induced protein 8 [Source:HGNC Symbol;Acc:HGNC:17260]	no	YAP_regulated	NA
ENSG00000146247	3	shHIF2a_down	PHIP	11.25	6	79078254	pleckstrin homology domain interacting protein [Source:HGNC Symbol;Acc:HGNC:15673]	no	YAP_regulated	NA
ENSG00000146263	3	shHIF2a_down	MMS22L	15.61	6	97281304	MMS22 like, DNA repair protein [Source:HGNC Symbol;Acc:HGNC:21475]	no	Not_regulated_by_YAP	NA
ENSG00000146278	3	shHIF2a_down	PNRC1	9.27	6	89080751	proline rich nuclear receptor coactivator 1 [Source:HGNC Symbol;Acc:HGNC:17278]	no	YAP_regulated	NA
ENSG00000146373	3	shHIF2a_down	RNF217	3.38	6	124962545	ring finger protein 217 [Source:HGNC Symbol;Acc:HGNC:21487]	no	Not_regulated_by_YAP	NA
ENSG00000146410	3	shHIF2a_down	MTFR2	26.49	6	136250324	mitochondrial fission regulator 2 [Source:HGNC Symbol;Acc:HGNC:21115]	no	Not_regulated_by_YAP	NA
ENSG00000146648	3	shHIF2a_down	EGFR	40.69	7	55019021	epidermal growth factor receptor [Source:HGNC Symbol;Acc:HGNC:3236]	no	YAP_regulated	NA
ENSG00000146918	3	shHIF2a_down	NCAPG2	109.79	7	158703704	non-SMC condensin II complex subunit G2 [Source:HGNC Symbol;Acc:HGNC:21904]	no	YAP_regulated	NA
ENSG00000147202	3	shHIF2a_down	DIAPH2	8.74	X	96684712	diaphanous related formin 2 [Source:HGNC Symbol;Acc:HGNC:2877]	no	Not_regulated_by_YAP	NA
ENSG00000147274	3	shHIF2a_down	RBMX	233.36	X	136873425	RNA binding motif protein X-linked [Source:HGNC Symbol;Acc:HGNC:9910]	no	Not_regulated_by_YAP	NA
ENSG00000147364	3	shHIF2a_down	FBXO25	7.94	8	406428	F-box protein 25 [Source:HGNC Symbol;Acc:HGNC:13596]	no	Not_regulated_by_YAP	NA
ENSG00000147421	3	shHIF2a_down	HMBOX1	2.9	8	28890395	homeobox containing 1 [Source:HGNC Symbol;Acc:HGNC:26137]	Yes	YAP_regulated	Homeodomain
ENSG00000147874	3	shHIF2a_down	HAUS6	32.32	9	19102904	HAUS augmin like complex subunit 6 [Source:HGNC Symbol;Acc:HGNC:25948]	no	Not_regulated_by_YAP	NA
ENSG00000148158	3	shHIF2a_down	SNX30	5.19	9	112750760	sorting nexin family member 30 [Source:HGNC Symbol;Acc:HGNC:23685]	no	YAP_regulated	NA
ENSG00000148219	3	shHIF2a_down	ASTN2	0.95	9	116687234	astrotactin 2 [Source:HGNC Symbol;Acc:HGNC:17021]	no	Not_regulated_by_YAP	NA
ENSG00000148400	3	shHIF2a_down	NOTCH1	11.5	9	136513551	notch receptor 1 [Source:HGNC Symbol;Acc:HGNC:7881]	no	Not_regulated_by_YAP	NA
ENSG00000148672	3	shHIF2a_down	GLUD1	138.44	10	87094843	glutamate dehydrogenase 1 [Source:HGNC Symbol;Acc:HGNC:4335]	no	YAP_regulated	NA
ENSG00000148690	3	shHIF2a_down	FRA10AC1	15.36	10	93702592	FRA10A associated CGG repeat 1 [Source:HGNC Symbol;Acc:HGNC:1162]	no	Not_regulated_by_YAP	NA
ENSG00000148773	3	shHIF2a_down	MKI67	101.66	10	128126204	marker of proliferation Ki-67 [Source:HGNC Symbol;Acc:HGNC:7107]	no	Not_regulated_by_YAP	NA
ENSG00000149136	3	shHIF2a_down	SSRP1	158.74	11	57335851	structure specific recognition protein 1 [Source:HGNC Symbol;Acc:HGNC:11327]	no	YAP_regulated	NA
ENSG00000149256	3	shHIF2a_down	TENM4	3.19	11	79441030	teneurin transmembrane protein 4 [Source:HGNC Symbol;Acc:HGNC:29945]	no	Not_regulated_by_YAP	NA
ENSG00000149311	3	shHIF2a_down	ATM	15.26	11	108332777	ATM serine/threonine kinase [Source:HGNC Symbol;Acc:HGNC:795]	no	YAP_regulated	NA
ENSG00000149679	3	shHIF2a_down	CABLES2	4.62	20	62407285	Cdk5 and Abl enzyme substrate 2 [Source:HGNC Symbol;Acc:HGNC:16143]	no	Not_regulated_by_YAP	NA
ENSG00000151466	3	shHIF2a_down	SCLT1	17.5	4	128936704	sodium channel and clathrin linker 1 [Source:HGNC Symbol;Acc:HGNC:26406]	no	Not_regulated_by_YAP	NA
ENSG00000151474	3	shHIF2a_down	FRMD4A	20.21	10	14330924	FERM domain containing 4A [Source:HGNC Symbol;Acc:HGNC:25491]	no	YAP_regulated	NA
ENSG00000151665	3	shHIF2a_down	PIGF	25.25	2	46612274	phosphatidylinositol glycan anchor biosynthesis class F [Source:HGNC Symbol;Acc:HGNC:8962]	no	YAP_regulated	NA
ENSG00000151725	3	shHIF2a_down	CENPU	84.53	4	184734130	centromere protein U [Source:HGNC Symbol;Acc:HGNC:21348]	no	YAP_regulated	NA
ENSG00000151746	3	shHIF2a_down	BICD1	22.1	12	32106835	BICD cargo adaptor 1 [Source:HGNC Symbol;Acc:HGNC:1049]	no	YAP_regulated	NA
ENSG00000152332	3	shHIF2a_down	UHMK1	43.07	1	162497818	U2AF homology motif kinase 1 [Source:HGNC Symbol;Acc:HGNC:19683]	no	Not_regulated_by_YAP	NA
ENSG00000152492	3	shHIF2a_down	CCDC50	36.17	3	191329085	coiled-coil domain containing 50 [Source:HGNC Symbol;Acc:HGNC:18111]	no	Not_regulated_by_YAP	NA
ENSG00000152952	3	shHIF2a_down	PLOD2	245.87	3	146085889	procollagen-lysine,2-oxoglutarate 5-dioxygenase 2 [Source:HGNC Symbol;Acc:HGNC:9082]	no	YAP_regulated	NA
ENSG00000153044	3	shHIF2a_down	CENPH	33.55	5	69189583	centromere protein H [Source:HGNC Symbol;Acc:HGNC:17268]	no	Not_regulated_by_YAP	NA
ENSG00000153048	3	shHIF2a_down	CARHSP1	81.88	16	8868343	calcium regulated heat stable protein 1 [Source:HGNC Symbol;Acc:HGNC:17150]	no	YAP_regulated	NA
ENSG00000153094	3	shHIF2a_down	BCL2L11	10.04	2	111120914	BCL2 like 11 [Source:HGNC Symbol;Acc:HGNC:994]	no	YAP_regulated	NA
ENSG00000154027	3	shHIF2a_down	AK5	9.37	1	77282019	adenylate kinase 5 [Source:HGNC Symbol;Acc:HGNC:365]	no	Not_regulated_by_YAP	NA
ENSG00000154102	3	shHIF2a_down	C16orf74	12.07	16	85751010	chromosome 16 open reading frame 74 [Source:HGNC Symbol;Acc:HGNC:23362]	no	YAP_regulated	NA
ENSG00000154839	3	shHIF2a_down	SKA1	34.04	18	50375046	spindle and kinetochore associated complex subunit 1 [Source:HGNC Symbol;Acc:HGNC:28109]	no	Not_regulated_by_YAP	NA
ENSG00000154978	3	shHIF2a_down	VOPP1	102.28	7	55572413	VOPP1 WW domain binding protein [Source:HGNC Symbol;Acc:HGNC:34518]	no	YAP_regulated	NA
ENSG00000155111	3	shHIF2a_down	CDK19	9.89	6	110815469	cyclin dependent kinase 19 [Source:HGNC Symbol;Acc:HGNC:19338]	no	YAP_regulated	NA
ENSG00000155508	3	shHIF2a_down	CNOT8	34.25	5	154859667	CCR4-NOT transcription complex subunit 8 [Source:HGNC Symbol;Acc:HGNC:9207]	no	YAP_regulated	NA
ENSG00000156030	3	shHIF2a_down	MIDEAS	16.26	14	73787258	mitotic deacetylase associated SANT domain protein [Source:HGNC Symbol;Acc:HGNC:19853]	no	Not_regulated_by_YAP	NA
ENSG00000156535	3	shHIF2a_down	CD109	24.22	6	73722941	CD109 molecule [Source:HGNC Symbol;Acc:HGNC:21685]	no	YAP_regulated	NA
ENSG00000156802	3	shHIF2a_down	ATAD2	69.73	8	123396434	ATPase family AAA domain containing 2 [Source:HGNC Symbol;Acc:HGNC:30123]	no	YAP_regulated	NA
ENSG00000157045	3	shHIF2a_down	NTAN1	55.97	16	15055917	N-terminal asparagine amidase [Source:HGNC Symbol;Acc:HGNC:29909]	no	YAP_regulated	NA
ENSG00000157500	3	shHIF2a_down	APPL1	29.49	3	57227726	adaptor protein, phosphotyrosine interacting with PH domain and leucine zipper 1 [Source:HGNC Symbol;Acc:HGNC:24035]	no	YAP_regulated	NA
ENSG00000157510	3	shHIF2a_down	AFAP1L1	4.76	5	149271871	actin filament associated protein 1 like 1 [Source:HGNC Symbol;Acc:HGNC:26714]	no	Not_regulated_by_YAP	NA
ENSG00000157557	3	shHIF2a_down	ETS2	30.7	21	38805183	ETS proto-oncogene 2, transcription factor [Source:HGNC Symbol;Acc:HGNC:3489]	Yes	YAP_regulated	Ets
ENSG00000157837	3	shHIF2a_down	SPPL3	16.38	12	120904358	signal peptide peptidase like 3 [Source:HGNC Symbol;Acc:HGNC:30424]	no	Not_regulated_by_YAP	NA
ENSG00000158402	3	shHIF2a_down	CDC25C	20.55	5	138331804	cell division cycle 25C [Source:HGNC Symbol;Acc:HGNC:1727]	no	YAP_regulated	NA
ENSG00000158457	3	shHIF2a_down	TSPAN33	43.03	7	129144707	tetraspanin 33 [Source:HGNC Symbol;Acc:HGNC:28743]	no	Not_regulated_by_YAP	NA
ENSG00000159259	3	shHIF2a_down	CHAF1B	20.45	21	36385392	chromatin assembly factor 1 subunit B [Source:HGNC Symbol;Acc:HGNC:1911]	no	YAP_regulated	NA
ENSG00000159335	3	shHIF2a_down	PTMS	306.48	12	6765516	parathymosin [Source:HGNC Symbol;Acc:HGNC:9629]	no	YAP_regulated	NA
ENSG00000159399	3	shHIF2a_down	HK2	12.18	2	74834127	hexokinase 2 [Source:HGNC Symbol;Acc:HGNC:4923]	no	YAP_regulated	NA
ENSG00000159842	3	shHIF2a_down	ABR	76.08	17	1050115	ABR activator of RhoGEF and GTPase [Source:HGNC Symbol;Acc:HGNC:81]	no	YAP_regulated	NA
ENSG00000160551	3	shHIF2a_down	TAOK1	10.59	17	29390464	TAO kinase 1 [Source:HGNC Symbol;Acc:HGNC:29259]	no	YAP_regulated	NA
ENSG00000160957	3	shHIF2a_down	RECQL4	36.87	8	144517572	RecQ like helicase 4 [Source:HGNC Symbol;Acc:HGNC:9949]	no	Not_regulated_by_YAP	NA
ENSG00000162607	3	shHIF2a_down	USP1	67.24	1	62437049	ubiquitin specific peptidase 1 [Source:HGNC Symbol;Acc:HGNC:12607]	no	YAP_regulated	NA
ENSG00000162729	3	shHIF2a_down	IGSF8	20.99	1	160098619	immunoglobulin superfamily member 8 [Source:HGNC Symbol;Acc:HGNC:17813]	no	YAP_regulated	NA
ENSG00000163320	3	shHIF2a_down	CGGBP1	35.94	3	88058945	CGG triplet repeat binding protein 1 [Source:HGNC Symbol;Acc:HGNC:1888]	Yes	YAP_regulated	Unknown
ENSG00000163655	3	shHIF2a_down	GMPS	100.18	3	155870650	guanine monophosphate synthase [Source:HGNC Symbol;Acc:HGNC:4378]	no	YAP_regulated	NA
ENSG00000163697	3	shHIF2a_down	APBB2	27.87	4	40890425	amyloid beta precursor protein binding family B member 2 [Source:HGNC Symbol;Acc:HGNC:582]	no	YAP_regulated	NA
ENSG00000163734	3	shHIF2a_down	CXCL3	2.92	4	74038689	C-X-C motif chemokine ligand 3 [Source:HGNC Symbol;Acc:HGNC:4604]	no	Not_regulated_by_YAP	NA
ENSG00000163808	3	shHIF2a_down	KIF15	17.99	3	44799213	kinesin family member 15 [Source:HGNC Symbol;Acc:HGNC:17273]	no	Not_regulated_by_YAP	NA
ENSG00000163814	3	shHIF2a_down	CDCP1	55.68	3	45146378	CUB domain containing protein 1 [Source:HGNC Symbol;Acc:HGNC:24357]	no	Not_regulated_by_YAP	NA
ENSG00000163931	3	shHIF2a_down	TKT	369.55	3	53256000	transketolase [Source:HGNC Symbol;Acc:HGNC:11834]	no	YAP_regulated	NA
ENSG00000164081	3	shHIF2a_down	TEX264	35.39	3	51662693	testis expressed 264, ER-phagy receptor [Source:HGNC Symbol;Acc:HGNC:30247]	no	YAP_regulated	NA
ENSG00000164104	3	shHIF2a_down	HMGB2	421.72	4	173334249	high mobility group box 2 [Source:HGNC Symbol;Acc:HGNC:5000]	no	YAP_regulated	NA
ENSG00000164105	3	shHIF2a_down	SAP30	22.02	4	173369969	Sin3A associated protein 30 [Source:HGNC Symbol;Acc:HGNC:10532]	no	Not_regulated_by_YAP	NA
ENSG00000164251	3	shHIF2a_down	F2RL1	9.51	5	76818933	F2R like trypsin receptor 1 [Source:HGNC Symbol;Acc:HGNC:3538]	no	Not_regulated_by_YAP	NA
ENSG00000164308	3	shHIF2a_down	ERAP2	55.79	5	96876500	endoplasmic reticulum aminopeptidase 2 [Source:HGNC Symbol;Acc:HGNC:29499]	no	Not_regulated_by_YAP	NA
ENSG00000164323	3	shHIF2a_down	CFAP97	7.79	4	185204000	cilia and flagella associated protein 97 [Source:HGNC Symbol;Acc:HGNC:29276]	no	Not_regulated_by_YAP	NA
ENSG00000164442	3	shHIF2a_down	CITED2	67.98	6	139374213	Cbp/p300 interacting transactivator with Glu/Asp rich carboxy-terminal domain 2 [Source:HGNC Symbol;Acc:HGNC:1987]	no	YAP_regulated	NA
ENSG00000164611	3	shHIF2a_down	PTTG1	329.05	5	160421858	PTTG1 regulator of sister chromatid separation, securin [Source:HGNC Symbol;Acc:HGNC:9690]	no	Not_regulated_by_YAP	NA
ENSG00000164649	3	shHIF2a_down	CDCA7L	44.21	7	21945878	cell division cycle associated 7 like [Source:HGNC Symbol;Acc:HGNC:30777]	no	YAP_regulated	NA
ENSG00000164754	3	shHIF2a_down	RAD21	223.46	8	116874328	RAD21 cohesin complex component [Source:HGNC Symbol;Acc:HGNC:9811]	no	YAP_regulated	NA
ENSG00000164828	3	shHIF2a_down	SUN1	86.25	7	816643	Sad1 and UNC84 domain containing 1 [Source:HGNC Symbol;Acc:HGNC:18587]	no	YAP_regulated	NA
ENSG00000164930	3	shHIF2a_down	FZD6	100.09	8	103298876	frizzled class receptor 6 [Source:HGNC Symbol;Acc:HGNC:4044]	no	YAP_regulated	NA
ENSG00000164976	3	shHIF2a_down	MYORG	3.43	9	34372832	myogenesis regulating glycosidase (putative) [Source:HGNC Symbol;Acc:HGNC:19918]	no	YAP_regulated	NA
ENSG00000164985	3	shHIF2a_down	PSIP1	84.82	9	15510995	PC4 and SFRS1 interacting protein 1 [Source:HGNC Symbol;Acc:HGNC:9527]	no	Not_regulated_by_YAP	NA
ENSG00000165275	3	shHIF2a_down	TRMT10B	5.35	9	37753817	tRNA methyltransferase 10B [Source:HGNC Symbol;Acc:HGNC:26454]	no	Not_regulated_by_YAP	NA
ENSG00000165304	3	shHIF2a_down	MELK	82.25	9	36572895	maternal embryonic leucine zipper kinase [Source:HGNC Symbol;Acc:HGNC:16870]	no	Not_regulated_by_YAP	NA
ENSG00000165476	3	shHIF2a_down	REEP3	29.67	10	63521401	receptor accessory protein 3 [Source:HGNC Symbol;Acc:HGNC:23711]	no	YAP_regulated	NA
ENSG00000165494	3	shHIF2a_down	PCF11	11.44	11	83157159	PCF11 cleavage and polyadenylation factor subunit [Source:HGNC Symbol;Acc:HGNC:30097]	no	YAP_regulated	NA
ENSG00000165644	3	shHIF2a_down	COMTD1	15.61	10	75235957	catechol-O-methyltransferase domain containing 1 [Source:HGNC Symbol;Acc:HGNC:26309]	no	YAP_regulated	NA
ENSG00000165757	3	shHIF2a_down	JCAD	36.64	10	30059586	junctional cadherin 5 associated [Source:HGNC Symbol;Acc:HGNC:29283]	no	Not_regulated_by_YAP	NA
ENSG00000165948	3	shHIF2a_down	IFI27L1	11.27	14	94081310	interferon alpha inducible protein 27 like 1 [Source:HGNC Symbol;Acc:HGNC:19754]	no	Not_regulated_by_YAP	NA
ENSG00000166398	3	shHIF2a_down	KIAA0355	2.26	19	34254554	KIAA0355 [Source:HGNC Symbol;Acc:HGNC:29016]	no	YAP_regulated	NA
ENSG00000166483	3	shHIF2a_down	WEE1	31.39	11	9581544	WEE1 G2 checkpoint kinase [Source:HGNC Symbol;Acc:HGNC:12761]	no	YAP_regulated	NA
ENSG00000166503	3	shHIF2a_down	HDGFL3	59.59	15	83157989	HDGF like 3 [Source:HGNC Symbol;Acc:HGNC:24937]	no	Not_regulated_by_YAP	NA
ENSG00000166508	3	shHIF2a_down	MCM7	281.95	7	100099737	minichromosome maintenance complex component 7 [Source:HGNC Symbol;Acc:HGNC:6950]	no	YAP_regulated	NA
ENSG00000166598	3	shHIF2a_down	HSP90B1	738.09	12	103941834	heat shock protein 90 beta family member 1 [Source:HGNC Symbol;Acc:HGNC:12028]	no	YAP_regulated	NA
ENSG00000166801	3	shHIF2a_down	FAM111A	22.51	11	59142748	family with sequence similarity 111 member A [Source:HGNC Symbol;Acc:HGNC:24725]	no	Not_regulated_by_YAP	NA
ENSG00000167074	3	shHIF2a_down	TEF	4.95	22	41382935	TEF transcription factor, PAR bZIP family member [Source:HGNC Symbol;Acc:HGNC:11722]	Yes	YAP_regulated	bZIP
ENSG00000167522	3	shHIF2a_down	ANKRD11	45.31	16	89490561	ankyrin repeat domain 11 [Source:HGNC Symbol;Acc:HGNC:21316]	no	YAP_regulated	NA
ENSG00000167536	3	shHIF2a_down	DHRS13	1.98	17	28903079	dehydrogenase/reductase 13 [Source:HGNC Symbol;Acc:HGNC:28326]	no	Not_regulated_by_YAP	NA
ENSG00000167767	3	shHIF2a_down	KRT80	60.18	12	52192014	keratin 80 [Source:HGNC Symbol;Acc:HGNC:27056]	no	YAP_regulated	NA
ENSG00000167900	3	shHIF2a_down	TK1	193.19	17	78187052	thymidine kinase 1 [Source:HGNC Symbol;Acc:HGNC:11830]	no	YAP_regulated	NA
ENSG00000168298	3	shHIF2a_down	H1-4	0.54	6	26156329	H1.4 linker histone, cluster member [Source:HGNC Symbol;Acc:HGNC:4718]	no	Not_regulated_by_YAP	NA
ENSG00000168904	3	shHIF2a_down	LRRC28	6.15	15	99251505	leucine rich repeat containing 28 [Source:HGNC Symbol;Acc:HGNC:28355]	no	YAP_regulated	NA
ENSG00000169398	3	shHIF2a_down	PTK2	137.23	8	141001233	protein tyrosine kinase 2 [Source:HGNC Symbol;Acc:HGNC:9611]	no	YAP_regulated	NA
ENSG00000169432	3	shHIF2a_down	SCN9A	2.83	2	166375944	sodium voltage-gated channel alpha subunit 9 [Source:HGNC Symbol;Acc:HGNC:10597]	no	YAP_regulated	NA
ENSG00000169504	3	shHIF2a_down	CLIC4	315.72	1	24745447	chloride intracellular channel 4 [Source:HGNC Symbol;Acc:HGNC:13518]	no	YAP_regulated	NA
ENSG00000169926	3	shHIF2a_down	KLF13	16.6	15	31376524	Kruppel like factor 13 [Source:HGNC Symbol;Acc:HGNC:13672]	Yes	YAP_regulated	C2H2 ZF
ENSG00000170037	3	shHIF2a_down	CNTROB	33.65	17	7932101	centrobin, centriole duplication and spindle assembly protein [Source:HGNC Symbol;Acc:HGNC:29616]	no	YAP_regulated	NA
ENSG00000170234	3	shHIF2a_down	PWWP2A	9.85	5	160093180	PWWP domain containing 2A [Source:HGNC Symbol;Acc:HGNC:29406]	no	YAP_regulated	NA
ENSG00000170264	3	shHIF2a_down	FAM161A	4.1	2	61854092	FAM161 centrosomal protein A [Source:HGNC Symbol;Acc:HGNC:25808]	no	YAP_regulated	NA
ENSG00000170270	3	shHIF2a_down	GON7	12.06	14	93207065	GON7 subunit of KEOPS complex [Source:HGNC Symbol;Acc:HGNC:20356]	no	Not_regulated_by_YAP	NA
ENSG00000170312	3	shHIF2a_down	CDK1	183.5	10	60778331	cyclin dependent kinase 1 [Source:HGNC Symbol;Acc:HGNC:1722]	no	YAP_regulated	NA
ENSG00000170852	3	shHIF2a_down	KBTBD2	32.41	7	32891760	kelch repeat and BTB domain containing 2 [Source:HGNC Symbol;Acc:HGNC:21751]	no	YAP_regulated	NA
ENSG00000170873	3	shHIF2a_down	MTSS1	40.85	8	124568821	MTSS I-BAR domain containing 1 [Source:HGNC Symbol;Acc:HGNC:20443]	no	Not_regulated_by_YAP	NA
ENSG00000170921	3	shHIF2a_down	TANC2	13.91	17	63193994	tetratricopeptide repeat, ankyrin repeat and coiled-coil containing 2 [Source:HGNC Symbol;Acc:HGNC:30212]	no	Not_regulated_by_YAP	NA
ENSG00000171148	3	shHIF2a_down	TADA3	49.62	3	9792736	transcriptional adaptor 3 [Source:HGNC Symbol;Acc:HGNC:19422]	no	YAP_regulated	NA
ENSG00000171867	3	shHIF2a_down	PRNP	121.23	20	4686543	prion protein [Source:HGNC Symbol;Acc:HGNC:9449]	no	Not_regulated_by_YAP	NA
ENSG00000171877	3	shHIF2a_down	FRMD5	4.66	15	44195271	FERM domain containing 5 [Source:HGNC Symbol;Acc:HGNC:28214]	no	YAP_regulated	NA
ENSG00000172081	3	shHIF2a_down	MOB3A	17.27	19	2096326	MOB kinase activator 3A [Source:HGNC Symbol;Acc:HGNC:29802]	no	YAP_regulated	NA
ENSG00000172432	3	shHIF2a_down	GTPBP2	46.33	6	43622804	GTP binding protein 2 [Source:HGNC Symbol;Acc:HGNC:4670]	no	YAP_regulated	NA
ENSG00000173511	3	shHIF2a_down	VEGFB	19.25	11	64234538	vascular endothelial growth factor B [Source:HGNC Symbol;Acc:HGNC:12681]	no	Not_regulated_by_YAP	NA
ENSG00000173575	3	shHIF2a_down	CHD2	11.68	15	92900342	chromodomain helicase DNA binding protein 2 [Source:HGNC Symbol;Acc:HGNC:1917]	no	YAP_regulated	NA
ENSG00000173588	3	shHIF2a_down	CEP83	17.09	12	94331798	centrosomal protein 83 [Source:HGNC Symbol;Acc:HGNC:17966]	no	Not_regulated_by_YAP	NA
ENSG00000173611	3	shHIF2a_down	SCAI	1.77	9	125143496	suppressor of cancer cell invasion [Source:HGNC Symbol;Acc:HGNC:26709]	no	Not_regulated_by_YAP	NA
ENSG00000173681	3	shHIF2a_down	BCLAF3	3.95	X	19970298	BCLAF1 and THRAP3 family member 3 [Source:HGNC Symbol;Acc:HGNC:27413]	no	Not_regulated_by_YAP	NA
ENSG00000173890	3	shHIF2a_down	GPR160	9.66	3	170079772	G protein-coupled receptor 160 [Source:HGNC Symbol;Acc:HGNC:23693]	no	YAP_regulated	NA
ENSG00000174099	3	shHIF2a_down	MSRB3	43.94	12	65278643	methionine sulfoxide reductase B3 [Source:HGNC Symbol;Acc:HGNC:27375]	no	Not_regulated_by_YAP	NA
ENSG00000174371	3	shHIF2a_down	EXO1	31.13	1	241848950	exonuclease 1 [Source:HGNC Symbol;Acc:HGNC:3511]	no	Not_regulated_by_YAP	NA
ENSG00000174547	3	shHIF2a_down	MRPL11	56.75	11	66438848	mitochondrial ribosomal protein L11 [Source:HGNC Symbol;Acc:HGNC:14042]	no	YAP_regulated	NA
ENSG00000174749	3	shHIF2a_down	FAM241A	1.89	4	112145454	family with sequence similarity 241 member A [Source:HGNC Symbol;Acc:HGNC:26813]	no	Not_regulated_by_YAP	NA
ENSG00000174891	3	shHIF2a_down	RSRC1	43.27	3	158105855	arginine and serine rich coiled-coil 1 [Source:HGNC Symbol;Acc:HGNC:24152]	no	YAP_regulated	NA
ENSG00000175548	3	shHIF2a_down	ALG10B	6.35	12	38316839	ALG10 alpha-1,2-glucosyltransferase B [Source:HGNC Symbol;Acc:HGNC:31088]	no	Not_regulated_by_YAP	NA
ENSG00000175581	3	shHIF2a_down	MRPL48	55.42	11	73787895	mitochondrial ribosomal protein L48 [Source:HGNC Symbol;Acc:HGNC:16653]	no	YAP_regulated	NA
ENSG00000175643	3	shHIF2a_down	RMI2	14	16	11249619	RecQ mediated genome instability 2 [Source:HGNC Symbol;Acc:HGNC:28349]	no	YAP_regulated	NA
ENSG00000175826	3	shHIF2a_down	CTDNEP1	111.62	17	7251330	CTD nuclear envelope phosphatase 1 [Source:HGNC Symbol;Acc:HGNC:19085]	no	YAP_regulated	NA
ENSG00000176209	3	shHIF2a_down	SMIM19	12.08	8	42541613	small integral membrane protein 19 [Source:HGNC Symbol;Acc:HGNC:25166]	no	YAP_regulated	NA
ENSG00000176383	3	shHIF2a_down	B3GNT4	9.55	12	122203709	UDP-GlcNAc:betaGal beta-1,3-N-acetylglucosaminyltransferase 4 [Source:HGNC Symbol;Acc:HGNC:15683]	no	YAP_regulated	NA
ENSG00000177084	3	shHIF2a_down	POLE	43.1	12	132660913	DNA polymerase epsilon, catalytic subunit [Source:HGNC Symbol;Acc:HGNC:9177]	no	YAP_regulated	NA
ENSG00000177103	3	shHIF2a_down	DSCAML1	4.64	11	117797091	DS cell adhesion molecule like 1 [Source:HGNC Symbol;Acc:HGNC:14656]	no	YAP_regulated	NA
ENSG00000177156	3	shHIF2a_down	TALDO1	286.68	11	747464	transaldolase 1 [Source:HGNC Symbol;Acc:HGNC:11559]	no	Not_regulated_by_YAP	NA
ENSG00000177311	3	shHIF2a_down	ZBTB38	57.88	3	141324213	zinc finger and BTB domain containing 38 [Source:HGNC Symbol;Acc:HGNC:26636]	Yes	YAP_regulated	C2H2 ZF
ENSG00000177606	3	shHIF2a_down	JUN	50.04	1	58784047	Jun proto-oncogene, AP-1 transcription factor subunit [Source:HGNC Symbol;Acc:HGNC:6204]	Yes	YAP_regulated	bZIP
ENSG00000177640	3	shHIF2a_down	CASC2	1.58	10	118046279	cancer susceptibility 2 [Source:HGNC Symbol;Acc:HGNC:22933]	no	Not_regulated_by_YAP	NA
ENSG00000177943	3	shHIF2a_down	MAMDC4	4.98	9	136850943	MAM domain containing 4 [Source:HGNC Symbol;Acc:HGNC:24083]	no	Not_regulated_by_YAP	NA
ENSG00000177990	3	shHIF2a_down	DPY19L2	4.59	12	63668493	dpy-19 like 2 [Source:HGNC Symbol;Acc:HGNC:19414]	no	Not_regulated_by_YAP	NA
ENSG00000178053	3	shHIF2a_down	MLF1	35.19	3	158571163	myeloid leukemia factor 1 [Source:HGNC Symbol;Acc:HGNC:7125]	no	YAP_regulated	NA
ENSG00000178585	3	shHIF2a_down	CTNNBIP1	15.59	1	9910336	catenin beta interacting protein 1 [Source:HGNC Symbol;Acc:HGNC:16913]	no	YAP_regulated	NA
ENSG00000178752	3	shHIF2a_down	ERFE	17.63	2	238164333	erythroferrone [Source:HGNC Symbol;Acc:HGNC:26727]	no	Not_regulated_by_YAP	NA
ENSG00000178988	3	shHIF2a_down	MRFAP1L1	39.62	4	6709827	Morf4 family associated protein 1 like 1 [Source:HGNC Symbol;Acc:HGNC:28796]	no	Not_regulated_by_YAP	NA
ENSG00000178999	3	shHIF2a_down	AURKB	141.73	17	8206698	aurora kinase B [Source:HGNC Symbol;Acc:HGNC:11390]	no	Not_regulated_by_YAP	NA
ENSG00000179454	3	shHIF2a_down	KLHL28	2.17	14	44961947	kelch like family member 28 [Source:HGNC Symbol;Acc:HGNC:19741]	no	YAP_regulated	NA
ENSG00000179523	3	shHIF2a_down	EIF3J-DT	5.64	15	44536640	EIF3J divergent transcript [Source:HGNC Symbol;Acc:HGNC:48616]	no	YAP_regulated	NA
ENSG00000179981	3	shHIF2a_down	TSHZ1	3.8	18	75282864	teashirt zinc finger homeobox 1 [Source:HGNC Symbol;Acc:HGNC:10669]	Yes	Not_regulated_by_YAP	C2H2 ZF
ENSG00000182095	3	shHIF2a_down	TNRC18	36.53	7	5362027	trinucleotide repeat containing 18 [Source:HGNC Symbol;Acc:HGNC:11962]	no	YAP_regulated	NA
ENSG00000182379	3	shHIF2a_down	NXPH4	2.47	12	57216794	neurexophilin 4 [Source:HGNC Symbol;Acc:HGNC:8078]	no	Not_regulated_by_YAP	NA
ENSG00000182400	3	shHIF2a_down	TRAPPC6B	8.78	14	39170532	trafficking protein particle complex 6B [Source:HGNC Symbol;Acc:HGNC:23066]	no	Not_regulated_by_YAP	NA
ENSG00000182919	3	shHIF2a_down	C11orf54	6.87	11	93741591	chromosome 11 open reading frame 54 [Source:HGNC Symbol;Acc:HGNC:30204]	no	YAP_regulated	NA
ENSG00000182979	3	shHIF2a_down	MTA1	29.03	14	105419938	metastasis associated 1 [Source:HGNC Symbol;Acc:HGNC:7410]	no	Not_regulated_by_YAP	NA
ENSG00000183018	3	shHIF2a_down	SPNS2	5.56	17	4498881	sphingolipid transporter 2 [Source:HGNC Symbol;Acc:HGNC:26992]	no	YAP_regulated	NA
ENSG00000183421	3	shHIF2a_down	RIPK4	39.7	21	41767089	receptor interacting serine/threonine kinase 4 [Source:HGNC Symbol;Acc:HGNC:496]	no	YAP_regulated	NA
ENSG00000183579	3	shHIF2a_down	ZNRF3	5.91	22	28883572	zinc and ring finger 3 [Source:HGNC Symbol;Acc:HGNC:18126]	no	YAP_regulated	NA
ENSG00000183647	3	shHIF2a_down	ZNF530	6.13	19	57599885	zinc finger protein 530 [Source:HGNC Symbol;Acc:HGNC:29297]	Yes	Not_regulated_by_YAP	C2H2 ZF
ENSG00000183762	3	shHIF2a_down	KREMEN1	4.57	22	29073078	kringle containing transmembrane protein 1 [Source:HGNC Symbol;Acc:HGNC:17550]	no	YAP_regulated	NA
ENSG00000183814	3	shHIF2a_down	LIN9	11.01	1	226309172	lin-9 DREAM MuvB core complex component [Source:HGNC Symbol;Acc:HGNC:30830]	no	YAP_regulated	NA
ENSG00000184162	3	shHIF2a_down	NR2C2AP	41.31	19	19203357	nuclear receptor 2C2 associated protein [Source:HGNC Symbol;Acc:HGNC:30763]	no	Not_regulated_by_YAP	NA
ENSG00000184220	3	shHIF2a_down	CMSS1	85.65	3	100166333	cms1 ribosomal small subunit homolog [Source:HGNC Symbol;Acc:HGNC:28666]	no	YAP_regulated	NA
ENSG00000184661	3	shHIF2a_down	CDCA2	20.52	8	25459233	cell division cycle associated 2 [Source:HGNC Symbol;Acc:HGNC:14623]	no	Not_regulated_by_YAP	NA
ENSG00000185658	3	shHIF2a_down	BRWD1	9.94	21	39313570	bromodomain and WD repeat domain containing 1 [Source:HGNC Symbol;Acc:HGNC:12760]	no	YAP_regulated	NA
ENSG00000186185	3	shHIF2a_down	KIF18B	26.47	17	44947637	kinesin family member 18B [Source:HGNC Symbol;Acc:HGNC:27102]	no	YAP_regulated	NA
ENSG00000186298	3	shHIF2a_down	PPP1CC	146.31	12	110742891	protein phosphatase 1 catalytic subunit gamma [Source:HGNC Symbol;Acc:HGNC:9283]	no	Not_regulated_by_YAP	NA
ENSG00000186318	3	shHIF2a_down	BACE1	10.2	11	117316259	beta-secretase 1 [Source:HGNC Symbol;Acc:HGNC:933]	no	Not_regulated_by_YAP	NA
ENSG00000186522	3	shHIF2a_down	SEPTIN10	94.62	2	109614143	septin 10 [Source:HGNC Symbol;Acc:HGNC:14349]	no	YAP_regulated	NA
ENSG00000186907	3	shHIF2a_down	RTN4RL2	2.94	11	57460866	reticulon 4 receptor like 2 [Source:HGNC Symbol;Acc:HGNC:23053]	no	Not_regulated_by_YAP	NA
ENSG00000186951	3	shHIF2a_down	PPARA	6.86	22	46150596	peroxisome proliferator activated receptor alpha [Source:HGNC Symbol;Acc:HGNC:9232]	Yes	Not_regulated_by_YAP	Nuclear receptor
ENSG00000187098	3	shHIF2a_down	MITF	11.41	3	69866224	melanocyte inducing transcription factor [Source:HGNC Symbol;Acc:HGNC:7105]	Yes	Not_regulated_by_YAP	bHLH
ENSG00000187605	3	shHIF2a_down	TET3	5.74	2	73986404	tet methylcytosine dioxygenase 3 [Source:HGNC Symbol;Acc:HGNC:28313]	Yes	Not_regulated_by_YAP	CxxC
ENSG00000188010	3	shHIF2a_down	MORN2	30.04	2	38876038	MORN repeat containing 2 [Source:HGNC Symbol;Acc:HGNC:30166]	no	YAP_regulated	NA
ENSG00000188042	3	shHIF2a_down	ARL4C	97.41	2	234497081	ADP ribosylation factor like GTPase 4C [Source:HGNC Symbol;Acc:HGNC:698]	no	YAP_regulated	NA
ENSG00000188158	3	shHIF2a_down	NHS	8.15	X	17375420	NHS actin remodeling regulator [Source:HGNC Symbol;Acc:HGNC:7820]	no	Not_regulated_by_YAP	NA
ENSG00000188177	3	shHIF2a_down	ZC3H6	1.74	2	112275597	zinc finger CCCH-type containing 6 [Source:HGNC Symbol;Acc:HGNC:24762]	no	Not_regulated_by_YAP	NA
ENSG00000188811	3	shHIF2a_down	NHLRC3	13.23	13	39038306	NHL repeat containing 3 [Source:HGNC Symbol;Acc:HGNC:33751]	no	Not_regulated_by_YAP	NA
ENSG00000189308	3	shHIF2a_down	LIN54	8	4	83010709	lin-54 DREAM MuvB core complex component [Source:HGNC Symbol;Acc:HGNC:25397]	Yes	YAP_regulated	TCR/CxC
ENSG00000196151	3	shHIF2a_down	WDSUB1	7.83	2	159286799	WD repeat, sterile alpha motif and U-box domain containing 1 [Source:HGNC Symbol;Acc:HGNC:26697]	no	YAP_regulated	NA
ENSG00000196227	3	shHIF2a_down	FAM217B	8.44	20	59940459	family with sequence similarity 217 member B [Source:HGNC Symbol;Acc:HGNC:16170]	no	YAP_regulated	NA
ENSG00000196284	3	shHIF2a_down	SUPT3H	8.28	6	45377953	SPT3 homolog, SAGA and STAGA complex component [Source:HGNC Symbol;Acc:HGNC:11466]	no	YAP_regulated	NA
ENSG00000196422	3	shHIF2a_down	PPP1R26	11.86	9	135479782	protein phosphatase 1 regulatory subunit 26 [Source:HGNC Symbol;Acc:HGNC:29089]	no	Not_regulated_by_YAP	NA
ENSG00000196642	3	shHIF2a_down	RABL6	180.52	9	136807943	RAB, member RAS oncogene family like 6 [Source:HGNC Symbol;Acc:HGNC:24703]	no	YAP_regulated	NA
ENSG00000196730	3	shHIF2a_down	DAPK1	18.14	9	87497228	death associated protein kinase 1 [Source:HGNC Symbol;Acc:HGNC:2674]	no	YAP_regulated	NA
ENSG00000196821	3	shHIF2a_down	ILRUN	41.91	6	34696767	inflammation and lipid regulator with UBA-like and NBR1-like domains [Source:HGNC Symbol;Acc:HGNC:21215]	no	YAP_regulated	NA
ENSG00000196878	3	shHIF2a_down	LAMB3	107.08	1	209652425	laminin subunit beta 3 [Source:HGNC Symbol;Acc:HGNC:6490]	no	Not_regulated_by_YAP	NA
ENSG00000196968	3	shHIF2a_down	FUT11	20.15	10	73772276	fucosyltransferase 11 [Source:HGNC Symbol;Acc:HGNC:19233]	no	YAP_regulated	NA
ENSG00000197006	3	shHIF2a_down	METTL9	99.81	16	21599794	methyltransferase like 9 [Source:HGNC Symbol;Acc:HGNC:24586]	no	YAP_regulated	NA
ENSG00000197061	3	shHIF2a_down	H4C3	0.18	6	26103933	H4 clustered histone 3 [Source:HGNC Symbol;Acc:HGNC:4787]	no	Not_regulated_by_YAP	NA
ENSG00000197249	3	shHIF2a_down	SERPINA1	146.32	14	94388602	serpin family A member 1 [Source:HGNC Symbol;Acc:HGNC:8941]	no	Not_regulated_by_YAP	NA
ENSG00000197275	3	shHIF2a_down	RAD54B	35.69	8	94373090	RAD54 homolog B [Source:HGNC Symbol;Acc:HGNC:17228]	no	YAP_regulated	NA
ENSG00000197321	3	shHIF2a_down	SVIL	25.64	10	29735804	supervillin [Source:HGNC Symbol;Acc:HGNC:11480]	no	YAP_regulated	NA
ENSG00000197467	3	shHIF2a_down	COL13A1	0.21	10	69930473	collagen type XIII alpha 1 chain [Source:HGNC Symbol;Acc:HGNC:2190]	no	Not_regulated_by_YAP	NA
ENSG00000197568	3	shHIF2a_down	HHLA3	14.83	1	70354805	HERV-H LTR-associating 3 [Source:HGNC Symbol;Acc:HGNC:4906]	no	YAP_regulated	NA
ENSG00000197603	3	shHIF2a_down	CPLANE1	7.19	5	37247792	ciliogenesis and planar polarity effector 1 [Source:HGNC Symbol;Acc:HGNC:25801]	no	YAP_regulated	NA
ENSG00000197858	3	shHIF2a_down	GPAA1	91.92	8	144082614	glycosylphosphatidylinositol anchor attachment 1 [Source:HGNC Symbol;Acc:HGNC:4446]	no	YAP_regulated	NA
ENSG00000197879	3	shHIF2a_down	MYO1C	106.43	17	1472355	myosin IC [Source:HGNC Symbol;Acc:HGNC:7597]	no	YAP_regulated	NA
ENSG00000197930	3	shHIF2a_down	ERO1A	38.13	14	52695705	endoplasmic reticulum oxidoreductase 1 alpha [Source:HGNC Symbol;Acc:HGNC:13280]	no	YAP_regulated	NA
ENSG00000197971	3	shHIF2a_down	MBP	9.08	18	77017000	myelin basic protein [Source:HGNC Symbol;Acc:HGNC:6925]	no	Not_regulated_by_YAP	NA
ENSG00000198046	3	shHIF2a_down	ZNF667	3.29	19	56442747	zinc finger protein 667 [Source:HGNC Symbol;Acc:HGNC:28854]	Yes	YAP_regulated	C2H2 ZF
ENSG00000198429	3	shHIF2a_down	ZNF69	5.42	19	11887782	zinc finger protein 69 [Source:HGNC Symbol;Acc:HGNC:13138]	Yes	Not_regulated_by_YAP	C2H2 ZF
ENSG00000198554	3	shHIF2a_down	WDHD1	14.3	14	55027105	WD repeat and HMG-box DNA binding protein 1 [Source:HGNC Symbol;Acc:HGNC:23170]	no	Not_regulated_by_YAP	NA
ENSG00000198700	3	shHIF2a_down	IPO9	28.32	1	201874315	importin 9 [Source:HGNC Symbol;Acc:HGNC:19425]	no	YAP_regulated	NA
ENSG00000198846	3	shHIF2a_down	TOX	5.42	8	59119147	thymocyte selection associated high mobility group box [Source:HGNC Symbol;Acc:HGNC:18988]	no	Not_regulated_by_YAP	NA
ENSG00000204054	3	shHIF2a_down	LINC00963	18.46	9	129488838	long intergenic non-protein coding RNA 963 [Source:HGNC Symbol;Acc:HGNC:48716]	no	YAP_regulated	NA
ENSG00000204217	3	shHIF2a_down	BMPR2	9.76	2	202376327	bone morphogenetic protein receptor type 2 [Source:HGNC Symbol;Acc:HGNC:1078]	no	YAP_regulated	NA
ENSG00000204231	3	shHIF2a_down	RXRB	16.12	6	33200614	retinoid X receptor beta [Source:HGNC Symbol;Acc:HGNC:10478]	Yes	YAP_regulated	Nuclear receptor
ENSG00000204536	3	shHIF2a_down	CCHCR1	26.82	6	31158194	coiled-coil alpha-helical rod protein 1 [Source:HGNC Symbol;Acc:HGNC:13930]	no	YAP_regulated	NA
ENSG00000204569	3	shHIF2a_down	PPP1R10	23.48	6	30604212	protein phosphatase 1 regulatory subunit 10 [Source:HGNC Symbol;Acc:HGNC:9284]	no	YAP_regulated	NA
ENSG00000205730	3	shHIF2a_down	ITPRIPL2	8.34	16	19113932	ITPRIP like 2 [Source:HGNC Symbol;Acc:HGNC:27257]	no	Not_regulated_by_YAP	NA
ENSG00000206190	3	shHIF2a_down	ATP10A	8.25	15	25862184	ATPase phospholipid transporting 10A (putative) [Source:HGNC Symbol;Acc:HGNC:13542]	no	Not_regulated_by_YAP	NA
ENSG00000206560	3	shHIF2a_down	ANKRD28	24.97	3	15677606	ankyrin repeat domain 28 [Source:HGNC Symbol;Acc:HGNC:29024]	no	Not_regulated_by_YAP	NA
ENSG00000213047	3	shHIF2a_down	DENND1B	7.25	1	197775480	DENN domain containing 1B [Source:HGNC Symbol;Acc:HGNC:28404]	no	Not_regulated_by_YAP	NA
ENSG00000213064	3	shHIF2a_down	SFT2D2	20.33	1	168225938	SFT2 domain containing 2 [Source:HGNC Symbol;Acc:HGNC:25140]	no	YAP_regulated	NA
ENSG00000213123	3	shHIF2a_down	TCTEX1D2	17.46	3	196296306	Tctex1 domain containing 2 [Source:HGNC Symbol;Acc:HGNC:28482]	no	YAP_regulated	NA
ENSG00000213347	3	shHIF2a_down	MXD3	14.34	5	177311882	MAX dimerization protein 3 [Source:HGNC Symbol;Acc:HGNC:14008]	Yes	YAP_regulated	bHLH
ENSG00000213639	3	shHIF2a_down	PPP1CB	110.17	2	28751640	protein phosphatase 1 catalytic subunit beta [Source:HGNC Symbol;Acc:HGNC:9282]	no	YAP_regulated	NA
ENSG00000213853	3	shHIF2a_down	EMP2	32.16	16	10580598	epithelial membrane protein 2 [Source:HGNC Symbol;Acc:HGNC:3334]	no	YAP_regulated	NA
ENSG00000214274	3	shHIF2a_down	ANG	2.22	14	20684177	angiogenin [Source:HGNC Symbol;Acc:HGNC:483]	no	Not_regulated_by_YAP	NA
ENSG00000214491	3	shHIF2a_down	SEC14L6	44.35	22	30546682	SEC14 like lipid binding 6 [Source:HGNC Symbol;Acc:HGNC:40047]	no	Not_regulated_by_YAP	NA
ENSG00000217555	3	shHIF2a_down	CKLF	128.26	16	66552563	chemokine like factor [Source:HGNC Symbol;Acc:HGNC:13253]	no	Not_regulated_by_YAP	NA
ENSG00000221829	3	shHIF2a_down	FANCG	23.36	9	35078646	FA complementation group G [Source:HGNC Symbol;Acc:HGNC:3588]	no	YAP_regulated	NA
ENSG00000221869	3	shHIF2a_down	CEBPD	2.95	8	47738164	CCAAT enhancer binding protein delta [Source:HGNC Symbol;Acc:HGNC:1835]	Yes	YAP_regulated	bZIP
ENSG00000224420	3	shHIF2a_down	ADM5	1.44	19	49688664	adrenomedullin 5 (putative) [Source:HGNC Symbol;Acc:HGNC:27293]	no	Not_regulated_by_YAP	NA
ENSG00000224738	3	shHIF2a_down	AC099850.2	1.16	17	59106598	novel transcript	no	Not_regulated_by_YAP	NA
ENSG00000225177	3	shHIF2a_down	AL590617.2	1.31	6	138692548	novel transcript	no	Not_regulated_by_YAP	NA
ENSG00000228451	3	shHIF2a_down	SDAD1P1	0.36	8	26381519	SDA1 domain containing 1 pseudogene 1 [Source:HGNC Symbol;Acc:HGNC:31403]	no	Not_regulated_by_YAP	NA
ENSG00000230424	3	shHIF2a_down	EMC1-AS1	0.63	1	19210501	EMC1 antisense RNA 1 [Source:HGNC Symbol;Acc:HGNC:54050]	no	Not_regulated_by_YAP	NA
ENSG00000231290	3	shHIF2a_down	APCDD1L-DT	54.89	20	58515543	APCDD1L divergent transcript [Source:HGNC Symbol;Acc:HGNC:27152]	no	Not_regulated_by_YAP	NA
ENSG00000233101	3	shHIF2a_down	HOXB-AS3	1.52	17	48596439	HOXB cluster antisense RNA 3 [Source:HGNC Symbol;Acc:HGNC:40283]	no	Not_regulated_by_YAP	NA
ENSG00000237190	3	shHIF2a_down	CDKN2AIPNL	62.9	5	134411881	CDKN2A interacting protein N-terminal like [Source:HGNC Symbol;Acc:HGNC:30545]	no	YAP_regulated	NA
ENSG00000237943	3	shHIF2a_down	PRKCQ-AS1	6.74	10	6580419	PRKCQ antisense RNA 1 [Source:HGNC Symbol;Acc:HGNC:44689]	no	Not_regulated_by_YAP	NA
ENSG00000237975	3	shHIF2a_down	FLG-AS1	2.15	1	152373954	FLG antisense RNA 1 [Source:HGNC Symbol;Acc:HGNC:27913]	no	Not_regulated_by_YAP	NA
ENSG00000239697	3	shHIF2a_down	TNFSF12	0.3	17	7549469	TNF superfamily member 12 [Source:HGNC Symbol;Acc:HGNC:11927]	no	Not_regulated_by_YAP	NA
ENSG00000240972	3	shHIF2a_down	MIF	446.91	22	23894450	macrophage migration inhibitory factor [Source:HGNC Symbol;Acc:HGNC:7097]	no	YAP_regulated	NA
ENSG00000242498	3	shHIF2a_down	ARPIN	4.87	15	89903943	actin related protein 2/3 complex inhibitor [Source:HGNC Symbol;Acc:HGNC:28782]	no	Not_regulated_by_YAP	NA
ENSG00000254999	3	shHIF2a_down	BRK1	154.14	3	10115675	BRICK1 subunit of SCAR/WAVE actin nucleating complex [Source:HGNC Symbol;Acc:HGNC:23057]	no	Not_regulated_by_YAP	NA
ENSG00000255284	3	shHIF2a_down	AP006621.3	5.79	11	777578	novel transcript	no	Not_regulated_by_YAP	NA
ENSG00000257093	3	shHIF2a_down	DENND11	10.58	7	141702166	DENN domain containing 11 [Source:HGNC Symbol;Acc:HGNC:29472]	no	Not_regulated_by_YAP	NA
ENSG00000258586	3	shHIF2a_down	LINC02274	7.69	14	73830135	long intergenic non-protein coding RNA 2274 [Source:HGNC Symbol;Acc:HGNC:53190]	no	YAP_regulated	NA
ENSG00000260552	3	shHIF2a_down	AC023043.1	3.43	18	36187448	novel transcript, antisense to MOCOS	no	Not_regulated_by_YAP	NA
ENSG00000260877	3	shHIF2a_down	AP005233.2	2.89	11	69371463	novel transcript	no	Not_regulated_by_YAP	NA
ENSG00000261487	3	shHIF2a_down	AC135048.1	1.62	16	30948386	novel transcript	no	Not_regulated_by_YAP	NA
ENSG00000262198	3	shHIF2a_down	NA	NA	NA	NA	NA	NA	NA	NA
ENSG00000267374	3	shHIF2a_down	MIR924HG	0.95	18	39800318	MIR924 host gene [Source:HGNC Symbol;Acc:HGNC:44332]	no	Not_regulated_by_YAP	NA
ENSG00000269113	3	shHIF2a_down	TRABD2B	2.54	1	47997385	TraB domain containing 2B [Source:HGNC Symbol;Acc:HGNC:44200]	no	Not_regulated_by_YAP	NA
ENSG00000269293	3	shHIF2a_down	ZSCAN16-AS1	1.82	6	28136821	ZSCAN16 antisense RNA 1 [Source:HGNC Symbol;Acc:HGNC:48982]	no	Not_regulated_by_YAP	NA
ENSG00000270362	3	shHIF2a_down	HMGN3-AS1	0.92	6	79233718	HMGN3 antisense RNA 1 [Source:HGNC Symbol;Acc:HGNC:48984]	no	Not_regulated_by_YAP	NA
ENSG00000272384	3	shHIF2a_down	AC016405.3	0.55	8	122780830	novel transcript	no	Not_regulated_by_YAP	NA
ENSG00000272734	3	shHIF2a_down	ADIRF-AS1	8.93	10	86967549	ADIRF antisense RNA 1 [Source:HGNC Symbol;Acc:HGNC:45127]	no	Not_regulated_by_YAP	NA
ENSG00000273230	3	shHIF2a_down	AC102953.2	1.82	7	1467522	novel transcript	no	Not_regulated_by_YAP	NA
ENSG00000273247	3	shHIF2a_down	AC097376.3	1.06	4	139416146	novel transcript, antisense to RAB33B	no	Not_regulated_by_YAP	NA
ENSG00000273706	3	shHIF2a_down	NA	NA	NA	NA	NA	NA	NA	NA
ENSG00000275410	3	shHIF2a_down	NA	NA	NA	NA	NA	NA	NA	NA
ENSG00000276293	3	shHIF2a_down	NA	NA	NA	NA	NA	NA	NA	NA
ENSG00000276649	3	shHIF2a_down	NA	NA	NA	NA	NA	NA	NA	NA
ENSG00000277954	3	shHIF2a_down	NA	NA	NA	NA	NA	NA	NA	NA
ENSG00000278768	3	shHIF2a_down	NA	NA	NA	NA	NA	NA	NA	NA
ENSG00000279207	3	shHIF2a_down	NA	NA	NA	NA	NA	NA	NA	NA
ENSG00000280206	3	shHIF2a_down	NA	NA	NA	NA	NA	NA	NA	NA
ENSG00000280832	3	shHIF2a_down	NA	NA	NA	NA	NA	NA	NA	NA
ENSG00000286177	3	shHIF2a_down	NA	NA	NA	NA	NA	NA	NA	NA
ENSG00000286451	3	shHIF2a_down	NA	NA	NA	NA	NA	NA	NA	NA
ENSG00000286546	3	shHIF2a_down	NA	NA	NA	NA	NA	NA	NA	NA
ENSG00000288018	3	shHIF2a_down	NA	NA	NA	NA	NA	NA	NA	NA
ENSG00000289100	3	shHIF2a_down	NA	NA	NA	NA	NA	NA	NA	NA
ENSG00000291093	3	shHIF2a_down	NA	NA	NA	NA	NA	NA	NA	NA
ENSG00000291138	3	shHIF2a_down	NA	NA	NA	NA	NA	NA	NA	NA
ENSG00000003096	4	shHIF2a_up	KLHL13	3.71	X	118116798	kelch like family member 13 [Source:HGNC Symbol;Acc:HGNC:22931]	no	Not_regulated_by_YAP	NA
ENSG00000005469	4	shHIF2a_up	CROT	17.89	7	87345681	carnitine O-octanoyltransferase [Source:HGNC Symbol;Acc:HGNC:2366]	no	YAP_regulated	NA
ENSG00000006744	4	shHIF2a_up	ELAC2	51.98	17	13006546	elaC ribonuclease Z 2 [Source:HGNC Symbol;Acc:HGNC:14198]	no	Not_regulated_by_YAP	NA
ENSG00000007392	4	shHIF2a_up	LUC7L	19.17	16	229439	LUC7 like [Source:HGNC Symbol;Acc:HGNC:6723]	no	YAP_regulated	NA
ENSG00000008394	4	shHIF2a_up	MGST1	240.73	12	16347142	microsomal glutathione S-transferase 1 [Source:HGNC Symbol;Acc:HGNC:7061]	no	Not_regulated_by_YAP	NA
ENSG00000009335	4	shHIF2a_up	UBE3C	102.64	7	157138926	ubiquitin protein ligase E3C [Source:HGNC Symbol;Acc:HGNC:16803]	no	YAP_regulated	NA
ENSG00000010165	4	shHIF2a_up	EEF1AKNMT	33.73	1	171781664	eEF1A lysine and N-terminal methyltransferase [Source:HGNC Symbol;Acc:HGNC:24248]	no	YAP_regulated	NA
ENSG00000010539	4	shHIF2a_up	ZNF200	7.06	16	3236003	zinc finger protein 200 [Source:HGNC Symbol;Acc:HGNC:12993]	Yes	Not_regulated_by_YAP	C2H2 ZF
ENSG00000011007	4	shHIF2a_up	ELOA	36.7	1	23743155	elongin A [Source:HGNC Symbol;Acc:HGNC:11620]	no	YAP_regulated	NA
ENSG00000013275	4	shHIF2a_up	PSMC4	99.06	19	39971165	proteasome 26S subunit, ATPase 4 [Source:HGNC Symbol;Acc:HGNC:9551]	no	YAP_regulated	NA
ENSG00000013306	4	shHIF2a_up	SLC25A39	122.62	17	44324870	solute carrier family 25 member 39 [Source:HGNC Symbol;Acc:HGNC:24279]	no	YAP_regulated	NA
ENSG00000018408	4	shHIF2a_up	WWTR1	130.26	3	149657767	WW domain containing transcription regulator 1 [Source:HGNC Symbol;Acc:HGNC:24042]	no	YAP_regulated	NA
ENSG00000029363	4	shHIF2a_up	BCLAF1	74.44	6	136289784	BCL2 associated transcription factor 1 [Source:HGNC Symbol;Acc:HGNC:16863]	no	YAP_regulated	NA
ENSG00000031081	4	shHIF2a_up	ARHGAP31	9.3	3	119294383	Rho GTPase activating protein 31 [Source:HGNC Symbol;Acc:HGNC:29216]	no	YAP_regulated	NA
ENSG00000033011	4	shHIF2a_up	ALG1	32.61	16	5033923	ALG1 chitobiosyldiphosphodolichol beta-mannosyltransferase [Source:HGNC Symbol;Acc:HGNC:18294]	no	Not_regulated_by_YAP	NA
ENSG00000037897	4	shHIF2a_up	METTL1	39.75	12	57772105	methyltransferase like 1 [Source:HGNC Symbol;Acc:HGNC:7030]	no	YAP_regulated	NA
ENSG00000041802	4	shHIF2a_up	LSG1	31.29	3	194672191	large 60S subunit nuclear export GTPase 1 [Source:HGNC Symbol;Acc:HGNC:25652]	no	Not_regulated_by_YAP	NA
ENSG00000052802	4	shHIF2a_up	MSMO1	159.69	4	165327669	methylsterol monooxygenase 1 [Source:HGNC Symbol;Acc:HGNC:10545]	no	YAP_regulated	NA
ENSG00000055044	4	shHIF2a_up	NOP58	175.99	2	202265763	NOP58 ribonucleoprotein [Source:HGNC Symbol;Acc:HGNC:29926]	no	Not_regulated_by_YAP	NA
ENSG00000059769	4	shHIF2a_up	DNAJC25	42.01	9	111631334	DnaJ heat shock protein family (Hsp40) member C25 [Source:HGNC Symbol;Acc:HGNC:34187]	no	YAP_regulated	NA
ENSG00000064666	4	shHIF2a_up	CNN2	298.35	19	1026608	calponin 2 [Source:HGNC Symbol;Acc:HGNC:2156]	no	Not_regulated_by_YAP	NA
ENSG00000064995	4	shHIF2a_up	TAF11	26.76	6	34888027	TATA-box binding protein associated factor 11 [Source:HGNC Symbol;Acc:HGNC:11544]	no	Not_regulated_by_YAP	NA
ENSG00000065833	4	shHIF2a_up	ME1	38.27	6	83431051	malic enzyme 1 [Source:HGNC Symbol;Acc:HGNC:6983]	no	YAP_regulated	NA
ENSG00000068001	4	shHIF2a_up	HYAL2	22.24	3	50322782	hyaluronidase 2 [Source:HGNC Symbol;Acc:HGNC:5321]	no	YAP_regulated	NA
ENSG00000068654	4	shHIF2a_up	POLR1A	14.72	2	86105886	RNA polymerase I subunit A [Source:HGNC Symbol;Acc:HGNC:17264]	no	Not_regulated_by_YAP	NA
ENSG00000078018	4	shHIF2a_up	MAP2	0.97	2	209424058	microtubule associated protein 2 [Source:HGNC Symbol;Acc:HGNC:6839]	no	Not_regulated_by_YAP	NA
ENSG00000078804	4	shHIF2a_up	TP53INP2	2.83	20	34704344	tumor protein p53 inducible nuclear protein 2 [Source:HGNC Symbol;Acc:HGNC:16104]	no	Not_regulated_by_YAP	NA
ENSG00000080546	4	shHIF2a_up	SESN1	4.7	6	109094819	sestrin 1 [Source:HGNC Symbol;Acc:HGNC:21595]	no	YAP_regulated	NA
ENSG00000080608	4	shHIF2a_up	PUM3	69.19	9	2829925	pumilio RNA binding family member 3 [Source:HGNC Symbol;Acc:HGNC:29676]	no	Not_regulated_by_YAP	NA
ENSG00000081692	4	shHIF2a_up	JMJD4	8.5	1	227734377	jumonji domain containing 4 [Source:HGNC Symbol;Acc:HGNC:25724]	no	Not_regulated_by_YAP	NA
ENSG00000082516	4	shHIF2a_up	GEMIN5	10.28	5	154938211	gem nuclear organelle associated protein 5 [Source:HGNC Symbol;Acc:HGNC:20043]	no	Not_regulated_by_YAP	NA
ENSG00000084207	4	shHIF2a_up	GSTP1	361.17	11	67583812	glutathione S-transferase pi 1 [Source:HGNC Symbol;Acc:HGNC:4638]	no	YAP_regulated	NA
ENSG00000084652	4	shHIF2a_up	TXLNA	41.07	1	32179675	taxilin alpha [Source:HGNC Symbol;Acc:HGNC:30685]	no	YAP_regulated	NA
ENSG00000085563	4	shHIF2a_up	ABCB1	21.58	7	87600884	ATP binding cassette subfamily B member 1 [Source:HGNC Symbol;Acc:HGNC:40]	no	Not_regulated_by_YAP	NA
ENSG00000085662	4	shHIF2a_up	AKR1B1	2070	7	134459100	aldo-keto reductase family 1 member B [Source:HGNC Symbol;Acc:HGNC:381]	no	YAP_regulated	NA
ENSG00000086061	4	shHIF2a_up	DNAJA1	202.55	9	33025273	DnaJ heat shock protein family (Hsp40) member A1 [Source:HGNC Symbol;Acc:HGNC:5229]	no	YAP_regulated	NA
ENSG00000086504	4	shHIF2a_up	MRPL28	97.42	16	370509	mitochondrial ribosomal protein L28 [Source:HGNC Symbol;Acc:HGNC:14484]	no	Not_regulated_by_YAP	NA
ENSG00000087263	4	shHIF2a_up	OGFOD1	74.01	16	56451554	2-oxoglutarate and iron dependent oxygenase domain containing 1 [Source:HGNC Symbol;Acc:HGNC:25585]	no	YAP_regulated	NA
ENSG00000090266	4	shHIF2a_up	NDUFB2	418.74	7	140690777	NADH:ubiquinone oxidoreductase subunit B2 [Source:HGNC Symbol;Acc:HGNC:7697]	no	YAP_regulated	NA
ENSG00000090520	4	shHIF2a_up	DNAJB11	129.19	3	186567403	DnaJ heat shock protein family (Hsp40) member B11 [Source:HGNC Symbol;Acc:HGNC:14889]	no	YAP_regulated	NA
ENSG00000091317	4	shHIF2a_up	CMTM6	61.84	3	32502852	CKLF like MARVEL transmembrane domain containing 6 [Source:HGNC Symbol;Acc:HGNC:19177]	no	Not_regulated_by_YAP	NA
ENSG00000091986	4	shHIF2a_up	CCDC80	59.08	3	112641269	coiled-coil domain containing 80 [Source:HGNC Symbol;Acc:HGNC:30649]	no	Not_regulated_by_YAP	NA
ENSG00000099992	4	shHIF2a_up	TBC1D10A	17.39	22	30326941	TBC1 domain family member 10A [Source:HGNC Symbol;Acc:HGNC:23609]	no	YAP_regulated	NA
ENSG00000100028	4	shHIF2a_up	SNRPD3	211.95	22	24555999	small nuclear ribonucleoprotein D3 polypeptide [Source:HGNC Symbol;Acc:HGNC:11160]	no	YAP_regulated	NA
ENSG00000100029	4	shHIF2a_up	PES1	114.28	22	30591910	pescadillo ribosomal biogenesis factor 1 [Source:HGNC Symbol;Acc:HGNC:8848]	no	YAP_regulated	NA
ENSG00000100109	4	shHIF2a_up	TFIP11	21.39	22	26512473	tuftelin interacting protein 11 [Source:HGNC Symbol;Acc:HGNC:17165]	no	YAP_regulated	NA
ENSG00000100142	4	shHIF2a_up	POLR2F	98.78	22	37952607	RNA polymerase II subunit F [Source:HGNC Symbol;Acc:HGNC:9193]	no	Not_regulated_by_YAP	NA
ENSG00000100196	4	shHIF2a_up	KDELR3	116.13	22	38468096	KDEL endoplasmic reticulum protein retention receptor 3 [Source:HGNC Symbol;Acc:HGNC:6306]	no	Not_regulated_by_YAP	NA
ENSG00000100216	4	shHIF2a_up	TOMM22	99.26	22	38681957	translocase of outer mitochondrial membrane 22 [Source:HGNC Symbol;Acc:HGNC:18002]	no	YAP_regulated	NA
ENSG00000100292	4	shHIF2a_up	HMOX1	38.03	22	35387040	heme oxygenase 1 [Source:HGNC Symbol;Acc:HGNC:5013]	no	YAP_regulated	NA
ENSG00000100410	4	shHIF2a_up	PHF5A	83.24	22	41468499	PHD finger protein 5A [Source:HGNC Symbol;Acc:HGNC:18000]	no	YAP_regulated	NA
ENSG00000100413	4	shHIF2a_up	POLR3H	60.35	22	41544470	RNA polymerase III subunit H [Source:HGNC Symbol;Acc:HGNC:30349]	no	YAP_regulated	NA
ENSG00000101049	4	shHIF2a_up	SGK2	5.21	20	43558968	serum/glucocorticoid regulated kinase 2 [Source:HGNC Symbol;Acc:HGNC:13900]	no	YAP_regulated	NA
ENSG00000101160	4	shHIF2a_up	CTSZ	578.92	20	59007254	cathepsin Z [Source:HGNC Symbol;Acc:HGNC:2547]	no	YAP_regulated	NA
ENSG00000101333	4	shHIF2a_up	PLCB4	46.48	20	9068763	phospholipase C beta 4 [Source:HGNC Symbol;Acc:HGNC:9059]	no	YAP_regulated	NA
ENSG00000101350	4	shHIF2a_up	KIF3B	21.37	20	32277651	kinesin family member 3B [Source:HGNC Symbol;Acc:HGNC:6320]	no	Not_regulated_by_YAP	NA
ENSG00000101361	4	shHIF2a_up	NOP56	278.75	20	2652632	NOP56 ribonucleoprotein [Source:HGNC Symbol;Acc:HGNC:15911]	no	Not_regulated_by_YAP	NA
ENSG00000101384	4	shHIF2a_up	JAG1	13.71	20	10673999	jagged canonical Notch ligand 1 [Source:HGNC Symbol;Acc:HGNC:6188]	no	YAP_regulated	NA
ENSG00000101911	4	shHIF2a_up	PRPS2	44.99	X	12791355	phosphoribosyl pyrophosphate synthetase 2 [Source:HGNC Symbol;Acc:HGNC:9465]	no	Not_regulated_by_YAP	NA
ENSG00000102024	4	shHIF2a_up	PLS3	157.01	X	115561174	plastin 3 [Source:HGNC Symbol;Acc:HGNC:9091]	no	Not_regulated_by_YAP	NA
ENSG00000102241	4	shHIF2a_up	HTATSF1	45.9	X	136497221	HIV-1 Tat specific factor 1 [Source:HGNC Symbol;Acc:HGNC:5276]	no	YAP_regulated	NA
ENSG00000102901	4	shHIF2a_up	CENPT	35.33	16	67847693	centromere protein T [Source:HGNC Symbol;Acc:HGNC:25787]	Yes	YAP_regulated	Unknown
ENSG00000102910	4	shHIF2a_up	LONP2	21.74	16	48244300	lon peptidase 2, peroxisomal [Source:HGNC Symbol;Acc:HGNC:20598]	no	Not_regulated_by_YAP	NA
ENSG00000103005	4	shHIF2a_up	USB1	87.01	16	57999546	U6 snRNA biogenesis phosphodiesterase 1 [Source:HGNC Symbol;Acc:HGNC:25792]	no	YAP_regulated	NA
ENSG00000103415	4	shHIF2a_up	HMOX2	82.45	16	4474690	heme oxygenase 2 [Source:HGNC Symbol;Acc:HGNC:5014]	no	Not_regulated_by_YAP	NA
ENSG00000103494	4	shHIF2a_up	RPGRIP1L	10.02	16	53703859	RPGRIP1 like [Source:HGNC Symbol;Acc:HGNC:29168]	no	YAP_regulated	NA
ENSG00000103876	4	shHIF2a_up	FAH	25.86	15	80152490	fumarylacetoacetate hydrolase [Source:HGNC Symbol;Acc:HGNC:3579]	no	YAP_regulated	NA
ENSG00000104361	4	shHIF2a_up	NIPAL2	8.02	8	98294235	NIPA like domain containing 2 [Source:HGNC Symbol;Acc:HGNC:25854]	no	YAP_regulated	NA
ENSG00000104524	4	shHIF2a_up	PYCR3	15.15	8	143609575	pyrroline-5-carboxylate reductase 3 [Source:HGNC Symbol;Acc:HGNC:25846]	no	YAP_regulated	NA
ENSG00000104691	4	shHIF2a_up	UBXN8	5.07	8	30732247	UBX domain protein 8 [Source:HGNC Symbol;Acc:HGNC:30307]	no	Not_regulated_by_YAP	NA
ENSG00000104852	4	shHIF2a_up	SNRNP70	159.15	19	49085419	small nuclear ribonucleoprotein U1 subunit 70 [Source:HGNC Symbol;Acc:HGNC:11150]	no	YAP_regulated	NA
ENSG00000105655	4	shHIF2a_up	ISYNA1	1.51	19	18438111	inositol-3-phosphate synthase 1 [Source:HGNC Symbol;Acc:HGNC:29821]	no	Not_regulated_by_YAP	NA
ENSG00000105669	4	shHIF2a_up	COPE	112.73	19	18899937	COPI coat complex subunit epsilon [Source:HGNC Symbol;Acc:HGNC:2234]	no	YAP_regulated	NA
ENSG00000105671	4	shHIF2a_up	DDX49	33.17	19	18919715	DEAD-box helicase 49 [Source:HGNC Symbol;Acc:HGNC:18684]	no	YAP_regulated	NA
ENSG00000105676	4	shHIF2a_up	ARMC6	30.81	19	19033575	armadillo repeat containing 6 [Source:HGNC Symbol;Acc:HGNC:25049]	no	YAP_regulated	NA
ENSG00000105849	4	shHIF2a_up	TWISTNB	25.47	7	19709037	TWIST neighbor [Source:HGNC Symbol;Acc:HGNC:18027]	no	YAP_regulated	NA
ENSG00000106636	4	shHIF2a_up	YKT6	144.12	7	44200968	YKT6 v-SNARE homolog [Source:HGNC Symbol;Acc:HGNC:16959]	no	YAP_regulated	NA
ENSG00000106803	4	shHIF2a_up	SEC61B	395.37	9	99222064	SEC61 translocon subunit beta [Source:HGNC Symbol;Acc:HGNC:16993]	no	YAP_regulated	NA
ENSG00000108176	4	shHIF2a_up	DNAJC12	3.71	10	67838188	DnaJ heat shock protein family (Hsp40) member C12 [Source:HGNC Symbol;Acc:HGNC:28908]	no	Not_regulated_by_YAP	NA
ENSG00000108179	4	shHIF2a_up	PPIF	163.86	10	79347469	peptidylprolyl isomerase F [Source:HGNC Symbol;Acc:HGNC:9259]	no	YAP_regulated	NA
ENSG00000108439	4	shHIF2a_up	PNPO	17.02	17	47941506	pyridoxamine 5'-phosphate oxidase [Source:HGNC Symbol;Acc:HGNC:30260]	no	YAP_regulated	NA
ENSG00000108592	4	shHIF2a_up	FTSJ3	48.14	17	63827663	FtsJ RNA 2'-O-methyltransferase 3 [Source:HGNC Symbol;Acc:HGNC:17136]	no	YAP_regulated	NA
ENSG00000108691	4	shHIF2a_up	CCL2	26.74	17	34255218	C-C motif chemokine ligand 2 [Source:HGNC Symbol;Acc:HGNC:10618]	no	Not_regulated_by_YAP	NA
ENSG00000108861	4	shHIF2a_up	DUSP3	23.03	17	43778977	dual specificity phosphatase 3 [Source:HGNC Symbol;Acc:HGNC:3069]	no	YAP_regulated	NA
ENSG00000109062	4	shHIF2a_up	SLC9A3R1	75.54	17	74748652	SLC9A3 regulator 1 [Source:HGNC Symbol;Acc:HGNC:11075]	no	YAP_regulated	NA
ENSG00000109971	4	shHIF2a_up	HSPA8	1528.8	11	123061789	heat shock protein family A (Hsp70) member 8 [Source:HGNC Symbol;Acc:HGNC:5241]	no	YAP_regulated	NA
ENSG00000110321	4	shHIF2a_up	EIF4G2	623.1	11	10807973	eukaryotic translation initiation factor 4 gamma 2 [Source:HGNC Symbol;Acc:HGNC:3297]	no	YAP_regulated	NA
ENSG00000110442	4	shHIF2a_up	COMMD9	25.99	11	36273359	COMM domain containing 9 [Source:HGNC Symbol;Acc:HGNC:25014]	no	Not_regulated_by_YAP	NA
ENSG00000110852	4	shHIF2a_up	CLEC2B	4.41	12	9870136	C-type lectin domain family 2 member B [Source:HGNC Symbol;Acc:HGNC:2053]	no	Not_regulated_by_YAP	NA
ENSG00000111229	4	shHIF2a_up	ARPC3	470.71	12	110450422	actin related protein 2/3 complex subunit 3 [Source:HGNC Symbol;Acc:HGNC:706]	no	YAP_regulated	NA
ENSG00000111639	4	shHIF2a_up	MRPL51	169.31	12	6493262	mitochondrial ribosomal protein L51 [Source:HGNC Symbol;Acc:HGNC:14044]	no	YAP_regulated	NA
ENSG00000111667	4	shHIF2a_up	USP5	70.71	12	6852128	ubiquitin specific peptidase 5 [Source:HGNC Symbol;Acc:HGNC:12628]	no	YAP_regulated	NA
ENSG00000111845	4	shHIF2a_up	PAK1IP1	37.08	6	10694972	PAK1 interacting protein 1 [Source:HGNC Symbol;Acc:HGNC:20882]	no	Not_regulated_by_YAP	NA
ENSG00000112186	4	shHIF2a_up	CAP2	16.93	6	17393595	cyclase associated actin cytoskeleton regulatory protein 2 [Source:HGNC Symbol;Acc:HGNC:20039]	no	YAP_regulated	NA
ENSG00000112419	4	shHIF2a_up	PHACTR2	4.97	6	143536845	phosphatase and actin regulator 2 [Source:HGNC Symbol;Acc:HGNC:20956]	no	Not_regulated_by_YAP	NA
ENSG00000112576	4	shHIF2a_up	CCND3	43.98	6	41941808	cyclin D3 [Source:HGNC Symbol;Acc:HGNC:1585]	no	YAP_regulated	NA
ENSG00000112578	4	shHIF2a_up	BYSL	34.71	6	41921534	bystin like [Source:HGNC Symbol;Acc:HGNC:1157]	no	Not_regulated_by_YAP	NA
ENSG00000112695	4	shHIF2a_up	COX7A2	360.18	6	75250323	cytochrome c oxidase subunit 7A2 [Source:HGNC Symbol;Acc:HGNC:2288]	no	Not_regulated_by_YAP	NA
ENSG00000112855	4	shHIF2a_up	HARS2	31.16	5	140691430	histidyl-tRNA synthetase 2, mitochondrial [Source:HGNC Symbol;Acc:HGNC:4817]	no	Not_regulated_by_YAP	NA
ENSG00000112972	4	shHIF2a_up	HMGCS1	139.28	5	43313412	3-hydroxy-3-methylglutaryl-CoA synthase 1 [Source:HGNC Symbol;Acc:HGNC:5007]	no	YAP_regulated	NA
ENSG00000113068	4	shHIF2a_up	PFDN1	145.93	5	140293207	prefoldin subunit 1 [Source:HGNC Symbol;Acc:HGNC:8866]	no	Not_regulated_by_YAP	NA
ENSG00000113140	4	shHIF2a_up	SPARC	663.58	5	151686915	secreted protein acidic and cysteine rich [Source:HGNC Symbol;Acc:HGNC:11219]	no	YAP_regulated	NA
ENSG00000113161	4	shHIF2a_up	HMGCR	43.36	5	75336329	3-hydroxy-3-methylglutaryl-CoA reductase [Source:HGNC Symbol;Acc:HGNC:5006]	no	YAP_regulated	NA
ENSG00000113387	4	shHIF2a_up	SUB1	304.64	5	32588537	SUB1 regulator of transcription [Source:HGNC Symbol;Acc:HGNC:19985]	no	YAP_regulated	NA
ENSG00000113552	4	shHIF2a_up	GNPDA1	30.22	5	142013027	glucosamine-6-phosphate deaminase 1 [Source:HGNC Symbol;Acc:HGNC:4417]	no	Not_regulated_by_YAP	NA
ENSG00000113643	4	shHIF2a_up	RARS1	150.94	5	168497218	arginyl-tRNA synthetase 1 [Source:HGNC Symbol;Acc:HGNC:9870]	no	Not_regulated_by_YAP	NA
ENSG00000113812	4	shHIF2a_up	ACTR8	15.22	3	53882152	actin related protein 8 [Source:HGNC Symbol;Acc:HGNC:14672]	no	Not_regulated_by_YAP	NA
ENSG00000114354	4	shHIF2a_up	TFG	209.45	3	100709361	trafficking from ER to golgi regulator [Source:HGNC Symbol;Acc:HGNC:11758]	no	YAP_regulated	NA
ENSG00000114395	4	shHIF2a_up	CYB561D2	27.61	3	50350695	cytochrome b561 family member D2 [Source:HGNC Symbol;Acc:HGNC:30253]	no	YAP_regulated	NA
ENSG00000114423	4	shHIF2a_up	CBLB	2.17	3	105869012	Cbl proto-oncogene B [Source:HGNC Symbol;Acc:HGNC:1542]	no	YAP_regulated	NA
ENSG00000115053	4	shHIF2a_up	NCL	713.44	2	231460725	nucleolin [Source:HGNC Symbol;Acc:HGNC:7667]	no	YAP_regulated	NA
ENSG00000115128	4	shHIF2a_up	SF3B6	189.56	2	24076326	splicing factor 3b subunit 6 [Source:HGNC Symbol;Acc:HGNC:30096]	no	YAP_regulated	NA
ENSG00000115364	4	shHIF2a_up	MRPL19	68.08	2	75646783	mitochondrial ribosomal protein L19 [Source:HGNC Symbol;Acc:HGNC:14052]	no	Not_regulated_by_YAP	NA
ENSG00000115415	4	shHIF2a_up	STAT1	146.42	2	191014171	signal transducer and activator of transcription 1 [Source:HGNC Symbol;Acc:HGNC:11362]	Yes	YAP_regulated	STAT
ENSG00000115514	4	shHIF2a_up	TXNDC9	76.39	2	99336333	thioredoxin domain containing 9 [Source:HGNC Symbol;Acc:HGNC:24110]	no	YAP_regulated	NA
ENSG00000115520	4	shHIF2a_up	COQ10B	32.09	2	197453423	coenzyme Q10B [Source:HGNC Symbol;Acc:HGNC:25819]	no	YAP_regulated	NA
ENSG00000115758	4	shHIF2a_up	ODC1	197.87	2	10448327	ornithine decarboxylase 1 [Source:HGNC Symbol;Acc:HGNC:8109]	no	YAP_regulated	NA
ENSG00000115875	4	shHIF2a_up	SRSF7	215.87	2	38751361	serine and arginine rich splicing factor 7 [Source:HGNC Symbol;Acc:HGNC:10789]	no	YAP_regulated	NA
ENSG00000115946	4	shHIF2a_up	PNO1	49.91	2	68157888	partner of NOB1 homolog [Source:HGNC Symbol;Acc:HGNC:32790]	no	YAP_regulated	NA
ENSG00000116106	4	shHIF2a_up	EPHA4	3.14	2	221425575	EPH receptor A4 [Source:HGNC Symbol;Acc:HGNC:3388]	no	YAP_regulated	NA
ENSG00000116117	4	shHIF2a_up	PARD3B	0.92	2	204545475	par-3 family cell polarity regulator beta [Source:HGNC Symbol;Acc:HGNC:14446]	no	Not_regulated_by_YAP	NA
ENSG00000116171	4	shHIF2a_up	SCP2	129.04	1	52927276	sterol carrier protein 2 [Source:HGNC Symbol;Acc:HGNC:10606]	no	Not_regulated_by_YAP	NA
ENSG00000116205	4	shHIF2a_up	TCEANC2	3.45	1	54053584	transcription elongation factor A N-terminal and central domain containing 2 [Source:HGNC Symbol;Acc:HGNC:26494]	no	YAP_regulated	NA
ENSG00000116729	4	shHIF2a_up	WLS	1.31	1	68232545	Wnt ligand secretion mediator [Source:HGNC Symbol;Acc:HGNC:30238]	no	Not_regulated_by_YAP	NA
ENSG00000117226	4	shHIF2a_up	GBP3	45.2	1	89022838	guanylate binding protein 3 [Source:HGNC Symbol;Acc:HGNC:4184]	no	Not_regulated_by_YAP	NA
ENSG00000117228	4	shHIF2a_up	GBP1	35.18	1	89065208	guanylate binding protein 1 [Source:HGNC Symbol;Acc:HGNC:4182]	no	Not_regulated_by_YAP	NA
ENSG00000117318	4	shHIF2a_up	ID3	151.61	1	23559443	inhibitor of DNA binding 3, HLH protein [Source:HGNC Symbol;Acc:HGNC:5362]	no	Not_regulated_by_YAP	NA
ENSG00000117461	4	shHIF2a_up	PIK3R3	2.93	1	46132629	phosphoinositide-3-kinase regulatory subunit 3 [Source:HGNC Symbol;Acc:HGNC:8981]	no	YAP_regulated	NA
ENSG00000117877	4	shHIF2a_up	CD3EAP	23.93	19	45406209	CD3e molecule associated protein [Source:HGNC Symbol;Acc:HGNC:24219]	no	Not_regulated_by_YAP	NA
ENSG00000117899	4	shHIF2a_up	MESD	24.78	15	80989828	mesoderm development LRP chaperone [Source:HGNC Symbol;Acc:HGNC:13520]	no	Not_regulated_by_YAP	NA
ENSG00000118246	4	shHIF2a_up	FASTKD2	33.67	2	206765357	FAST kinase domains 2 [Source:HGNC Symbol;Acc:HGNC:29160]	no	Not_regulated_by_YAP	NA
ENSG00000118523	4	shHIF2a_up	CCN2	32.61	6	131951372	cellular communication network factor 2 [Source:HGNC Symbol;Acc:HGNC:2500]	no	YAP_regulated	NA
ENSG00000118640	4	shHIF2a_up	VAMP8	119.06	2	85561562	vesicle associated membrane protein 8 [Source:HGNC Symbol;Acc:HGNC:12647]	no	Not_regulated_by_YAP	NA
ENSG00000119013	4	shHIF2a_up	NDUFB3	114.62	2	201071433	NADH:ubiquinone oxidoreductase subunit B3 [Source:HGNC Symbol;Acc:HGNC:7698]	no	Not_regulated_by_YAP	NA
ENSG00000119705	4	shHIF2a_up	SLIRP	232.83	14	77708103	SRA stem-loop interacting RNA binding protein [Source:HGNC Symbol;Acc:HGNC:20495]	no	Not_regulated_by_YAP	NA
ENSG00000119812	4	shHIF2a_up	FAM98A	141.23	2	33599284	family with sequence similarity 98 member A [Source:HGNC Symbol;Acc:HGNC:24520]	no	YAP_regulated	NA
ENSG00000120306	4	shHIF2a_up	CYSTM1	21.7	5	140175188	cysteine rich transmembrane module containing 1 [Source:HGNC Symbol;Acc:HGNC:30239]	no	Not_regulated_by_YAP	NA
ENSG00000120314	4	shHIF2a_up	WDR55	27.88	5	140664676	WD repeat domain 55 [Source:HGNC Symbol;Acc:HGNC:25971]	no	YAP_regulated	NA
ENSG00000120594	4	shHIF2a_up	PLXDC2	1.51	10	19816239	plexin domain containing 2 [Source:HGNC Symbol;Acc:HGNC:21013]	no	Not_regulated_by_YAP	NA
ENSG00000121073	4	shHIF2a_up	SLC35B1	69.93	17	49707964	solute carrier family 35 member B1 [Source:HGNC Symbol;Acc:HGNC:20798]	no	YAP_regulated	NA
ENSG00000121281	4	shHIF2a_up	ADCY7	18.49	16	50246137	adenylate cyclase 7 [Source:HGNC Symbol;Acc:HGNC:238]	no	YAP_regulated	NA
ENSG00000122694	4	shHIF2a_up	GLIPR2	15.31	9	36136742	GLI pathogenesis related 2 [Source:HGNC Symbol;Acc:HGNC:18007]	no	YAP_regulated	NA
ENSG00000124201	4	shHIF2a_up	ZNFX1	31.27	20	49271223	zinc finger NFX1-type containing 1 [Source:HGNC Symbol;Acc:HGNC:29271]	no	YAP_regulated	NA
ENSG00000124541	4	shHIF2a_up	RRP36	62.28	6	43021623	ribosomal RNA processing 36 [Source:HGNC Symbol;Acc:HGNC:21374]	no	Not_regulated_by_YAP	NA
ENSG00000124783	4	shHIF2a_up	SSR1	132.47	6	7313207	signal sequence receptor subunit 1 [Source:HGNC Symbol;Acc:HGNC:11323]	no	YAP_regulated	NA
ENSG00000124787	4	shHIF2a_up	RPP40	12.32	6	5004037	ribonuclease P/MRP subunit p40 [Source:HGNC Symbol;Acc:HGNC:20992]	no	Not_regulated_by_YAP	NA
ENSG00000125266	4	shHIF2a_up	EFNB2	13.24	13	106535662	ephrin B2 [Source:HGNC Symbol;Acc:HGNC:3227]	no	Not_regulated_by_YAP	NA
ENSG00000125398	4	shHIF2a_up	SOX9	3.39	17	72121020	SRY-box transcription factor 9 [Source:HGNC Symbol;Acc:HGNC:11204]	Yes	Not_regulated_by_YAP	HMG/Sox
ENSG00000125691	4	shHIF2a_up	RPL23	1470.7	17	38853721	ribosomal protein L23 [Source:HGNC Symbol;Acc:HGNC:10316]	no	Not_regulated_by_YAP	NA
ENSG00000125843	4	shHIF2a_up	AP5S1	7.97	20	3820531	adaptor related protein complex 5 subunit sigma 1 [Source:HGNC Symbol;Acc:HGNC:15875]	no	YAP_regulated	NA
ENSG00000126749	4	shHIF2a_up	EMG1	84.03	12	6970913	EMG1 N1-specific pseudouridine methyltransferase [Source:HGNC Symbol;Acc:HGNC:16912]	no	YAP_regulated	NA
ENSG00000126790	4	shHIF2a_up	L3HYPDH	24.37	14	59475898	trans-L-3-hydroxyproline dehydratase [Source:HGNC Symbol;Acc:HGNC:20488]	no	YAP_regulated	NA
ENSG00000126878	4	shHIF2a_up	AIF1L	1.38	9	131096530	allograft inflammatory factor 1 like [Source:HGNC Symbol;Acc:HGNC:28904]	no	Not_regulated_by_YAP	NA
ENSG00000126953	4	shHIF2a_up	TIMM8A	11.25	X	101348685	translocase of inner mitochondrial membrane 8A [Source:HGNC Symbol;Acc:HGNC:11817]	no	Not_regulated_by_YAP	NA
ENSG00000127399	4	shHIF2a_up	LRRC61	104.55	7	150323263	leucine rich repeat containing 61 [Source:HGNC Symbol;Acc:HGNC:21704]	no	Not_regulated_by_YAP	NA
ENSG00000127838	4	shHIF2a_up	PNKD	71.4	2	218270392	PNKD metallo-beta-lactamase domain containing [Source:HGNC Symbol;Acc:HGNC:9153]	no	YAP_regulated	NA
ENSG00000127870	4	shHIF2a_up	RNF6	39.61	13	26222261	ring finger protein 6 [Source:HGNC Symbol;Acc:HGNC:10069]	no	YAP_regulated	NA
ENSG00000127884	4	shHIF2a_up	ECHS1	95.82	10	133373354	enoyl-CoA hydratase, short chain 1 [Source:HGNC Symbol;Acc:HGNC:3151]	no	YAP_regulated	NA
ENSG00000128294	4	shHIF2a_up	TPST2	35.19	22	26590132	tyrosylprotein sulfotransferase 2 [Source:HGNC Symbol;Acc:HGNC:12021]	no	Not_regulated_by_YAP	NA
ENSG00000128512	4	shHIF2a_up	DOCK4	2.09	7	111877128	dedicator of cytokinesis 4 [Source:HGNC Symbol;Acc:HGNC:19192]	no	YAP_regulated	NA
ENSG00000129255	4	shHIF2a_up	MPDU1	83.31	17	7583529	mannose-P-dolichol utilization defect 1 [Source:HGNC Symbol;Acc:HGNC:7207]	no	YAP_regulated	NA
ENSG00000129911	4	shHIF2a_up	KLF16	15.92	19	1863497	Kruppel like factor 16 [Source:HGNC Symbol;Acc:HGNC:16857]	Yes	YAP_regulated	C2H2 ZF
ENSG00000130413	4	shHIF2a_up	STK33	2.3	11	8452906	serine/threonine kinase 33 [Source:HGNC Symbol;Acc:HGNC:14568]	no	Not_regulated_by_YAP	NA
ENSG00000130638	4	shHIF2a_up	ATXN10	78.54	22	45671834	ataxin 10 [Source:HGNC Symbol;Acc:HGNC:10549]	no	Not_regulated_by_YAP	NA
ENSG00000130810	4	shHIF2a_up	PPAN	55.81	19	10106362	peter pan homolog [Source:HGNC Symbol;Acc:HGNC:9227]	no	YAP_regulated	NA
ENSG00000131015	4	shHIF2a_up	ULBP2	15.12	6	149942014	UL16 binding protein 2 [Source:HGNC Symbol;Acc:HGNC:14894]	no	Not_regulated_by_YAP	NA
ENSG00000131148	4	shHIF2a_up	EMC8	38.65	16	85781258	ER membrane protein complex subunit 8 [Source:HGNC Symbol;Acc:HGNC:7864]	no	Not_regulated_by_YAP	NA
ENSG00000131370	4	shHIF2a_up	SH3BP5	6.74	3	15276045	SH3 domain binding protein 5 [Source:HGNC Symbol;Acc:HGNC:10827]	no	Not_regulated_by_YAP	NA
ENSG00000131475	4	shHIF2a_up	VPS25	78.55	17	42773449	vacuolar protein sorting 25 homolog [Source:HGNC Symbol;Acc:HGNC:28122]	no	Not_regulated_by_YAP	NA
ENSG00000132002	4	shHIF2a_up	DNAJB1	57.23	19	14518397	DnaJ heat shock protein family (Hsp40) member B1 [Source:HGNC Symbol;Acc:HGNC:5270]	no	YAP_regulated	NA
ENSG00000132300	4	shHIF2a_up	PTCD3	48.91	2	86108345	pentatricopeptide repeat domain 3 [Source:HGNC Symbol;Acc:HGNC:24717]	no	Not_regulated_by_YAP	NA
ENSG00000132467	4	shHIF2a_up	UTP3	31.42	4	70688532	UTP3 small subunit processome component [Source:HGNC Symbol;Acc:HGNC:24477]	no	Not_regulated_by_YAP	NA
ENSG00000132603	4	shHIF2a_up	NIP7	62.95	16	69337996	nucleolar pre-rRNA processing protein NIP7 [Source:HGNC Symbol;Acc:HGNC:24328]	no	Not_regulated_by_YAP	NA
ENSG00000132661	4	shHIF2a_up	NXT1	28.96	20	23350791	nuclear transport factor 2 like export factor 1 [Source:HGNC Symbol;Acc:HGNC:15913]	no	YAP_regulated	NA
ENSG00000133226	4	shHIF2a_up	SRRM1	68.1	1	24631716	serine and arginine repetitive matrix 1 [Source:HGNC Symbol;Acc:HGNC:16638]	no	YAP_regulated	NA
ENSG00000134308	4	shHIF2a_up	YWHAQ	501.68	2	9630616	tyrosine 3-monooxygenase/tryptophan 5-monooxygenase activation protein theta [Source:HGNC Symbol;Acc:HGNC:12854]	no	YAP_regulated	NA
ENSG00000134375	4	shHIF2a_up	TIMM17A	100.61	1	201955510	translocase of inner mitochondrial membrane 17A [Source:HGNC Symbol;Acc:HGNC:17315]	no	YAP_regulated	NA
ENSG00000134480	4	shHIF2a_up	CCNH	28.78	5	87412908	cyclin H [Source:HGNC Symbol;Acc:HGNC:1594]	no	Not_regulated_by_YAP	NA
ENSG00000134697	4	shHIF2a_up	GNL2	89.01	1	37568115	G protein nucleolar 2 [Source:HGNC Symbol;Acc:HGNC:29925]	no	YAP_regulated	NA
ENSG00000134871	4	shHIF2a_up	COL4A2	152.38	13	110305812	collagen type IV alpha 2 chain [Source:HGNC Symbol;Acc:HGNC:2203]	no	Not_regulated_by_YAP	NA
ENSG00000134905	4	shHIF2a_up	CARS2	47.37	13	110651207	cysteinyl-tRNA synthetase 2, mitochondrial [Source:HGNC Symbol;Acc:HGNC:25695]	no	YAP_regulated	NA
ENSG00000135048	4	shHIF2a_up	CEMIP2	39	9	71768513	cell migration inducing hyaluronidase 2 [Source:HGNC Symbol;Acc:HGNC:11869]	no	YAP_regulated	NA
ENSG00000135127	4	shHIF2a_up	BICDL1	0.53	12	119999853	BICD family like cargo adaptor 1 [Source:HGNC Symbol;Acc:HGNC:28095]	no	Not_regulated_by_YAP	NA
ENSG00000135698	4	shHIF2a_up	MPHOSPH6	67	16	82170193	M-phase phosphoprotein 6 [Source:HGNC Symbol;Acc:HGNC:7214]	no	Not_regulated_by_YAP	NA
ENSG00000135930	4	shHIF2a_up	EIF4E2	125.7	2	232550807	eukaryotic translation initiation factor 4E family member 2 [Source:HGNC Symbol;Acc:HGNC:3293]	no	YAP_regulated	NA
ENSG00000136261	4	shHIF2a_up	BZW2	107.14	7	16646134	basic leucine zipper and W2 domains 2 [Source:HGNC Symbol;Acc:HGNC:18808]	no	YAP_regulated	NA
ENSG00000136527	4	shHIF2a_up	TRA2B	168.75	3	185938014	transformer 2 beta homolog [Source:HGNC Symbol;Acc:HGNC:10781]	no	YAP_regulated	NA
ENSG00000136856	4	shHIF2a_up	SLC2A8	29.47	9	127397169	solute carrier family 2 member 8 [Source:HGNC Symbol;Acc:HGNC:13812]	no	YAP_regulated	NA
ENSG00000136881	4	shHIF2a_up	BAAT	0.17	9	101371475	bile acid-CoA:amino acid N-acyltransferase [Source:HGNC Symbol;Acc:HGNC:932]	no	Not_regulated_by_YAP	NA
ENSG00000136888	4	shHIF2a_up	ATP6V1G1	148.1	9	114587769	ATPase H+ transporting V1 subunit G1 [Source:HGNC Symbol;Acc:HGNC:864]	no	YAP_regulated	NA
ENSG00000136930	4	shHIF2a_up	PSMB7	498.04	9	124415291	proteasome 20S subunit beta 7 [Source:HGNC Symbol;Acc:HGNC:9544]	no	YAP_regulated	NA
ENSG00000137040	4	shHIF2a_up	RANBP6	14.96	9	6015624	RAN binding protein 6 [Source:HGNC Symbol;Acc:HGNC:9851]	no	Not_regulated_by_YAP	NA
ENSG00000137055	4	shHIF2a_up	PLAA	30.08	9	26947242	phospholipase A2 activating protein [Source:HGNC Symbol;Acc:HGNC:9043]	no	YAP_regulated	NA
ENSG00000137267	4	shHIF2a_up	TUBB2A	76.08	6	3157544	tubulin beta 2A class IIa [Source:HGNC Symbol;Acc:HGNC:12412]	no	Not_regulated_by_YAP	NA
ENSG00000137547	4	shHIF2a_up	MRPL15	155.29	8	54135241	mitochondrial ribosomal protein L15 [Source:HGNC Symbol;Acc:HGNC:14054]	no	Not_regulated_by_YAP	NA
ENSG00000137692	4	shHIF2a_up	DCUN1D5	90.38	11	103089318	defective in cullin neddylation 1 domain containing 5 [Source:HGNC Symbol;Acc:HGNC:28409]	no	YAP_regulated	NA
ENSG00000137801	4	shHIF2a_up	THBS1	156.66	15	39581079	thrombospondin 1 [Source:HGNC Symbol;Acc:HGNC:11785]	no	YAP_regulated	NA
ENSG00000137965	4	shHIF2a_up	IFI44	13.88	1	78649796	interferon induced protein 44 [Source:HGNC Symbol;Acc:HGNC:16938]	no	Not_regulated_by_YAP	NA
ENSG00000138078	4	shHIF2a_up	PREPL	14.33	2	44360674	prolyl endopeptidase like [Source:HGNC Symbol;Acc:HGNC:30228]	no	YAP_regulated	NA
ENSG00000138231	4	shHIF2a_up	DBR1	18.91	3	138174921	debranching RNA lariats 1 [Source:HGNC Symbol;Acc:HGNC:15594]	no	Not_regulated_by_YAP	NA
ENSG00000138675	4	shHIF2a_up	FGF5	10.24	4	80266599	fibroblast growth factor 5 [Source:HGNC Symbol;Acc:HGNC:3683]	no	YAP_regulated	NA
ENSG00000138686	4	shHIF2a_up	BBS7	15.75	4	121870474	Bardet-Biedl syndrome 7 [Source:HGNC Symbol;Acc:HGNC:18758]	no	Not_regulated_by_YAP	NA
ENSG00000138756	4	shHIF2a_up	BMP2K	11.4	4	78776342	BMP2 inducible kinase [Source:HGNC Symbol;Acc:HGNC:18041]	no	YAP_regulated	NA
ENSG00000138835	4	shHIF2a_up	RGS3	29.58	9	113463729	regulator of G protein signaling 3 [Source:HGNC Symbol;Acc:HGNC:9999]	no	YAP_regulated	NA
ENSG00000139131	4	shHIF2a_up	YARS2	19.25	12	32750107	tyrosyl-tRNA synthetase 2 [Source:HGNC Symbol;Acc:HGNC:24249]	no	Not_regulated_by_YAP	NA
ENSG00000139546	4	shHIF2a_up	TARBP2	31.52	12	53500921	TARBP2 subunit of RISC loading complex [Source:HGNC Symbol;Acc:HGNC:11569]	no	YAP_regulated	NA
ENSG00000140650	4	shHIF2a_up	PMM2	84.83	16	8788823	phosphomannomutase 2 [Source:HGNC Symbol;Acc:HGNC:9115]	no	Not_regulated_by_YAP	NA
ENSG00000141543	4	shHIF2a_up	EIF4A3	94.82	17	80147151	eukaryotic translation initiation factor 4A3 [Source:HGNC Symbol;Acc:HGNC:18683]	no	YAP_regulated	NA
ENSG00000141580	4	shHIF2a_up	WDR45B	103.79	17	82648444	WD repeat domain 45B [Source:HGNC Symbol;Acc:HGNC:25072]	no	YAP_regulated	NA
ENSG00000141582	4	shHIF2a_up	CBX4	6.9	17	79839440	chromobox 4 [Source:HGNC Symbol;Acc:HGNC:1554]	no	YAP_regulated	NA
ENSG00000141741	4	shHIF2a_up	MIEN1	42.44	17	39730494	migration and invasion enhancer 1 [Source:HGNC Symbol;Acc:HGNC:28230]	no	YAP_regulated	NA
ENSG00000143514	4	shHIF2a_up	TP53BP2	52.4	1	223845954	tumor protein p53 binding protein 2 [Source:HGNC Symbol;Acc:HGNC:12000]	no	YAP_regulated	NA
ENSG00000143631	4	shHIF2a_up	FLG	24.14	1	152325239	filaggrin [Source:HGNC Symbol;Acc:HGNC:3748]	no	Not_regulated_by_YAP	NA
ENSG00000144048	4	shHIF2a_up	DUSP11	26.37	2	73780157	dual specificity phosphatase 11 [Source:HGNC Symbol;Acc:HGNC:3066]	no	Not_regulated_by_YAP	NA
ENSG00000144120	4	shHIF2a_up	TMEM177	18.36	2	119679167	transmembrane protein 177 [Source:HGNC Symbol;Acc:HGNC:28143]	no	YAP_regulated	NA
ENSG00000144136	4	shHIF2a_up	SLC20A1	94.27	2	112645939	solute carrier family 20 member 1 [Source:HGNC Symbol;Acc:HGNC:10946]	no	YAP_regulated	NA
ENSG00000144867	4	shHIF2a_up	SRPRB	62.42	3	133805615	SRP receptor subunit beta [Source:HGNC Symbol;Acc:HGNC:24085]	no	Not_regulated_by_YAP	NA
ENSG00000145362	4	shHIF2a_up	ANK2	4.01	4	112818032	ankyrin 2 [Source:HGNC Symbol;Acc:HGNC:493]	no	Not_regulated_by_YAP	NA
ENSG00000145536	4	shHIF2a_up	ADAMTS16	16.3	5	5140330	ADAM metallopeptidase with thrombospondin type 1 motif 16 [Source:HGNC Symbol;Acc:HGNC:17108]	no	Not_regulated_by_YAP	NA
ENSG00000145817	4	shHIF2a_up	YIPF5	66.23	5	144170659	Yip1 domain family member 5 [Source:HGNC Symbol;Acc:HGNC:24877]	no	Not_regulated_by_YAP	NA
ENSG00000146072	4	shHIF2a_up	TNFRSF21	8.57	6	47309905	TNF receptor superfamily member 21 [Source:HGNC Symbol;Acc:HGNC:13469]	no	Not_regulated_by_YAP	NA
ENSG00000146409	4	shHIF2a_up	SLC18B1	1.22	6	132798637	solute carrier family 18 member B1 [Source:HGNC Symbol;Acc:HGNC:21573]	no	Not_regulated_by_YAP	NA
ENSG00000147573	4	shHIF2a_up	TRIM55	16.95	8	66127129	tripartite motif containing 55 [Source:HGNC Symbol;Acc:HGNC:14215]	no	YAP_regulated	NA
ENSG00000148296	4	shHIF2a_up	SURF6	29.07	9	133336188	surfeit 6 [Source:HGNC Symbol;Acc:HGNC:11478]	no	Not_regulated_by_YAP	NA
ENSG00000148484	4	shHIF2a_up	RSU1	140.43	10	16817383	Ras suppressor protein 1 [Source:HGNC Symbol;Acc:HGNC:10464]	no	YAP_regulated	NA
ENSG00000148730	4	shHIF2a_up	EIF4EBP2	17.58	10	70404145	eukaryotic translation initiation factor 4E binding protein 2 [Source:HGNC Symbol;Acc:HGNC:3289]	no	YAP_regulated	NA
ENSG00000149260	4	shHIF2a_up	CAPN5	3.04	11	77066961	calpain 5 [Source:HGNC Symbol;Acc:HGNC:1482]	no	YAP_regulated	NA
ENSG00000149930	4	shHIF2a_up	TAOK2	20.68	16	29973868	TAO kinase 2 [Source:HGNC Symbol;Acc:HGNC:16835]	no	YAP_regulated	NA
ENSG00000150551	4	shHIF2a_up	LYPD1	3.4	2	132670205	LY6/PLAUR domain containing 1 [Source:HGNC Symbol;Acc:HGNC:28431]	no	Not_regulated_by_YAP	NA
ENSG00000150787	4	shHIF2a_up	PTS	48.32	11	112226388	6-pyruvoyltetrahydropterin synthase [Source:HGNC Symbol;Acc:HGNC:9689]	no	YAP_regulated	NA
ENSG00000150961	4	shHIF2a_up	SEC24D	71.89	4	118836126	SEC24 homolog D, COPII coat complex component [Source:HGNC Symbol;Acc:HGNC:10706]	no	YAP_regulated	NA
ENSG00000151135	4	shHIF2a_up	TMEM263	76.29	12	106955719	transmembrane protein 263 [Source:HGNC Symbol;Acc:HGNC:28281]	no	YAP_regulated	NA
ENSG00000151576	4	shHIF2a_up	QTRT2	26.4	3	114005833	queuine tRNA-ribosyltransferase accessory subunit 2 [Source:HGNC Symbol;Acc:HGNC:25771]	no	YAP_regulated	NA
ENSG00000152137	4	shHIF2a_up	HSPB8	64.93	12	119178931	heat shock protein family B (small) member 8 [Source:HGNC Symbol;Acc:HGNC:30171]	no	YAP_regulated	NA
ENSG00000152795	4	shHIF2a_up	HNRNPDL	361.84	4	82430401	heterogeneous nuclear ribonucleoprotein D like [Source:HGNC Symbol;Acc:HGNC:5037]	no	YAP_regulated	NA
ENSG00000153037	4	shHIF2a_up	SRP19	141.71	5	112861188	signal recognition particle 19 [Source:HGNC Symbol;Acc:HGNC:11300]	no	Not_regulated_by_YAP	NA
ENSG00000153898	4	shHIF2a_up	MCOLN2	1.47	1	84997113	mucolipin 2 [Source:HGNC Symbol;Acc:HGNC:13357]	no	Not_regulated_by_YAP	NA
ENSG00000154813	4	shHIF2a_up	DPH3	14.39	3	16264943	diphthamide biosynthesis 3 [Source:HGNC Symbol;Acc:HGNC:27717]	no	Not_regulated_by_YAP	NA
ENSG00000155115	4	shHIF2a_up	GTF3C6	80.39	6	110958706	general transcription factor IIIC subunit 6 [Source:HGNC Symbol;Acc:HGNC:20872]	no	Not_regulated_by_YAP	NA
ENSG00000155254	4	shHIF2a_up	MARVELD1	44.78	10	97713173	MARVEL domain containing 1 [Source:HGNC Symbol;Acc:HGNC:28674]	no	Not_regulated_by_YAP	NA
ENSG00000155368	4	shHIF2a_up	DBI	465.27	2	119366921	diazepam binding inhibitor, acyl-CoA binding protein [Source:HGNC Symbol;Acc:HGNC:2690]	no	YAP_regulated	NA
ENSG00000156110	4	shHIF2a_up	ADK	92.23	10	74151202	adenosine kinase [Source:HGNC Symbol;Acc:HGNC:257]	no	YAP_regulated	NA
ENSG00000156253	4	shHIF2a_up	RWDD2B	14.13	21	29019349	RWD domain containing 2B [Source:HGNC Symbol;Acc:HGNC:1302]	no	Not_regulated_by_YAP	NA
ENSG00000156467	4	shHIF2a_up	UQCRB	306.72	8	96235545	ubiquinol-cytochrome c reductase binding protein [Source:HGNC Symbol;Acc:HGNC:12582]	no	YAP_regulated	NA
ENSG00000157020	4	shHIF2a_up	SEC13	187.23	3	10305072	SEC13 homolog, nuclear pore and COPII coat complex component [Source:HGNC Symbol;Acc:HGNC:10697]	no	YAP_regulated	NA
ENSG00000157778	4	shHIF2a_up	PSMG3	35.37	7	1570032	proteasome assembly chaperone 3 [Source:HGNC Symbol;Acc:HGNC:22420]	no	Not_regulated_by_YAP	NA
ENSG00000158042	4	shHIF2a_up	MRPL17	57.5	11	6683340	mitochondrial ribosomal protein L17 [Source:HGNC Symbol;Acc:HGNC:14053]	no	Not_regulated_by_YAP	NA
ENSG00000158636	4	shHIF2a_up	EMSY	7.92	11	76444923	EMSY transcriptional repressor, BRCA2 interacting [Source:HGNC Symbol;Acc:HGNC:18071]	no	YAP_regulated	NA
ENSG00000159658	4	shHIF2a_up	EFCAB14	60.3	1	46719139	EF-hand calcium binding domain 14 [Source:HGNC Symbol;Acc:HGNC:29051]	no	YAP_regulated	NA
ENSG00000159720	4	shHIF2a_up	ATP6V0D1	70.31	16	67441732	ATPase H+ transporting V0 subunit d1 [Source:HGNC Symbol;Acc:HGNC:13724]	no	YAP_regulated	NA
ENSG00000160213	4	shHIF2a_up	CSTB	87.77	21	43776238	cystatin B [Source:HGNC Symbol;Acc:HGNC:2482]	no	YAP_regulated	NA
ENSG00000160256	4	shHIF2a_up	FAM207A	22.33	21	44940029	family with sequence similarity 207 member A [Source:HGNC Symbol;Acc:HGNC:15811]	no	Not_regulated_by_YAP	NA
ENSG00000160345	4	shHIF2a_up	C9orf116	4.7	9	135499869	chromosome 9 open reading frame 116 [Source:HGNC Symbol;Acc:HGNC:28435]	no	Not_regulated_by_YAP	NA
ENSG00000160404	4	shHIF2a_up	TOR2A	9.54	9	127735292	torsin family 2 member A [Source:HGNC Symbol;Acc:HGNC:11996]	no	YAP_regulated	NA
ENSG00000160606	4	shHIF2a_up	TLCD1	6.06	17	28726233	TLC domain containing 1 [Source:HGNC Symbol;Acc:HGNC:25177]	no	YAP_regulated	NA
ENSG00000160953	4	shHIF2a_up	PWWP3A	27.5	19	1354711	PWWP domain containing 3A, DNA repair factor [Source:HGNC Symbol;Acc:HGNC:29641]	no	YAP_regulated	NA
ENSG00000161533	4	shHIF2a_up	ACOX1	9.72	17	75979166	acyl-CoA oxidase 1 [Source:HGNC Symbol;Acc:HGNC:119]	no	YAP_regulated	NA
ENSG00000162236	4	shHIF2a_up	STX5	25.05	11	62832041	syntaxin 5 [Source:HGNC Symbol;Acc:HGNC:11440]	no	YAP_regulated	NA
ENSG00000162614	4	shHIF2a_up	NEXN	35.1	1	77888513	nexilin F-actin binding protein [Source:HGNC Symbol;Acc:HGNC:29557]	no	Not_regulated_by_YAP	NA
ENSG00000163131	4	shHIF2a_up	CTSS	19.84	1	150765778	cathepsin S [Source:HGNC Symbol;Acc:HGNC:2545]	no	Not_regulated_by_YAP	NA
ENSG00000163170	4	shHIF2a_up	BOLA3	68.69	2	74145508	bolA family member 3 [Source:HGNC Symbol;Acc:HGNC:24415]	no	Not_regulated_by_YAP	NA
ENSG00000163249	4	shHIF2a_up	CCNYL1	25.82	2	207711540	cyclin Y like 1 [Source:HGNC Symbol;Acc:HGNC:26868]	no	YAP_regulated	NA
ENSG00000163395	4	shHIF2a_up	IGFN1	124.94	1	201190824	immunoglobulin like and fibronectin type III domain containing 1 [Source:HGNC Symbol;Acc:HGNC:24607]	no	YAP_regulated	NA
ENSG00000163435	4	shHIF2a_up	ELF3	14.59	1	202010625	E74 like ETS transcription factor 3 [Source:HGNC Symbol;Acc:HGNC:3318]	Yes	YAP_regulated	Ets; AT hook
ENSG00000163468	4	shHIF2a_up	CCT3	402.27	1	156338292	chaperonin containing TCP1 subunit 3 [Source:HGNC Symbol;Acc:HGNC:1616]	no	YAP_regulated	NA
ENSG00000163481	4	shHIF2a_up	RNF25	21.39	2	218671984	ring finger protein 25 [Source:HGNC Symbol;Acc:HGNC:14662]	no	Not_regulated_by_YAP	NA
ENSG00000163636	4	shHIF2a_up	PSMD6	113.38	3	64023560	proteasome 26S subunit, non-ATPase 6 [Source:HGNC Symbol;Acc:HGNC:9564]	no	YAP_regulated	NA
ENSG00000164086	4	shHIF2a_up	DUSP7	10.49	3	52056571	dual specificity phosphatase 7 [Source:HGNC Symbol;Acc:HGNC:3073]	no	Not_regulated_by_YAP	NA
ENSG00000164125	4	shHIF2a_up	GASK1B	7.2	4	158173050	golgi associated kinase 1B [Source:HGNC Symbol;Acc:HGNC:25312]	no	Not_regulated_by_YAP	NA
ENSG00000164134	4	shHIF2a_up	NAA15	35.12	4	139301505	N-alpha-acetyltransferase 15, NatA auxiliary subunit [Source:HGNC Symbol;Acc:HGNC:30782]	no	YAP_regulated	NA
ENSG00000164172	4	shHIF2a_up	MOCS2	30.53	5	53108097	molybdenum cofactor synthesis 2 [Source:HGNC Symbol;Acc:HGNC:7193]	no	Not_regulated_by_YAP	NA
ENSG00000164236	4	shHIF2a_up	ANKRD33B	5.03	5	10564330	ankyrin repeat domain 33B [Source:HGNC Symbol;Acc:HGNC:35240]	no	YAP_regulated	NA
ENSG00000164823	4	shHIF2a_up	OSGIN2	42.74	8	89901849	oxidative stress induced growth inhibitor family member 2 [Source:HGNC Symbol;Acc:HGNC:1355]	no	YAP_regulated	NA
ENSG00000164885	4	shHIF2a_up	CDK5	28.04	7	151057897	cyclin dependent kinase 5 [Source:HGNC Symbol;Acc:HGNC:1774]	no	YAP_regulated	NA
ENSG00000164934	4	shHIF2a_up	DCAF13	146.36	8	103414714	DDB1 and CUL4 associated factor 13 [Source:HGNC Symbol;Acc:HGNC:24535]	no	YAP_regulated	NA
ENSG00000165060	4	shHIF2a_up	FXN	25.49	9	69035751	frataxin [Source:HGNC Symbol;Acc:HGNC:3951]	no	YAP_regulated	NA
ENSG00000165271	4	shHIF2a_up	NOL6	29.56	9	33473930	nucleolar protein 6 [Source:HGNC Symbol;Acc:HGNC:19910]	no	YAP_regulated	NA
ENSG00000165280	4	shHIF2a_up	VCP	254.53	9	35057833	valosin containing protein [Source:HGNC Symbol;Acc:HGNC:12666]	no	YAP_regulated	NA
ENSG00000165300	4	shHIF2a_up	SLITRK5	0.87	13	87672615	SLIT and NTRK like family member 5 [Source:HGNC Symbol;Acc:HGNC:20295]	no	Not_regulated_by_YAP	NA
ENSG00000165806	4	shHIF2a_up	CASP7	31.6	10	113679940	caspase 7 [Source:HGNC Symbol;Acc:HGNC:1508]	no	YAP_regulated	NA
ENSG00000166189	4	shHIF2a_up	HPS6	17.38	10	102065349	HPS6 biogenesis of lysosomal organelles complex 2 subunit 3 [Source:HGNC Symbol;Acc:HGNC:18817]	no	YAP_regulated	NA
ENSG00000166619	4	shHIF2a_up	BLCAP	34.51	20	37509231	BLCAP apoptosis inducing factor [Source:HGNC Symbol;Acc:HGNC:1055]	no	YAP_regulated	NA
ENSG00000166681	4	shHIF2a_up	BEX3	89.35	X	103376538	brain expressed X-linked 3 [Source:HGNC Symbol;Acc:HGNC:13388]	no	Not_regulated_by_YAP	NA
ENSG00000166689	4	shHIF2a_up	PLEKHA7	2.55	11	16791345	pleckstrin homology domain containing A7 [Source:HGNC Symbol;Acc:HGNC:27049]	no	YAP_regulated	NA
ENSG00000166902	4	shHIF2a_up	MRPL16	40.15	11	59810778	mitochondrial ribosomal protein L16 [Source:HGNC Symbol;Acc:HGNC:14476]	no	Not_regulated_by_YAP	NA
ENSG00000167118	4	shHIF2a_up	URM1	104.84	9	128371361	ubiquitin related modifier 1 [Source:HGNC Symbol;Acc:HGNC:28378]	no	Not_regulated_by_YAP	NA
ENSG00000167283	4	shHIF2a_up	ATP5MG	171.24	11	118401622	ATP synthase membrane subunit g [Source:HGNC Symbol;Acc:HGNC:14247]	no	YAP_regulated	NA
ENSG00000167470	4	shHIF2a_up	MIDN	20.5	19	1248553	midnolin [Source:HGNC Symbol;Acc:HGNC:16298]	no	YAP_regulated	NA
ENSG00000167515	4	shHIF2a_up	TRAPPC2L	41.92	16	88856220	trafficking protein particle complex 2 like [Source:HGNC Symbol;Acc:HGNC:30887]	no	YAP_regulated	NA
ENSG00000167695	4	shHIF2a_up	TLCD3A	23.16	17	732412	TLC domain containing 3A [Source:HGNC Symbol;Acc:HGNC:29646]	no	Not_regulated_by_YAP	NA
ENSG00000168040	4	shHIF2a_up	FADD	20.23	11	70203296	Fas associated via death domain [Source:HGNC Symbol;Acc:HGNC:3573]	no	YAP_regulated	NA
ENSG00000168653	4	shHIF2a_up	NDUFS5	596	1	39026350	NADH:ubiquinone oxidoreductase subunit S5 [Source:HGNC Symbol;Acc:HGNC:7712]	no	Not_regulated_by_YAP	NA
ENSG00000168938	4	shHIF2a_up	PPIC	69.78	5	123036725	peptidylprolyl isomerase C [Source:HGNC Symbol;Acc:HGNC:9256]	no	Not_regulated_by_YAP	NA
ENSG00000169021	4	shHIF2a_up	UQCRFS1	61.01	19	29213151	ubiquinol-cytochrome c reductase, Rieske iron-sulfur polypeptide 1 [Source:HGNC Symbol;Acc:HGNC:12587]	no	Not_regulated_by_YAP	NA
ENSG00000169100	4	shHIF2a_up	SLC25A6	238.27	X	1392088	solute carrier family 25 member 6 [Source:HGNC Symbol;Acc:HGNC:10992]	no	YAP_regulated	NA
ENSG00000169193	4	shHIF2a_up	CCDC126	6.63	7	23597382	coiled-coil domain containing 126 [Source:HGNC Symbol;Acc:HGNC:22398]	no	YAP_regulated	NA
ENSG00000169710	4	shHIF2a_up	FASN	139.74	17	82098236	fatty acid synthase [Source:HGNC Symbol;Acc:HGNC:3594]	no	YAP_regulated	NA
ENSG00000169851	4	shHIF2a_up	PCDH7	0.37	4	30720415	protocadherin 7 [Source:HGNC Symbol;Acc:HGNC:8659]	no	Not_regulated_by_YAP	NA
ENSG00000170027	4	shHIF2a_up	YWHAG	301.68	7	76358991	tyrosine 3-monooxygenase/tryptophan 5-monooxygenase activation protein gamma [Source:HGNC Symbol;Acc:HGNC:12852]	no	YAP_regulated	NA
ENSG00000170185	4	shHIF2a_up	USP38	5.26	4	143184917	ubiquitin specific peptidase 38 [Source:HGNC Symbol;Acc:HGNC:20067]	no	YAP_regulated	NA
ENSG00000170421	4	shHIF2a_up	KRT8	579.96	12	52949842	keratin 8 [Source:HGNC Symbol;Acc:HGNC:6446]	no	YAP_regulated	NA
ENSG00000170430	4	shHIF2a_up	MGMT	16.22	10	129467190	O-6-methylguanine-DNA methyltransferase [Source:HGNC Symbol;Acc:HGNC:7059]	no	YAP_regulated	NA
ENSG00000170606	4	shHIF2a_up	HSPA4	98.96	5	133052013	heat shock protein family A (Hsp70) member 4 [Source:HGNC Symbol;Acc:HGNC:5237]	no	YAP_regulated	NA
ENSG00000171067	4	shHIF2a_up	C11orf24	53.4	11	68271947	chromosome 11 open reading frame 24 [Source:HGNC Symbol;Acc:HGNC:1174]	no	YAP_regulated	NA
ENSG00000171451	4	shHIF2a_up	DSEL	1.97	18	67516720	dermatan sulfate epimerase like [Source:HGNC Symbol;Acc:HGNC:18144]	no	Not_regulated_by_YAP	NA
ENSG00000171858	4	shHIF2a_up	RPS21	4100.1	20	62387103	ribosomal protein S21 [Source:HGNC Symbol;Acc:HGNC:10409]	no	Not_regulated_by_YAP	NA
ENSG00000172123	4	shHIF2a_up	SLFN12	12.21	17	35433196	schlafen family member 12 [Source:HGNC Symbol;Acc:HGNC:25500]	no	YAP_regulated	NA
ENSG00000172172	4	shHIF2a_up	MRPL13	131.62	8	120414112	mitochondrial ribosomal protein L13 [Source:HGNC Symbol;Acc:HGNC:14278]	no	Not_regulated_by_YAP	NA
ENSG00000172315	4	shHIF2a_up	TP53RK	10.6	20	46689444	TP53 regulating kinase [Source:HGNC Symbol;Acc:HGNC:16197]	no	YAP_regulated	NA
ENSG00000172339	4	shHIF2a_up	ALG14	2.57	1	95072951	ALG14 UDP-N-acetylglucosaminyltransferase subunit [Source:HGNC Symbol;Acc:HGNC:28287]	no	Not_regulated_by_YAP	NA
ENSG00000172409	4	shHIF2a_up	CLP1	13.73	11	57648992	cleavage factor polyribonucleotide kinase subunit 1 [Source:HGNC Symbol;Acc:HGNC:16999]	no	YAP_regulated	NA
ENSG00000172428	4	shHIF2a_up	COPS9	182.37	2	240136347	COP9 signalosome subunit 9 [Source:HGNC Symbol;Acc:HGNC:21314]	no	Not_regulated_by_YAP	NA
ENSG00000172809	4	shHIF2a_up	RPL38	1137.3	17	74203582	ribosomal protein L38 [Source:HGNC Symbol;Acc:HGNC:10349]	no	Not_regulated_by_YAP	NA
ENSG00000172936	4	shHIF2a_up	MYD88	12.31	3	38138651	MYD88 innate immune signal transduction adaptor [Source:HGNC Symbol;Acc:HGNC:7562]	no	Not_regulated_by_YAP	NA
ENSG00000173465	4	shHIF2a_up	ZNRD2	45.84	11	65570477	zinc ribbon domain containing 2 [Source:HGNC Symbol;Acc:HGNC:11328]	no	YAP_regulated	NA
ENSG00000173786	4	shHIF2a_up	CNP	23.12	17	41966763	2',3'-cyclic nucleotide 3' phosphodiesterase [Source:HGNC Symbol;Acc:HGNC:2158]	no	Not_regulated_by_YAP	NA
ENSG00000174276	4	shHIF2a_up	ZNHIT2	3.87	11	65117701	zinc finger HIT-type containing 2 [Source:HGNC Symbol;Acc:HGNC:1177]	no	Not_regulated_by_YAP	NA
ENSG00000174695	4	shHIF2a_up	TMEM167A	59.11	5	83077367	transmembrane protein 167A [Source:HGNC Symbol;Acc:HGNC:28330]	no	Not_regulated_by_YAP	NA
ENSG00000174917	4	shHIF2a_up	MICOS13	45.11	19	5679763	mitochondrial contact site and cristae organizing system subunit 13 [Source:HGNC Symbol;Acc:HGNC:33702]	no	YAP_regulated	NA
ENSG00000174953	4	shHIF2a_up	DHX36	32.92	3	154277894	DEAH-box helicase 36 [Source:HGNC Symbol;Acc:HGNC:14410]	no	Not_regulated_by_YAP	NA
ENSG00000175324	4	shHIF2a_up	LSM1	33.14	8	38176493	LSM1 homolog, mRNA degradation associated [Source:HGNC Symbol;Acc:HGNC:20472]	no	Not_regulated_by_YAP	NA
ENSG00000175348	4	shHIF2a_up	TMEM9B	33.5	11	8964402	TMEM9 domain family member B [Source:HGNC Symbol;Acc:HGNC:1168]	no	YAP_regulated	NA
ENSG00000175895	4	shHIF2a_up	PLEKHF2	12.55	8	95133785	pleckstrin homology and FYVE domain containing 2 [Source:HGNC Symbol;Acc:HGNC:20757]	no	YAP_regulated	NA
ENSG00000176108	4	shHIF2a_up	CHMP6	35.68	17	80991841	charged multivesicular body protein 6 [Source:HGNC Symbol;Acc:HGNC:25675]	no	YAP_regulated	NA
ENSG00000176406	4	shHIF2a_up	RIMS2	1.17	8	103500696	regulating synaptic membrane exocytosis 2 [Source:HGNC Symbol;Acc:HGNC:17283]	no	Not_regulated_by_YAP	NA
ENSG00000177370	4	shHIF2a_up	TIMM22	11.33	17	997129	translocase of inner mitochondrial membrane 22 [Source:HGNC Symbol;Acc:HGNC:17317]	no	Not_regulated_by_YAP	NA
ENSG00000177700	4	shHIF2a_up	POLR2L	116.92	11	842529	RNA polymerase II subunit L [Source:HGNC Symbol;Acc:HGNC:9199]	no	YAP_regulated	NA
ENSG00000177889	4	shHIF2a_up	UBE2N	159.66	12	93441256	ubiquitin conjugating enzyme E2 N [Source:HGNC Symbol;Acc:HGNC:12492]	no	YAP_regulated	NA
ENSG00000178567	4	shHIF2a_up	EPM2AIP1	5.63	3	36993131	EPM2A interacting protein 1 [Source:HGNC Symbol;Acc:HGNC:19735]	no	YAP_regulated	NA
ENSG00000178896	4	shHIF2a_up	EXOSC4	36.63	8	144078672	exosome component 4 [Source:HGNC Symbol;Acc:HGNC:18189]	no	Not_regulated_by_YAP	NA
ENSG00000178913	4	shHIF2a_up	TAF7	109.85	5	141320645	TATA-box binding protein associated factor 7 [Source:HGNC Symbol;Acc:HGNC:11541]	no	YAP_regulated	NA
ENSG00000178980	4	shHIF2a_up	SELENOW	71.42	19	47780756	selenoprotein W [Source:HGNC Symbol;Acc:HGNC:10752]	no	Not_regulated_by_YAP	NA
ENSG00000179041	4	shHIF2a_up	RRS1	63.2	8	66429014	ribosome biogenesis regulator 1 homolog [Source:HGNC Symbol;Acc:HGNC:17083]	no	YAP_regulated	NA
ENSG00000179431	4	shHIF2a_up	FJX1	20.93	11	35618460	four-jointed box kinase 1 [Source:HGNC Symbol;Acc:HGNC:17166]	no	Not_regulated_by_YAP	NA
ENSG00000179958	4	shHIF2a_up	DCTPP1	140.86	16	30430030	dCTP pyrophosphatase 1 [Source:HGNC Symbol;Acc:HGNC:28777]	no	YAP_regulated	NA
ENSG00000180667	4	shHIF2a_up	YOD1	12.7	1	207052980	YOD1 deubiquitinase [Source:HGNC Symbol;Acc:HGNC:25035]	no	YAP_regulated	NA
ENSG00000180730	4	shHIF2a_up	SHISA2	20.19	13	26052016	shisa family member 2 [Source:HGNC Symbol;Acc:HGNC:20366]	no	Not_regulated_by_YAP	NA
ENSG00000181026	4	shHIF2a_up	AEN	29.07	15	88621340	apoptosis enhancing nuclease [Source:HGNC Symbol;Acc:HGNC:25722]	no	YAP_regulated	NA
ENSG00000181817	4	shHIF2a_up	LSM10	46.88	1	36397887	LSM10, U7 small nuclear RNA associated [Source:HGNC Symbol;Acc:HGNC:17562]	no	Not_regulated_by_YAP	NA
ENSG00000182636	4	shHIF2a_up	NDN	10.81	15	23687305	necdin, MAGE family member [Source:HGNC Symbol;Acc:HGNC:7675]	no	Not_regulated_by_YAP	NA
ENSG00000182810	4	shHIF2a_up	DDX28	8.82	16	68023232	DEAD-box helicase 28 [Source:HGNC Symbol;Acc:HGNC:17330]	no	Not_regulated_by_YAP	NA
ENSG00000183520	4	shHIF2a_up	UTP11	92.28	1	38009258	UTP11 small subunit processome component [Source:HGNC Symbol;Acc:HGNC:24329]	no	YAP_regulated	NA
ENSG00000183779	4	shHIF2a_up	ZNF703	2.38	8	37695782	zinc finger protein 703 [Source:HGNC Symbol;Acc:HGNC:25883]	Yes	YAP_regulated	C2H2 ZF
ENSG00000183978	4	shHIF2a_up	COA3	49.96	17	42798690	cytochrome c oxidase assembly factor 3 [Source:HGNC Symbol;Acc:HGNC:24990]	no	Not_regulated_by_YAP	NA
ENSG00000184009	4	shHIF2a_up	ACTG1	6127.8	17	81512799	actin gamma 1 [Source:HGNC Symbol;Acc:HGNC:144]	no	YAP_regulated	NA
ENSG00000184076	4	shHIF2a_up	UQCR10	138.68	22	29767369	ubiquinol-cytochrome c reductase, complex III subunit X [Source:HGNC Symbol;Acc:HGNC:30863]	no	YAP_regulated	NA
ENSG00000184178	4	shHIF2a_up	SCFD2	9.34	4	53366061	sec1 family domain containing 2 [Source:HGNC Symbol;Acc:HGNC:30676]	no	Not_regulated_by_YAP	NA
ENSG00000184254	4	shHIF2a_up	ALDH1A3	6.18	15	100879875	aldehyde dehydrogenase 1 family member A3 [Source:HGNC Symbol;Acc:HGNC:409]	no	Not_regulated_by_YAP	NA
ENSG00000184281	4	shHIF2a_up	TSSC4	20.49	11	2400488	tumor suppressing subtransferable candidate 4 [Source:HGNC Symbol;Acc:HGNC:12386]	no	YAP_regulated	NA
ENSG00000185222	4	shHIF2a_up	TCEAL9	135.66	X	103356489	transcription elongation factor A like 9 [Source:HGNC Symbol;Acc:HGNC:30084]	no	Not_regulated_by_YAP	NA
ENSG00000186480	4	shHIF2a_up	INSIG1	252.65	7	155297878	insulin induced gene 1 [Source:HGNC Symbol;Acc:HGNC:6083]	no	YAP_regulated	NA
ENSG00000188130	4	shHIF2a_up	MAPK12	14.87	22	50261545	mitogen-activated protein kinase 12 [Source:HGNC Symbol;Acc:HGNC:6874]	no	Not_regulated_by_YAP	NA
ENSG00000188707	4	shHIF2a_up	ZBED6CL	31.08	7	150323216	ZBED6 C-terminal like [Source:HGNC Symbol;Acc:HGNC:21720]	no	Not_regulated_by_YAP	NA
ENSG00000189241	4	shHIF2a_up	TSPYL1	22.58	6	116279887	TSPY like 1 [Source:HGNC Symbol;Acc:HGNC:12382]	no	Not_regulated_by_YAP	NA
ENSG00000196428	4	shHIF2a_up	TSC22D2	24.99	3	150410969	TSC22 domain family member 2 [Source:HGNC Symbol;Acc:HGNC:29095]	no	YAP_regulated	NA
ENSG00000197019	4	shHIF2a_up	SERTAD1	4.5	19	40425992	SERTA domain containing 1 [Source:HGNC Symbol;Acc:HGNC:17932]	no	YAP_regulated	NA
ENSG00000197150	4	shHIF2a_up	ABCB8	31.72	7	151028462	ATP binding cassette subfamily B member 8 [Source:HGNC Symbol;Acc:HGNC:49]	no	YAP_regulated	NA
ENSG00000197182	4	shHIF2a_up	MIRLET7BHG	2.99	22	46053869	MIRLET7B host gene [Source:HGNC Symbol;Acc:HGNC:37189]	no	Not_regulated_by_YAP	NA
ENSG00000197415	4	shHIF2a_up	VEPH1	15.57	3	157381673	ventricular zone expressed PH domain containing 1 [Source:HGNC Symbol;Acc:HGNC:25735]	no	YAP_regulated	NA
ENSG00000197451	4	shHIF2a_up	HNRNPAB	329.86	5	178204544	heterogeneous nuclear ribonucleoprotein A/B [Source:HGNC Symbol;Acc:HGNC:5034]	no	YAP_regulated	NA
ENSG00000197728	4	shHIF2a_up	RPS26	578.22	12	56041893	ribosomal protein S26 [Source:HGNC Symbol;Acc:HGNC:10414]	no	Not_regulated_by_YAP	NA
ENSG00000197780	4	shHIF2a_up	TAF13	88.63	1	109076003	TATA-box binding protein associated factor 13 [Source:HGNC Symbol;Acc:HGNC:11546]	no	YAP_regulated	NA
ENSG00000197982	4	shHIF2a_up	C1orf122	45.94	1	37806979	chromosome 1 open reading frame 122 [Source:HGNC Symbol;Acc:HGNC:24789]	no	YAP_regulated	NA
ENSG00000198018	4	shHIF2a_up	ENTPD7	19.84	10	99659509	ectonucleoside triphosphate diphosphohydrolase 7 [Source:HGNC Symbol;Acc:HGNC:19745]	no	YAP_regulated	NA
ENSG00000198492	4	shHIF2a_up	YTHDF2	59.13	1	28736621	YTH N6-methyladenosine RNA binding protein 2 [Source:HGNC Symbol;Acc:HGNC:31675]	no	YAP_regulated	NA
ENSG00000198824	4	shHIF2a_up	CHAMP1	17.01	13	114314488	chromosome alignment maintaining phosphoprotein 1 [Source:HGNC Symbol;Acc:HGNC:20311]	Yes	YAP_regulated	C2H2 ZF
ENSG00000198841	4	shHIF2a_up	KTI12	15.48	1	52033810	KTI12 chromatin associated homolog [Source:HGNC Symbol;Acc:HGNC:25160]	no	YAP_regulated	NA
ENSG00000198863	4	shHIF2a_up	RUNDC1	7	17	42980565	RUN domain containing 1 [Source:HGNC Symbol;Acc:HGNC:25418]	no	YAP_regulated	NA
ENSG00000198890	4	shHIF2a_up	PRMT6	19.25	1	107056674	protein arginine methyltransferase 6 [Source:HGNC Symbol;Acc:HGNC:18241]	no	Not_regulated_by_YAP	NA
ENSG00000198900	4	shHIF2a_up	TOP1	67.72	20	41028822	DNA topoisomerase I [Source:HGNC Symbol;Acc:HGNC:11986]	no	YAP_regulated	NA
ENSG00000198931	4	shHIF2a_up	APRT	144.31	16	88811928	adenine phosphoribosyltransferase [Source:HGNC Symbol;Acc:HGNC:626]	no	YAP_regulated	NA
ENSG00000198938	4	shHIF2a_up	MT-CO3	13236	MT	9207	mitochondrially encoded cytochrome c oxidase III [Source:HGNC Symbol;Acc:HGNC:7422]	no	Not_regulated_by_YAP	NA
ENSG00000204161	4	shHIF2a_up	TMEM273	18.46	10	49178401	transmembrane protein 273 [Source:HGNC Symbol;Acc:HGNC:27274]	no	YAP_regulated	NA
ENSG00000204388	4	shHIF2a_up	HSPA1B	34.02	6	31827738	heat shock protein family A (Hsp70) member 1B [Source:HGNC Symbol;Acc:HGNC:5233]	no	Not_regulated_by_YAP	NA
ENSG00000204389	4	shHIF2a_up	HSPA1A	13.64	6	31815543	heat shock protein family A (Hsp70) member 1A [Source:HGNC Symbol;Acc:HGNC:5232]	no	Not_regulated_by_YAP	NA
ENSG00000204520	4	shHIF2a_up	MICA	54.39	6	31400700	MHC class I polypeptide-related sequence A [Source:HGNC Symbol;Acc:HGNC:7090]	no	Not_regulated_by_YAP	NA
ENSG00000204574	4	shHIF2a_up	ABCF1	59.69	6	30571442	ATP binding cassette subfamily F member 1 [Source:HGNC Symbol;Acc:HGNC:70]	no	YAP_regulated	NA
ENSG00000205060	4	shHIF2a_up	SLC35B4	14.42	7	134316930	solute carrier family 35 member B4 [Source:HGNC Symbol;Acc:HGNC:20584]	no	Not_regulated_by_YAP	NA
ENSG00000205250	4	shHIF2a_up	E2F4	60.56	16	67192190	E2F transcription factor 4 [Source:HGNC Symbol;Acc:HGNC:3118]	Yes	Not_regulated_by_YAP	E2F
ENSG00000205403	4	shHIF2a_up	CFI	1.61	4	109801978	complement factor I [Source:HGNC Symbol;Acc:HGNC:5394]	no	Not_regulated_by_YAP	NA
ENSG00000205542	4	shHIF2a_up	TMSB4X	3899.7	X	12975658	thymosin beta 4 X-linked [Source:HGNC Symbol;Acc:HGNC:11881]	no	Not_regulated_by_YAP	NA
ENSG00000213190	4	shHIF2a_up	MLLT11	30.47	1	151060397	MLLT11 transcription factor 7 cofactor [Source:HGNC Symbol;Acc:HGNC:16997]	no	YAP_regulated	NA
ENSG00000213523	4	shHIF2a_up	SRA1	45.59	5	140551128	steroid receptor RNA activator 1 [Source:HGNC Symbol;Acc:HGNC:11281]	no	Not_regulated_by_YAP	NA
ENSG00000213699	4	shHIF2a_up	SLC35F6	27.73	2	26764325	solute carrier family 35 member F6 [Source:HGNC Symbol;Acc:HGNC:26055]	no	Not_regulated_by_YAP	NA
ENSG00000214113	4	shHIF2a_up	LYRM4	18.93	6	5260733	LYR motif containing 4 [Source:HGNC Symbol;Acc:HGNC:21365]	no	YAP_regulated	NA
ENSG00000214114	4	shHIF2a_up	MYCBP	53.14	1	38873368	MYC binding protein [Source:HGNC Symbol;Acc:HGNC:7554]	no	Not_regulated_by_YAP	NA
ENSG00000215041	4	shHIF2a_up	NEURL4	7.55	17	7329316	neuralized E3 ubiquitin protein ligase 4 [Source:HGNC Symbol;Acc:HGNC:34410]	no	Not_regulated_by_YAP	NA
ENSG00000215251	4	shHIF2a_up	FASTKD5	13.43	20	3159865	FAST kinase domains 5 [Source:HGNC Symbol;Acc:HGNC:25790]	no	Not_regulated_by_YAP	NA
ENSG00000221817	4	shHIF2a_up	PPP3CB-AS1	4.23	10	73496287	PPP3CB antisense RNA 1 (head to head) [Source:HGNC Symbol;Acc:HGNC:50750]	no	YAP_regulated	NA
ENSG00000225921	4	shHIF2a_up	NOL7	103.41	6	13615335	nucleolar protein 7 [Source:HGNC Symbol;Acc:HGNC:21040]	no	YAP_regulated	NA
ENSG00000231607	4	shHIF2a_up	DLEU2	35.4	13	49997160	deleted in lymphocytic leukemia 2 [Source:HGNC Symbol;Acc:HGNC:13748]	no	YAP_regulated	NA
ENSG00000236287	4	shHIF2a_up	ZBED5	21.61	11	10857637	zinc finger BED-type containing 5 [Source:HGNC Symbol;Acc:HGNC:30803]	Yes	YAP_regulated	BED ZF
ENSG00000240891	4	shHIF2a_up	PLCXD2	63.43	3	111674676	phosphatidylinositol specific phospholipase C X domain containing 2 [Source:HGNC Symbol;Acc:HGNC:26462]	no	YAP_regulated	NA
ENSG00000242485	4	shHIF2a_up	MRPL20	170.35	1	1406307	mitochondrial ribosomal protein L20 [Source:HGNC Symbol;Acc:HGNC:14478]	no	Not_regulated_by_YAP	NA
ENSG00000247596	4	shHIF2a_up	TWF2	48.8	3	52232228	twinfilin actin binding protein 2 [Source:HGNC Symbol;Acc:HGNC:9621]	no	YAP_regulated	NA
ENSG00000248333	4	shHIF2a_up	CDK11B	42.32	1	1659012	cyclin dependent kinase 11B [Source:HGNC Symbol;Acc:HGNC:1729]	no	Not_regulated_by_YAP	NA
ENSG00000251381	4	shHIF2a_up	LINC00958	29.69	11	12989546	long intergenic non-protein coding RNA 958 [Source:HGNC Symbol;Acc:HGNC:48671]	no	Not_regulated_by_YAP	NA
ENSG00000253276	4	shHIF2a_up	CCDC71L	8.9	7	106661158	coiled-coil domain containing 71 like [Source:HGNC Symbol;Acc:HGNC:26685]	no	YAP_regulated	NA
ENSG00000253352	4	shHIF2a_up	TUG1	56.37	22	30969853	taurine up-regulated 1 [Source:HGNC Symbol;Acc:HGNC:26066]	no	YAP_regulated	NA
ENSG00000253368	4	shHIF2a_up	TRNP1	40.33	1	26993692	TMF1 regulated nuclear protein 1 [Source:HGNC Symbol;Acc:HGNC:34348]	no	YAP_regulated	NA
ENSG00000254300	4	shHIF2a_up	LINC01111	12.09	8	76406654	long intergenic non-protein coding RNA 1111 [Source:HGNC Symbol;Acc:HGNC:49237]	no	Not_regulated_by_YAP	NA
ENSG00000254858	4	shHIF2a_up	MPV17L2	19.31	19	18193218	MPV17 mitochondrial inner membrane protein like 2 [Source:HGNC Symbol;Acc:HGNC:28177]	no	YAP_regulated	NA
ENSG00000255302	4	shHIF2a_up	EID1	123.99	15	48878136	EP300 interacting inhibitor of differentiation 1 [Source:HGNC Symbol;Acc:HGNC:1191]	no	Not_regulated_by_YAP	NA
ENSG00000266402	4	shHIF2a_up	SNHG25	2.73	17	64145970	small nucleolar RNA host gene 25 [Source:HGNC Symbol;Acc:HGNC:51534]	no	YAP_regulated	NA
ENSG00000266412	4	shHIF2a_up	NA	NA	NA	NA	NA	NA	NA	NA
ENSG00000274605	4	shHIF2a_up	NA	NA	NA	NA	NA	NA	NA	NA
ENSG00000284194	4	shHIF2a_up	NA	NA	NA	NA	NA	NA	NA	NA
ENSG00000290032	4	shHIF2a_up	NA	NA	NA	NA	NA	NA	NA	NA
ENSG00000079337	4	shHIF2a_up	RAPGEF3	2.67	12	47758838	Rap guanine nucleotide exchange factor 3 [Source:HGNC Symbol;Acc:HGNC:16629]	no	Not_regulated_by_YAP	NA
ENSG00000104381	4	shHIF2a_up	GDAP1	0.88	8	74321130	ganglioside induced differentiation associated protein 1 [Source:HGNC Symbol;Acc:HGNC:15968]	no	Not_regulated_by_YAP	NA
ENSG00000111348	4	shHIF2a_up	ARHGDIB	33.48	12	14961601	Rho GDP dissociation inhibitor beta [Source:HGNC Symbol;Acc:HGNC:679]	no	Not_regulated_by_YAP	NA
ENSG00000113389	4	shHIF2a_up	NPR3	0.14	5	32689070	natriuretic peptide receptor 3 [Source:HGNC Symbol;Acc:HGNC:7945]	no	Not_regulated_by_YAP	NA
ENSG00000125459	4	shHIF2a_up	MSTO1	37.85	1	155610218	misato mitochondrial distribution and morphology regulator 1 [Source:HGNC Symbol;Acc:HGNC:29678]	no	Not_regulated_by_YAP	NA
ENSG00000134668	4	shHIF2a_up	SPOCD1	9.66	1	31816022	SPOC domain containing 1 [Source:HGNC Symbol;Acc:HGNC:26338]	no	Not_regulated_by_YAP	NA
ENSG00000139985	4	shHIF2a_up	ADAM21	0.04	14	70452174	ADAM metallopeptidase domain 21 [Source:HGNC Symbol;Acc:HGNC:200]	no	Not_regulated_by_YAP	NA
ENSG00000160392	4	shHIF2a_up	C19orf47	7.94	19	40348527	chromosome 19 open reading frame 47 [Source:HGNC Symbol;Acc:HGNC:26723]	no	YAP_regulated	NA
ENSG00000160712	4	shHIF2a_up	IL6R	0.56	1	154405343	interleukin 6 receptor [Source:HGNC Symbol;Acc:HGNC:6019]	no	Not_regulated_by_YAP	NA
ENSG00000162407	4	shHIF2a_up	PLPP3	0.44	1	56579563	phospholipid phosphatase 3 [Source:HGNC Symbol;Acc:HGNC:9229]	no	Not_regulated_by_YAP	NA
ENSG00000162746	4	shHIF2a_up	FCRLB	1.75	1	161721563	Fc receptor like B [Source:HGNC Symbol;Acc:HGNC:26431]	no	Not_regulated_by_YAP	NA
ENSG00000167703	4	shHIF2a_up	SLC43A2	5.17	17	1628834	solute carrier family 43 member 2 [Source:HGNC Symbol;Acc:HGNC:23087]	no	YAP_regulated	NA
ENSG00000167981	4	shHIF2a_up	ZNF597	2.38	16	3443504	zinc finger protein 597 [Source:HGNC Symbol;Acc:HGNC:26573]	Yes	Not_regulated_by_YAP	C2H2 ZF
ENSG00000168685	4	shHIF2a_up	IL7R	14.97	5	35852695	interleukin 7 receptor [Source:HGNC Symbol;Acc:HGNC:6024]	no	Not_regulated_by_YAP	NA
ENSG00000169981	4	shHIF2a_up	ZNF35	7.48	3	44648742	zinc finger protein 35 [Source:HGNC Symbol;Acc:HGNC:13099]	Yes	Not_regulated_by_YAP	C2H2 ZF
ENSG00000171970	4	shHIF2a_up	ZNF57	3.41	19	2915445	zinc finger protein 57 [Source:HGNC Symbol;Acc:HGNC:13125]	Yes	YAP_regulated	C2H2 ZF
ENSG00000173894	4	shHIF2a_up	CBX2	1.58	17	79778163	chromobox 2 [Source:HGNC Symbol;Acc:HGNC:1552]	Yes	Not_regulated_by_YAP	AT hook
ENSG00000182141	4	shHIF2a_up	ZNF708	2.38	19	21329425	zinc finger protein 708 [Source:HGNC Symbol;Acc:HGNC:12945]	Yes	Not_regulated_by_YAP	C2H2 ZF
ENSG00000183665	4	shHIF2a_up	TRMT12	7.42	8	124450820	tRNA methyltransferase 12 homolog [Source:HGNC Symbol;Acc:HGNC:26091]	no	Not_regulated_by_YAP	NA
ENSG00000197557	4	shHIF2a_up	TTC30A	1.76	2	177618742	tetratricopeptide repeat domain 30A [Source:HGNC Symbol;Acc:HGNC:25853]	no	Not_regulated_by_YAP	NA
ENSG00000235859	4	shHIF2a_up	AC006978.1	6.09	7	30371508	proteasome (prosome, macropain) 26S subunit, ATPase, 5 (PSMC5) pseudogene	no	Not_regulated_by_YAP	NA
ENSG00000246334	4	shHIF2a_up	PRR7-AS1	1.7	5	177447699	PRR7 antisense RNA 1 [Source:HGNC Symbol;Acc:HGNC:27961]	no	Not_regulated_by_YAP	NA
ENSG00000250303	4	shHIF2a_up	LINC02762	0.17	11	112280486	long intergenic non-protein coding RNA 2762 [Source:HGNC Symbol;Acc:HGNC:27443]	no	Not_regulated_by_YAP	NA
ENSG00000258711	4	shHIF2a_up	AL358334.2	0.22	14	50962002	novel transcript	no	Not_regulated_by_YAP	NA
ENSG00000000971	4	shHIF2a_up	CFH	7.52	1	196652043	complement factor H [Source:HGNC Symbol;Acc:HGNC:4883]	no	Not_regulated_by_YAP	NA
ENSG00000002549	4	shHIF2a_up	LAP3	110.06	4	17577192	leucine aminopeptidase 3 [Source:HGNC Symbol;Acc:HGNC:18449]	no	YAP_regulated	NA
ENSG00000004487	4	shHIF2a_up	KDM1A	91.34	1	23019448	lysine demethylase 1A [Source:HGNC Symbol;Acc:HGNC:29079]	no	YAP_regulated	NA
ENSG00000004779	4	shHIF2a_up	NDUFAB1	126.78	16	23596316	NADH:ubiquinone oxidoreductase subunit AB1 [Source:HGNC Symbol;Acc:HGNC:7694]	no	Not_regulated_by_YAP	NA
ENSG00000004864	4	shHIF2a_up	SLC25A13	74.54	7	96322098	solute carrier family 25 member 13 [Source:HGNC Symbol;Acc:HGNC:10983]	no	YAP_regulated	NA
ENSG00000005194	4	shHIF2a_up	CIAPIN1	74.04	16	57447385	cytokine induced apoptosis inhibitor 1 [Source:HGNC Symbol;Acc:HGNC:28050]	no	Not_regulated_by_YAP	NA
ENSG00000006530	4	shHIF2a_up	AGK	35.83	7	141551395	acylglycerol kinase [Source:HGNC Symbol;Acc:HGNC:21869]	no	Not_regulated_by_YAP	NA
ENSG00000006534	4	shHIF2a_up	ALDH3B1	8.5	11	68008578	aldehyde dehydrogenase 3 family member B1 [Source:HGNC Symbol;Acc:HGNC:410]	no	YAP_regulated	NA
ENSG00000007202	4	shHIF2a_up	KIAA0100	42.87	17	28645158	KIAA0100 [Source:HGNC Symbol;Acc:HGNC:28960]	no	YAP_regulated	NA
ENSG00000008018	4	shHIF2a_up	PSMB1	373.17	6	170553307	proteasome 20S subunit beta 1 [Source:HGNC Symbol;Acc:HGNC:9537]	no	YAP_regulated	NA
ENSG00000010072	4	shHIF2a_up	SPRTN	10.04	1	231337104	SprT-like N-terminal domain [Source:HGNC Symbol;Acc:HGNC:25356]	no	YAP_regulated	NA
ENSG00000010244	4	shHIF2a_up	ZNF207	171.41	17	32350908	zinc finger protein 207 [Source:HGNC Symbol;Acc:HGNC:12998]	Yes	YAP_regulated	C2H2 ZF
ENSG00000011376	4	shHIF2a_up	LARS2	8.7	3	45388561	leucyl-tRNA synthetase 2, mitochondrial [Source:HGNC Symbol;Acc:HGNC:17095]	no	Not_regulated_by_YAP	NA
ENSG00000014919	4	shHIF2a_up	COX15	29.06	10	99732100	cytochrome c oxidase assembly homolog COX15 [Source:HGNC Symbol;Acc:HGNC:2263]	no	YAP_regulated	NA
ENSG00000018510	4	shHIF2a_up	AGPS	34.14	2	177392757	alkylglycerone phosphate synthase [Source:HGNC Symbol;Acc:HGNC:327]	no	Not_regulated_by_YAP	NA
ENSG00000019549	4	shHIF2a_up	SNAI2	25.47	8	48921740	snail family transcriptional repressor 2 [Source:HGNC Symbol;Acc:HGNC:11094]	Yes	Not_regulated_by_YAP	C2H2 ZF
ENSG00000020129	4	shHIF2a_up	NCDN	17.35	1	35557473	neurochondrin [Source:HGNC Symbol;Acc:HGNC:17597]	no	YAP_regulated	NA
ENSG00000023572	4	shHIF2a_up	GLRX2	43.65	1	193105433	glutaredoxin 2 [Source:HGNC Symbol;Acc:HGNC:16065]	no	YAP_regulated	NA
ENSG00000023734	4	shHIF2a_up	STRAP	227.53	12	15882391	serine/threonine kinase receptor associated protein [Source:HGNC Symbol;Acc:HGNC:30796]	no	YAP_regulated	NA
ENSG00000031003	4	shHIF2a_up	FAM13B	17.93	5	138033031	family with sequence similarity 13 member B [Source:HGNC Symbol;Acc:HGNC:1335]	no	YAP_regulated	NA
ENSG00000032389	4	shHIF2a_up	EIPR1	30.38	2	3320544	EARP complex and GARP complex interacting protein 1 [Source:HGNC Symbol;Acc:HGNC:12383]	no	Not_regulated_by_YAP	NA
ENSG00000033050	4	shHIF2a_up	ABCF2	82.38	7	151227205	ATP binding cassette subfamily F member 2 [Source:HGNC Symbol;Acc:HGNC:71]	no	YAP_regulated	NA
ENSG00000033100	4	shHIF2a_up	CHPF2	70.4	7	151232489	chondroitin polymerizing factor 2 [Source:HGNC Symbol;Acc:HGNC:29270]	no	YAP_regulated	NA
ENSG00000034152	4	shHIF2a_up	MAP2K3	35.7	17	21284672	mitogen-activated protein kinase kinase 3 [Source:HGNC Symbol;Acc:HGNC:6843]	no	YAP_regulated	NA
ENSG00000035687	4	shHIF2a_up	ADSS2	43.08	1	244451909	adenylosuccinate synthase 2 [Source:HGNC Symbol;Acc:HGNC:292]	no	Not_regulated_by_YAP	NA
ENSG00000036257	4	shHIF2a_up	CUL3	69.27	2	224497819	cullin 3 [Source:HGNC Symbol;Acc:HGNC:2553]	no	YAP_regulated	NA
ENSG00000037474	4	shHIF2a_up	NSUN2	199.8	5	6633044	NOP2/Sun RNA methyltransferase 2 [Source:HGNC Symbol;Acc:HGNC:25994]	no	YAP_regulated	NA
ENSG00000047056	4	shHIF2a_up	WDR37	8.13	10	1049538	WD repeat domain 37 [Source:HGNC Symbol;Acc:HGNC:31406]	no	YAP_regulated	NA
ENSG00000047188	4	shHIF2a_up	YTHDC2	10.02	5	113513694	YTH domain containing 2 [Source:HGNC Symbol;Acc:HGNC:24721]	no	Not_regulated_by_YAP	NA
ENSG00000047249	4	shHIF2a_up	ATP6V1H	78.34	8	53843558	ATPase H+ transporting V1 subunit H [Source:HGNC Symbol;Acc:HGNC:18303]	no	YAP_regulated	NA
ENSG00000047315	4	shHIF2a_up	POLR2B	114.37	4	57023491	RNA polymerase II subunit B [Source:HGNC Symbol;Acc:HGNC:9188]	no	YAP_regulated	NA
ENSG00000047621	4	shHIF2a_up	C12orf4	15.11	12	4538469	chromosome 12 open reading frame 4 [Source:HGNC Symbol;Acc:HGNC:1184]	no	Not_regulated_by_YAP	NA
ENSG00000048162	4	shHIF2a_up	NOP16	65.26	5	176388762	NOP16 nucleolar protein [Source:HGNC Symbol;Acc:HGNC:26934]	no	YAP_regulated	NA
ENSG00000052749	4	shHIF2a_up	RRP12	48.71	10	97367376	ribosomal RNA processing 12 homolog [Source:HGNC Symbol;Acc:HGNC:29100]	no	YAP_regulated	NA
ENSG00000053372	4	shHIF2a_up	MRTO4	91.8	1	19251805	MRT4 homolog, ribosome maturation factor [Source:HGNC Symbol;Acc:HGNC:18477]	no	YAP_regulated	NA
ENSG00000054116	4	shHIF2a_up	TRAPPC3	91.8	1	36149486	trafficking protein particle complex 3 [Source:HGNC Symbol;Acc:HGNC:19942]	no	YAP_regulated	NA
ENSG00000055483	4	shHIF2a_up	USP36	41.12	17	78798990	ubiquitin specific peptidase 36 [Source:HGNC Symbol;Acc:HGNC:20062]	no	YAP_regulated	NA
ENSG00000057019	4	shHIF2a_up	DCBLD2	267.85	3	98901695	discoidin, CUB and LCCL domain containing 2 [Source:HGNC Symbol;Acc:HGNC:24627]	no	YAP_regulated	NA
ENSG00000058262	4	shHIF2a_up	SEC61A1	225.71	3	128051641	SEC61 translocon subunit alpha 1 [Source:HGNC Symbol;Acc:HGNC:18276]	no	YAP_regulated	NA
ENSG00000059573	4	shHIF2a_up	ALDH18A1	118.98	10	95656711	aldehyde dehydrogenase 18 family member A1 [Source:HGNC Symbol;Acc:HGNC:9722]	no	YAP_regulated	NA
ENSG00000065548	4	shHIF2a_up	ZC3H15	116.51	2	186506713	zinc finger CCCH-type containing 15 [Source:HGNC Symbol;Acc:HGNC:29528]	no	YAP_regulated	NA
ENSG00000067064	4	shHIF2a_up	IDI1	103.08	10	1048883	isopentenyl-diphosphate delta isomerase 1 [Source:HGNC Symbol;Acc:HGNC:5387]	no	YAP_regulated	NA
ENSG00000067334	4	shHIF2a_up	DNTTIP2	83.64	1	93879206	deoxynucleotidyltransferase terminal interacting protein 2 [Source:HGNC Symbol;Acc:HGNC:24013]	no	Not_regulated_by_YAP	NA
ENSG00000068079	4	shHIF2a_up	IFI35	10.37	17	43006784	interferon induced protein 35 [Source:HGNC Symbol;Acc:HGNC:5399]	no	Not_regulated_by_YAP	NA
ENSG00000068912	4	shHIF2a_up	ERLEC1	69.81	2	53787044	endoplasmic reticulum lectin 1 [Source:HGNC Symbol;Acc:HGNC:25222]	no	Not_regulated_by_YAP	NA
ENSG00000070159	4	shHIF2a_up	PTPN3	20	9	109378980	protein tyrosine phosphatase non-receptor type 3 [Source:HGNC Symbol;Acc:HGNC:9655]	no	Not_regulated_by_YAP	NA
ENSG00000071127	4	shHIF2a_up	WDR1	489.46	4	10116799	WD repeat domain 1 [Source:HGNC Symbol;Acc:HGNC:12754]	no	YAP_regulated	NA
ENSG00000072422	4	shHIF2a_up	RHOBTB1	6.33	10	60944185	Rho related BTB domain containing 1 [Source:HGNC Symbol;Acc:HGNC:18738]	no	YAP_regulated	NA
ENSG00000072506	4	shHIF2a_up	HSD17B10	134.91	X	53432322	hydroxysteroid 17-beta dehydrogenase 10 [Source:HGNC Symbol;Acc:HGNC:4800]	no	Not_regulated_by_YAP	NA
ENSG00000072840	4	shHIF2a_up	EVC	22.41	4	5711201	EvC ciliary complex subunit 1 [Source:HGNC Symbol;Acc:HGNC:3497]	no	YAP_regulated	NA
ENSG00000074071	4	shHIF2a_up	MRPS34	115.73	16	1773150	mitochondrial ribosomal protein S34 [Source:HGNC Symbol;Acc:HGNC:16618]	no	Not_regulated_by_YAP	NA
ENSG00000074964	4	shHIF2a_up	ARHGEF10L	5.58	1	17539698	Rho guanine nucleotide exchange factor 10 like [Source:HGNC Symbol;Acc:HGNC:25540]	no	Not_regulated_by_YAP	NA
ENSG00000075914	4	shHIF2a_up	EXOSC7	50.07	3	44975241	exosome component 7 [Source:HGNC Symbol;Acc:HGNC:28112]	no	Not_regulated_by_YAP	NA
ENSG00000076043	4	shHIF2a_up	REXO2	149.47	11	114439467	RNA exonuclease 2 [Source:HGNC Symbol;Acc:HGNC:17851]	no	Not_regulated_by_YAP	NA
ENSG00000076604	4	shHIF2a_up	TRAF4	48.64	17	28744055	TNF receptor associated factor 4 [Source:HGNC Symbol;Acc:HGNC:12034]	no	YAP_regulated	NA
ENSG00000077232	4	shHIF2a_up	DNAJC10	120.5	2	182718087	DnaJ heat shock protein family (Hsp40) member C10 [Source:HGNC Symbol;Acc:HGNC:24637]	no	YAP_regulated	NA
ENSG00000078237	4	shHIF2a_up	TIGAR	36.72	12	4307763	TP53 induced glycolysis regulatory phosphatase [Source:HGNC Symbol;Acc:HGNC:1185]	no	YAP_regulated	NA
ENSG00000078399	4	shHIF2a_up	HOXA9	92.91	7	27175180	homeobox A9 [Source:HGNC Symbol;Acc:HGNC:5109]	Yes	YAP_regulated	Homeodomain
ENSG00000079785	4	shHIF2a_up	DDX1	157.77	2	15591178	DEAD-box helicase 1 [Source:HGNC Symbol;Acc:HGNC:2734]	no	Not_regulated_by_YAP	NA
ENSG00000080493	4	shHIF2a_up	SLC4A4	10.65	4	71062667	solute carrier family 4 member 4 [Source:HGNC Symbol;Acc:HGNC:11030]	no	Not_regulated_by_YAP	NA
ENSG00000081051	4	shHIF2a_up	AFP	2.83	4	73431138	alpha fetoprotein [Source:HGNC Symbol;Acc:HGNC:317]	no	Not_regulated_by_YAP	NA
ENSG00000081087	4	shHIF2a_up	OSTM1	26.78	6	108074741	osteoclastogenesis associated transmembrane protein 1 [Source:HGNC Symbol;Acc:HGNC:21652]	no	Not_regulated_by_YAP	NA
ENSG00000082212	4	shHIF2a_up	ME2	60.65	18	50879118	malic enzyme 2 [Source:HGNC Symbol;Acc:HGNC:6984]	no	YAP_regulated	NA
ENSG00000082213	4	shHIF2a_up	C5orf22	33.81	5	31532301	chromosome 5 open reading frame 22 [Source:HGNC Symbol;Acc:HGNC:25639]	no	YAP_regulated	NA
ENSG00000083635	4	shHIF2a_up	NUFIP1	7.33	13	44989471	nuclear FMR1 interacting protein 1 [Source:HGNC Symbol;Acc:HGNC:8057]	no	Not_regulated_by_YAP	NA
ENSG00000085274	4	shHIF2a_up	MYNN	10.84	3	169773405	myoneurin [Source:HGNC Symbol;Acc:HGNC:14955]	Yes	YAP_regulated	C2H2 ZF
ENSG00000085721	4	shHIF2a_up	RRN3	24.91	16	15094249	RRN3 homolog, RNA polymerase I transcription factor [Source:HGNC Symbol;Acc:HGNC:30346]	no	Not_regulated_by_YAP	NA
ENSG00000085733	4	shHIF2a_up	CTTN	53.7	11	70398404	cortactin [Source:HGNC Symbol;Acc:HGNC:3338]	no	YAP_regulated	NA
ENSG00000085871	4	shHIF2a_up	MGST2	15.47	4	139665819	microsomal glutathione S-transferase 2 [Source:HGNC Symbol;Acc:HGNC:7063]	no	Not_regulated_by_YAP	NA
ENSG00000085998	4	shHIF2a_up	POMGNT1	71.16	1	46198434	protein O-linked mannose N-acetylglucosaminyltransferase 1 (beta 1,2-) [Source:HGNC Symbol;Acc:HGNC:19139]	no	YAP_regulated	NA
ENSG00000086289	4	shHIF2a_up	EPDR1	121.24	7	37683843	ependymin related 1 [Source:HGNC Symbol;Acc:HGNC:17572]	no	YAP_regulated	NA
ENSG00000087077	4	shHIF2a_up	TRIP6	104.58	7	100867387	thyroid hormone receptor interactor 6 [Source:HGNC Symbol;Acc:HGNC:12311]	no	YAP_regulated	NA
ENSG00000087502	4	shHIF2a_up	ERGIC2	123.14	12	29381172	ERGIC and golgi 2 [Source:HGNC Symbol;Acc:HGNC:30208]	no	Not_regulated_by_YAP	NA
ENSG00000088205	4	shHIF2a_up	DDX18	88.21	2	117814691	DEAD-box helicase 18 [Source:HGNC Symbol;Acc:HGNC:2741]	no	YAP_regulated	NA
ENSG00000088682	4	shHIF2a_up	COQ9	36.09	16	57447425	coenzyme Q9 [Source:HGNC Symbol;Acc:HGNC:25302]	no	Not_regulated_by_YAP	NA
ENSG00000089195	4	shHIF2a_up	TRMT6	17.86	20	5950515	tRNA methyltransferase 6 [Source:HGNC Symbol;Acc:HGNC:20900]	no	Not_regulated_by_YAP	NA
ENSG00000089693	4	shHIF2a_up	MLF2	258.96	12	6753555	myeloid leukemia factor 2 [Source:HGNC Symbol;Acc:HGNC:7126]	no	YAP_regulated	NA
ENSG00000090020	4	shHIF2a_up	SLC9A1	12.58	1	27104022	solute carrier family 9 member A1 [Source:HGNC Symbol;Acc:HGNC:11071]	no	Not_regulated_by_YAP	NA
ENSG00000090263	4	shHIF2a_up	MRPS33	178.47	7	141014952	mitochondrial ribosomal protein S33 [Source:HGNC Symbol;Acc:HGNC:16634]	no	YAP_regulated	NA
ENSG00000091140	4	shHIF2a_up	DLD	125.71	7	107891183	dihydrolipoamide dehydrogenase [Source:HGNC Symbol;Acc:HGNC:2898]	no	YAP_regulated	NA
ENSG00000091164	4	shHIF2a_up	TXNL1	86.76	18	56638592	thioredoxin like 1 [Source:HGNC Symbol;Acc:HGNC:12436]	no	YAP_regulated	NA
ENSG00000099290	4	shHIF2a_up	WASHC2A	21.65	10	50067907	WASH complex subunit 2A [Source:HGNC Symbol;Acc:HGNC:23416]	no	Not_regulated_by_YAP	NA
ENSG00000100056	4	shHIF2a_up	ESS2	9.68	22	19144651	ess-2 splicing factor homolog [Source:HGNC Symbol;Acc:HGNC:16817]	no	Not_regulated_by_YAP	NA
ENSG00000100138	4	shHIF2a_up	SNU13	137.72	22	41688867	small nuclear ribonucleoprotein 13 [Source:HGNC Symbol;Acc:HGNC:7819]	no	Not_regulated_by_YAP	NA
ENSG00000100395	4	shHIF2a_up	L3MBTL2	21.31	22	41205312	L3MBTL histone methyl-lysine binding protein 2 [Source:HGNC Symbol;Acc:HGNC:18594]	no	Not_regulated_by_YAP	NA
ENSG00000101084	4	shHIF2a_up	RAB5IF	239.79	20	36605779	RAB5 interacting factor [Source:HGNC Symbol;Acc:HGNC:15870]	no	YAP_regulated	NA
ENSG00000101150	4	shHIF2a_up	TPD52L2	203.1	20	63865243	TPD52 like 2 [Source:HGNC Symbol;Acc:HGNC:12007]	no	YAP_regulated	NA
ENSG00000101182	4	shHIF2a_up	PSMA7	580.92	20	62139905	proteasome 20S subunit alpha 7 [Source:HGNC Symbol;Acc:HGNC:9536]	no	YAP_regulated	NA
ENSG00000101246	4	shHIF2a_up	ARFRP1	36.87	20	63707658	ADP ribosylation factor related protein 1 [Source:HGNC Symbol;Acc:HGNC:662]	no	YAP_regulated	NA
ENSG00000101294	4	shHIF2a_up	HM13	326.35	20	31514428	histocompatibility minor 13 [Source:HGNC Symbol;Acc:HGNC:16435]	no	YAP_regulated	NA
ENSG00000101367	4	shHIF2a_up	MAPRE1	208.54	20	32819954	microtubule associated protein RP/EB family member 1 [Source:HGNC Symbol;Acc:HGNC:6890]	no	YAP_regulated	NA
ENSG00000101608	4	shHIF2a_up	MYL12A	796.52	18	3247481	myosin light chain 12A [Source:HGNC Symbol;Acc:HGNC:16701]	no	YAP_regulated	NA
ENSG00000101856	4	shHIF2a_up	PGRMC1	152.22	X	119236285	progesterone receptor membrane component 1 [Source:HGNC Symbol;Acc:HGNC:16090]	no	Not_regulated_by_YAP	NA
ENSG00000102100	4	shHIF2a_up	SLC35A2	43.4	X	48911651	solute carrier family 35 member A2 [Source:HGNC Symbol;Acc:HGNC:11022]	no	Not_regulated_by_YAP	NA
ENSG00000102531	4	shHIF2a_up	FNDC3A	21.62	13	48975912	fibronectin type III domain containing 3A [Source:HGNC Symbol;Acc:HGNC:20296]	no	YAP_regulated	NA
ENSG00000103042	4	shHIF2a_up	SLC38A7	11.41	16	58684723	solute carrier family 38 member 7 [Source:HGNC Symbol;Acc:HGNC:25582]	no	Not_regulated_by_YAP	NA
ENSG00000103064	4	shHIF2a_up	SLC7A6	26.17	16	68264523	solute carrier family 7 member 6 [Source:HGNC Symbol;Acc:HGNC:11064]	no	Not_regulated_by_YAP	NA
ENSG00000103202	4	shHIF2a_up	NME4	0.94	16	396725	NME/NM23 nucleoside diphosphate kinase 4 [Source:HGNC Symbol;Acc:HGNC:7852]	no	Not_regulated_by_YAP	NA
ENSG00000103222	4	shHIF2a_up	ABCC1	32.53	16	15949616	ATP binding cassette subfamily C member 1 [Source:HGNC Symbol;Acc:HGNC:51]	no	Not_regulated_by_YAP	NA
ENSG00000104142	4	shHIF2a_up	VPS18	9.66	15	40894450	VPS18 core subunit of CORVET and HOPS complexes [Source:HGNC Symbol;Acc:HGNC:15972]	no	YAP_regulated	NA
ENSG00000104320	4	shHIF2a_up	NBN	69.38	8	89984667	nibrin [Source:HGNC Symbol;Acc:HGNC:7652]	no	YAP_regulated	NA
ENSG00000104356	4	shHIF2a_up	POP1	34.18	8	98117297	POP1 homolog, ribonuclease P/MRP subunit [Source:HGNC Symbol;Acc:HGNC:30129]	no	YAP_regulated	NA
ENSG00000104522	4	shHIF2a_up	TSTA3	124.25	8	143613607	tissue specific transplantation antigen P35B [Source:HGNC Symbol;Acc:HGNC:12390]	no	Not_regulated_by_YAP	NA
ENSG00000104611	4	shHIF2a_up	SH2D4A	25.06	8	19313693	SH2 domain containing 4A [Source:HGNC Symbol;Acc:HGNC:26102]	no	YAP_regulated	NA
ENSG00000104886	4	shHIF2a_up	PLEKHJ1	85.33	19	2236272	pleckstrin homology domain containing J1 [Source:HGNC Symbol;Acc:HGNC:18211]	no	YAP_regulated	NA
ENSG00000104979	4	shHIF2a_up	C19orf53	119.51	19	13774456	chromosome 19 open reading frame 53 [Source:HGNC Symbol;Acc:HGNC:24991]	no	Not_regulated_by_YAP	NA
ENSG00000105355	4	shHIF2a_up	PLIN3	132.62	19	4867667	perilipin 3 [Source:HGNC Symbol;Acc:HGNC:16893]	no	YAP_regulated	NA
ENSG00000105393	4	shHIF2a_up	BABAM1	97.03	19	17267443	BRISC and BRCA1 A complex member 1 [Source:HGNC Symbol;Acc:HGNC:25008]	no	Not_regulated_by_YAP	NA
ENSG00000105401	4	shHIF2a_up	CDC37	243.16	19	10403542	cell division cycle 37 [Source:HGNC Symbol;Acc:HGNC:1735]	no	YAP_regulated	NA
ENSG00000105447	4	shHIF2a_up	GRWD1	29.92	19	48445983	glutamate rich WD repeat containing 1 [Source:HGNC Symbol;Acc:HGNC:21270]	no	Not_regulated_by_YAP	NA
ENSG00000105939	4	shHIF2a_up	ZC3HAV1	32.88	7	139079267	zinc finger CCCH-type containing, antiviral 1 [Source:HGNC Symbol;Acc:HGNC:23721]	no	YAP_regulated	NA
ENSG00000105991	4	shHIF2a_up	HOXA1	4.3	7	27095996	homeobox A1 [Source:HGNC Symbol;Acc:HGNC:5099]	Yes	YAP_regulated	Homeodomain
ENSG00000106003	4	shHIF2a_up	LFNG	137.13	7	2512529	LFNG O-fucosylpeptide 3-beta-N-acetylglucosaminyltransferase [Source:HGNC Symbol;Acc:HGNC:6560]	no	YAP_regulated	NA
ENSG00000106025	4	shHIF2a_up	TSPAN12	11.86	7	120858144	tetraspanin 12 [Source:HGNC Symbol;Acc:HGNC:21641]	no	Not_regulated_by_YAP	NA
ENSG00000106028	4	shHIF2a_up	SSBP1	498	7	141738358	single stranded DNA binding protein 1 [Source:HGNC Symbol;Acc:HGNC:11317]	no	Not_regulated_by_YAP	NA
ENSG00000106263	4	shHIF2a_up	EIF3B	212.29	7	2354086	eukaryotic translation initiation factor 3 subunit B [Source:HGNC Symbol;Acc:HGNC:3280]	no	YAP_regulated	NA
ENSG00000106305	4	shHIF2a_up	AIMP2	75.65	7	6009272	aminoacyl tRNA synthetase complex interacting multifunctional protein 2 [Source:HGNC Symbol;Acc:HGNC:20609]	no	Not_regulated_by_YAP	NA
ENSG00000106346	4	shHIF2a_up	USP42	5.78	7	6104884	ubiquitin specific peptidase 42 [Source:HGNC Symbol;Acc:HGNC:20068]	no	YAP_regulated	NA
ENSG00000106591	4	shHIF2a_up	MRPL32	77.54	7	42932376	mitochondrial ribosomal protein L32 [Source:HGNC Symbol;Acc:HGNC:14035]	no	YAP_regulated	NA
ENSG00000106992	4	shHIF2a_up	AK1	61.86	9	127877675	adenylate kinase 1 [Source:HGNC Symbol;Acc:HGNC:361]	no	Not_regulated_by_YAP	NA
ENSG00000107130	4	shHIF2a_up	NCS1	61.84	9	130172404	neuronal calcium sensor 1 [Source:HGNC Symbol;Acc:HGNC:3953]	no	Not_regulated_by_YAP	NA
ENSG00000107372	4	shHIF2a_up	ZFAND5	144.28	9	72360285	zinc finger AN1-type containing 5 [Source:HGNC Symbol;Acc:HGNC:13008]	no	YAP_regulated	NA
ENSG00000107651	4	shHIF2a_up	SEC23IP	42.43	10	119892730	SEC23 interacting protein [Source:HGNC Symbol;Acc:HGNC:17018]	no	YAP_regulated	NA
ENSG00000107937	4	shHIF2a_up	GTPBP4	121.48	10	988434	GTP binding protein 4 [Source:HGNC Symbol;Acc:HGNC:21535]	no	YAP_regulated	NA
ENSG00000107949	4	shHIF2a_up	BCCIP	135.43	10	125823546	BRCA2 and CDKN1A interacting protein [Source:HGNC Symbol;Acc:HGNC:978]	no	YAP_regulated	NA
ENSG00000108344	4	shHIF2a_up	PSMD3	189.83	17	39980807	proteasome 26S subunit, non-ATPase 3 [Source:HGNC Symbol;Acc:HGNC:9560]	no	YAP_regulated	NA
ENSG00000108433	4	shHIF2a_up	GOSR2	64.48	17	46923075	golgi SNAP receptor complex member 2 [Source:HGNC Symbol;Acc:HGNC:4431]	no	YAP_regulated	NA
ENSG00000108561	4	shHIF2a_up	C1QBP	212.98	17	5439155	complement C1q binding protein [Source:HGNC Symbol;Acc:HGNC:1243]	no	Not_regulated_by_YAP	NA
ENSG00000108654	4	shHIF2a_up	DDX5	455.17	17	64502902	DEAD-box helicase 5 [Source:HGNC Symbol;Acc:HGNC:2746]	no	YAP_regulated	NA
ENSG00000108671	4	shHIF2a_up	PSMD11	94.9	17	32444510	proteasome 26S subunit, non-ATPase 11 [Source:HGNC Symbol;Acc:HGNC:9556]	no	YAP_regulated	NA
ENSG00000108826	4	shHIF2a_up	MRPL27	85.62	17	50372960	mitochondrial ribosomal protein L27 [Source:HGNC Symbol;Acc:HGNC:14483]	no	Not_regulated_by_YAP	NA
ENSG00000108829	4	shHIF2a_up	LRRC59	230.72	17	50385134	leucine rich repeat containing 59 [Source:HGNC Symbol;Acc:HGNC:28817]	no	YAP_regulated	NA
ENSG00000109079	4	shHIF2a_up	TNFAIP1	44.66	17	28340406	TNF alpha induced protein 1 [Source:HGNC Symbol;Acc:HGNC:11894]	no	YAP_regulated	NA
ENSG00000109519	4	shHIF2a_up	GRPEL1	73.66	4	7068064	GrpE like 1, mitochondrial [Source:HGNC Symbol;Acc:HGNC:19696]	no	YAP_regulated	NA
ENSG00000109846	4	shHIF2a_up	CRYAB	0.92	11	111913184	crystallin alpha B [Source:HGNC Symbol;Acc:HGNC:2389]	no	Not_regulated_by_YAP	NA
ENSG00000109861	4	shHIF2a_up	CTSC	94.34	11	88337736	cathepsin C [Source:HGNC Symbol;Acc:HGNC:2528]	no	Not_regulated_by_YAP	NA
ENSG00000109919	4	shHIF2a_up	MTCH2	86.13	11	47642452	mitochondrial carrier 2 [Source:HGNC Symbol;Acc:HGNC:17587]	no	YAP_regulated	NA
ENSG00000110046	4	shHIF2a_up	ATG2A	4.27	11	64913395	autophagy related 2A [Source:HGNC Symbol;Acc:HGNC:29028]	no	YAP_regulated	NA
ENSG00000110047	4	shHIF2a_up	EHD1	33.97	11	64878541	EH domain containing 1 [Source:HGNC Symbol;Acc:HGNC:3242]	no	YAP_regulated	NA
ENSG00000110172	4	shHIF2a_up	CHORDC1	30.88	11	90223049	cysteine and histidine rich domain containing 1 [Source:HGNC Symbol;Acc:HGNC:14525]	no	Not_regulated_by_YAP	NA
ENSG00000110344	4	shHIF2a_up	UBE4A	15.69	11	118359600	ubiquitination factor E4A [Source:HGNC Symbol;Acc:HGNC:12499]	no	Not_regulated_by_YAP	NA
ENSG00000110435	4	shHIF2a_up	PDHX	34	11	34977784	pyruvate dehydrogenase complex component X [Source:HGNC Symbol;Acc:HGNC:21350]	no	YAP_regulated	NA
ENSG00000110801	4	shHIF2a_up	PSMD9	76.11	12	121888790	proteasome 26S subunit, non-ATPase 9 [Source:HGNC Symbol;Acc:HGNC:9567]	no	YAP_regulated	NA
ENSG00000110906	4	shHIF2a_up	KCTD10	39.22	12	109477300	potassium channel tetramerization domain containing 10 [Source:HGNC Symbol;Acc:HGNC:23236]	no	YAP_regulated	NA
ENSG00000111057	4	shHIF2a_up	KRT18	312.86	12	52948886	keratin 18 [Source:HGNC Symbol;Acc:HGNC:6430]	no	YAP_regulated	NA
ENSG00000112208	4	shHIF2a_up	BAG2	33.07	6	57172326	BAG cochaperone 2 [Source:HGNC Symbol;Acc:HGNC:938]	no	YAP_regulated	NA
ENSG00000112249	4	shHIF2a_up	ASCC3	25.33	6	100881329	activating signal cointegrator 1 complex subunit 3 [Source:HGNC Symbol;Acc:HGNC:18697]	no	Not_regulated_by_YAP	NA
ENSG00000112874	4	shHIF2a_up	NUDT12	6.1	5	103562789	nudix hydrolase 12 [Source:HGNC Symbol;Acc:HGNC:18826]	no	Not_regulated_by_YAP	NA
ENSG00000113070	4	shHIF2a_up	HBEGF	24.51	5	140346603	heparin binding EGF like growth factor [Source:HGNC Symbol;Acc:HGNC:3059]	no	YAP_regulated	NA
ENSG00000113194	4	shHIF2a_up	FAF2	42.33	5	176447628	Fas associated factor family member 2 [Source:HGNC Symbol;Acc:HGNC:24666]	no	YAP_regulated	NA
ENSG00000113732	4	shHIF2a_up	ATP6V0E1	350	5	172983771	ATPase H+ transporting V0 subunit e1 [Source:HGNC Symbol;Acc:HGNC:863]	no	YAP_regulated	NA
ENSG00000113758	4	shHIF2a_up	DBN1	78.29	5	177473741	drebrin 1 [Source:HGNC Symbol;Acc:HGNC:2695]	no	YAP_regulated	NA
ENSG00000113845	4	shHIF2a_up	TIMMDC1	90.17	3	119498547	translocase of inner mitochondrial membrane domain containing 1 [Source:HGNC Symbol;Acc:HGNC:1321]	no	YAP_regulated	NA
ENSG00000114023	4	shHIF2a_up	FAM162A	22.6	3	122384176	family with sequence similarity 162 member A [Source:HGNC Symbol;Acc:HGNC:17865]	no	YAP_regulated	NA
ENSG00000114030	4	shHIF2a_up	KPNA1	53.25	3	122514939	karyopherin subunit alpha 1 [Source:HGNC Symbol;Acc:HGNC:6394]	no	YAP_regulated	NA
ENSG00000114383	4	shHIF2a_up	TUSC2	19.14	3	50328157	tumor suppressor 2, mitochondrial calcium regulator [Source:HGNC Symbol;Acc:HGNC:17034]	no	Not_regulated_by_YAP	NA
ENSG00000114503	4	shHIF2a_up	NCBP2	73.96	3	196937690	nuclear cap binding protein subunit 2 [Source:HGNC Symbol;Acc:HGNC:7659]	no	YAP_regulated	NA
ENSG00000114529	4	shHIF2a_up	C3orf52	25.77	3	112086335	chromosome 3 open reading frame 52 [Source:HGNC Symbol;Acc:HGNC:26255]	no	YAP_regulated	NA
ENSG00000114867	4	shHIF2a_up	EIF4G1	395.03	3	184314606	eukaryotic translation initiation factor 4 gamma 1 [Source:HGNC Symbol;Acc:HGNC:3296]	no	YAP_regulated	NA
ENSG00000115091	4	shHIF2a_up	ACTR3	402.69	2	113890089	actin related protein 3 [Source:HGNC Symbol;Acc:HGNC:170]	no	YAP_regulated	NA
ENSG00000115207	4	shHIF2a_up	GTF3C2	59.02	2	27337308	general transcription factor IIIC subunit 2 [Source:HGNC Symbol;Acc:HGNC:4665]	no	YAP_regulated	NA
ENSG00000115234	4	shHIF2a_up	SNX17	89.01	2	27370616	sorting nexin 17 [Source:HGNC Symbol;Acc:HGNC:14979]	no	YAP_regulated	NA
ENSG00000115368	4	shHIF2a_up	WDR75	37.3	2	189441474	WD repeat domain 75 [Source:HGNC Symbol;Acc:HGNC:25725]	no	Not_regulated_by_YAP	NA
ENSG00000115446	4	shHIF2a_up	UNC50	40.7	2	98608579	unc-50 inner nuclear membrane RNA binding protein [Source:HGNC Symbol;Acc:HGNC:16046]	no	Not_regulated_by_YAP	NA
ENSG00000115484	4	shHIF2a_up	CCT4	295.5	2	61888656	chaperonin containing TCP1 subunit 4 [Source:HGNC Symbol;Acc:HGNC:1617]	no	Not_regulated_by_YAP	NA
ENSG00000115525	4	shHIF2a_up	ST3GAL5	6	2	85888990	ST3 beta-galactoside alpha-2,3-sialyltransferase 5 [Source:HGNC Symbol;Acc:HGNC:10872]	no	YAP_regulated	NA
ENSG00000115541	4	shHIF2a_up	HSPE1	537.96	2	197500349	heat shock protein family E (Hsp10) member 1 [Source:HGNC Symbol;Acc:HGNC:5269]	no	YAP_regulated	NA
ENSG00000115762	4	shHIF2a_up	PLEKHB2	65.51	2	131104847	pleckstrin homology domain containing B2 [Source:HGNC Symbol;Acc:HGNC:19236]	no	Not_regulated_by_YAP	NA
ENSG00000115816	4	shHIF2a_up	CEBPZ	52.51	2	37231596	CCAAT enhancer binding protein zeta [Source:HGNC Symbol;Acc:HGNC:24218]	Yes	Not_regulated_by_YAP	Unknown
ENSG00000116096	4	shHIF2a_up	SPR	24.94	2	72887408	sepiapterin reductase [Source:HGNC Symbol;Acc:HGNC:11257]	no	Not_regulated_by_YAP	NA
ENSG00000116133	4	shHIF2a_up	DHCR24	298.18	1	54887195	24-dehydrocholesterol reductase [Source:HGNC Symbol;Acc:HGNC:2859]	no	YAP_regulated	NA
ENSG00000116455	4	shHIF2a_up	WDR77	68.4	1	111449256	WD repeat domain 77 [Source:HGNC Symbol;Acc:HGNC:29652]	no	YAP_regulated	NA
ENSG00000116459	4	shHIF2a_up	ATP5PB	297.28	1	111448864	ATP synthase peripheral stalk-membrane subunit b [Source:HGNC Symbol;Acc:HGNC:840]	no	YAP_regulated	NA
ENSG00000116489	4	shHIF2a_up	CAPZA1	163.51	1	112619832	capping actin protein of muscle Z-line subunit alpha 1 [Source:HGNC Symbol;Acc:HGNC:1488]	no	Not_regulated_by_YAP	NA
ENSG00000116649	4	shHIF2a_up	SRM	222.17	1	11060018	spermidine synthase [Source:HGNC Symbol;Acc:HGNC:11296]	no	YAP_regulated	NA
ENSG00000116704	4	shHIF2a_up	SLC35D1	6.22	1	67054148	solute carrier family 35 member D1 [Source:HGNC Symbol;Acc:HGNC:20800]	no	YAP_regulated	NA
ENSG00000116752	4	shHIF2a_up	BCAS2	63.14	1	114581615	BCAS2 pre-mRNA processing factor [Source:HGNC Symbol;Acc:HGNC:975]	no	Not_regulated_by_YAP	NA
ENSG00000116871	4	shHIF2a_up	MAP7D1	109.65	1	36155579	MAP7 domain containing 1 [Source:HGNC Symbol;Acc:HGNC:25514]	no	YAP_regulated	NA
ENSG00000116918	4	shHIF2a_up	TSNAX	38.08	1	231528541	translin associated factor X [Source:HGNC Symbol;Acc:HGNC:12380]	no	YAP_regulated	NA
ENSG00000117000	4	shHIF2a_up	RLF	7.22	1	40161387	rearranged L-myc fusion [Source:HGNC Symbol;Acc:HGNC:10025]	Yes	YAP_regulated	C2H2 ZF
ENSG00000117174	4	shHIF2a_up	ZNHIT6	28.76	1	85708433	zinc finger HIT-type containing 6 [Source:HGNC Symbol;Acc:HGNC:26089]	no	YAP_regulated	NA
ENSG00000117222	4	shHIF2a_up	RBBP5	12.4	1	205121978	RB binding protein 5, histone lysine methyltransferase complex subunit [Source:HGNC Symbol;Acc:HGNC:9888]	no	Not_regulated_by_YAP	NA
ENSG00000117308	4	shHIF2a_up	GALE	107.81	1	23800781	UDP-galactose-4-epimerase [Source:HGNC Symbol;Acc:HGNC:4116]	no	YAP_regulated	NA
ENSG00000117395	4	shHIF2a_up	EBNA1BP2	169.88	1	43172260	EBNA1 binding protein 2 [Source:HGNC Symbol;Acc:HGNC:15531]	no	Not_regulated_by_YAP	NA
ENSG00000117519	4	shHIF2a_up	CNN3	419.3	1	94927110	calponin 3 [Source:HGNC Symbol;Acc:HGNC:2157]	no	YAP_regulated	NA
ENSG00000117751	4	shHIF2a_up	PPP1R8	51.18	1	27830782	protein phosphatase 1 regulatory subunit 8 [Source:HGNC Symbol;Acc:HGNC:9296]	no	YAP_regulated	NA
ENSG00000118939	4	shHIF2a_up	UCHL3	108.29	13	75549480	ubiquitin C-terminal hydrolase L3 [Source:HGNC Symbol;Acc:HGNC:12515]	no	YAP_regulated	NA
ENSG00000118985	4	shHIF2a_up	ELL2	14.85	5	95961851	elongation factor for RNA polymerase II 2 [Source:HGNC Symbol;Acc:HGNC:17064]	no	YAP_regulated	NA
ENSG00000119559	4	shHIF2a_up	C19orf25	13.79	19	1479201	chromosome 19 open reading frame 25 [Source:HGNC Symbol;Acc:HGNC:26711]	no	Not_regulated_by_YAP	NA
ENSG00000119927	4	shHIF2a_up	GPAM	8.8	10	112183765	glycerol-3-phosphate acyltransferase, mitochondrial [Source:HGNC Symbol;Acc:HGNC:24865]	no	Not_regulated_by_YAP	NA
ENSG00000120438	4	shHIF2a_up	TCP1	342.53	6	159789602	t-complex 1 [Source:HGNC Symbol;Acc:HGNC:11655]	no	YAP_regulated	NA
ENSG00000120451	4	shHIF2a_up	SNX19	29.42	11	130916509	sorting nexin 19 [Source:HGNC Symbol;Acc:HGNC:21532]	no	Not_regulated_by_YAP	NA
ENSG00000120694	4	shHIF2a_up	HSPH1	175.14	13	31161904	heat shock protein family H (Hsp110) member 1 [Source:HGNC Symbol;Acc:HGNC:16969]	no	YAP_regulated	NA
ENSG00000120705	4	shHIF2a_up	ETF1	128.39	5	138543229	eukaryotic translation termination factor 1 [Source:HGNC Symbol;Acc:HGNC:3477]	no	YAP_regulated	NA
ENSG00000120725	4	shHIF2a_up	SIL1	41.08	5	139198368	SIL1 nucleotide exchange factor [Source:HGNC Symbol;Acc:HGNC:24624]	no	YAP_regulated	NA
ENSG00000120800	4	shHIF2a_up	UTP20	17.96	12	101280105	UTP20 small subunit processome component [Source:HGNC Symbol;Acc:HGNC:17897]	no	Not_regulated_by_YAP	NA
ENSG00000120805	4	shHIF2a_up	ARL1	87.19	12	101407772	ADP ribosylation factor like GTPase 1 [Source:HGNC Symbol;Acc:HGNC:692]	no	Not_regulated_by_YAP	NA
ENSG00000121579	4	shHIF2a_up	NAA50	130.07	3	113746249	N-alpha-acetyltransferase 50, NatE catalytic subunit [Source:HGNC Symbol;Acc:HGNC:29533]	no	YAP_regulated	NA
ENSG00000121766	4	shHIF2a_up	ZCCHC17	62.37	1	31296995	zinc finger CCHC-type containing 17 [Source:HGNC Symbol;Acc:HGNC:30246]	no	YAP_regulated	NA
ENSG00000122390	4	shHIF2a_up	NAA60	36.59	16	3458078	N-alpha-acetyltransferase 60, NatF catalytic subunit [Source:HGNC Symbol;Acc:HGNC:25875]	no	YAP_regulated	NA
ENSG00000122644	4	shHIF2a_up	ARL4A	56.97	7	12686856	ADP ribosylation factor like GTPase 4A [Source:HGNC Symbol;Acc:HGNC:695]	no	YAP_regulated	NA
ENSG00000122696	4	shHIF2a_up	SLC25A51	9.64	9	37904353	solute carrier family 25 member 51 [Source:HGNC Symbol;Acc:HGNC:23323]	no	Not_regulated_by_YAP	NA
ENSG00000122705	4	shHIF2a_up	CLTA	299.22	9	36190921	clathrin light chain A [Source:HGNC Symbol;Acc:HGNC:2090]	no	YAP_regulated	NA
ENSG00000122882	4	shHIF2a_up	ECD	34.84	10	73134754	ecdysoneless cell cycle regulator [Source:HGNC Symbol;Acc:HGNC:17029]	no	Not_regulated_by_YAP	NA
ENSG00000122965	4	shHIF2a_up	RBM19	20.3	12	113818179	RNA binding motif protein 19 [Source:HGNC Symbol;Acc:HGNC:29098]	no	YAP_regulated	NA
ENSG00000123213	4	shHIF2a_up	NLN	22.53	5	65722205	neurolysin [Source:HGNC Symbol;Acc:HGNC:16058]	no	YAP_regulated	NA
ENSG00000123562	4	shHIF2a_up	MORF4L2	1104.9	X	103688064	mortality factor 4 like 2 [Source:HGNC Symbol;Acc:HGNC:16849]	no	YAP_regulated	NA
ENSG00000123989	4	shHIF2a_up	CHPF	67.88	2	219543809	chondroitin polymerizing factor [Source:HGNC Symbol;Acc:HGNC:24291]	no	YAP_regulated	NA
ENSG00000124120	4	shHIF2a_up	TTPAL	9.4	20	44475874	alpha tocopherol transfer protein like [Source:HGNC Symbol;Acc:HGNC:16114]	no	YAP_regulated	NA
ENSG00000124145	4	shHIF2a_up	SDC4	264.53	20	45348424	syndecan 4 [Source:HGNC Symbol;Acc:HGNC:10661]	no	YAP_regulated	NA
ENSG00000124172	4	shHIF2a_up	ATP5F1E	47.16	20	59032335	ATP synthase F1 subunit epsilon [Source:HGNC Symbol;Acc:HGNC:838]	no	YAP_regulated	NA
ENSG00000124532	4	shHIF2a_up	MRS2	34.89	6	24402954	magnesium transporter MRS2 [Source:HGNC Symbol;Acc:HGNC:13785]	no	Not_regulated_by_YAP	NA
ENSG00000125354	4	shHIF2a_up	SEPTIN6	1.02	X	119693370	septin 6 [Source:HGNC Symbol;Acc:HGNC:15848]	no	Not_regulated_by_YAP	NA
ENSG00000125445	4	shHIF2a_up	MRPS7	100.03	17	75261674	mitochondrial ribosomal protein S7 [Source:HGNC Symbol;Acc:HGNC:14499]	no	Not_regulated_by_YAP	NA
ENSG00000125484	4	shHIF2a_up	GTF3C4	19.12	9	132670035	general transcription factor IIIC subunit 4 [Source:HGNC Symbol;Acc:HGNC:4667]	no	Not_regulated_by_YAP	NA
ENSG00000125657	4	shHIF2a_up	TNFSF9	51.71	19	6531026	TNF superfamily member 9 [Source:HGNC Symbol;Acc:HGNC:11939]	no	YAP_regulated	NA
ENSG00000125995	4	shHIF2a_up	ROMO1	232.72	20	35699272	reactive oxygen species modulator 1 [Source:HGNC Symbol;Acc:HGNC:16185]	no	YAP_regulated	NA
ENSG00000126391	4	shHIF2a_up	FRMD8	12.75	11	65386637	FERM domain containing 8 [Source:HGNC Symbol;Acc:HGNC:25462]	no	YAP_regulated	NA
ENSG00000126581	4	shHIF2a_up	BECN1	48.32	17	42814673	beclin 1 [Source:HGNC Symbol;Acc:HGNC:1034]	no	Not_regulated_by_YAP	NA
ENSG00000127184	4	shHIF2a_up	COX7C	242.34	5	86617928	cytochrome c oxidase subunit 7C [Source:HGNC Symbol;Acc:HGNC:2292]	no	Not_regulated_by_YAP	NA
ENSG00000127334	4	shHIF2a_up	DYRK2	17.67	12	67648338	dual specificity tyrosine phosphorylation regulated kinase 2 [Source:HGNC Symbol;Acc:HGNC:3093]	no	Not_regulated_by_YAP	NA
ENSG00000127526	4	shHIF2a_up	SLC35E1	19.48	19	16552333	solute carrier family 35 member E1 [Source:HGNC Symbol;Acc:HGNC:20803]	no	YAP_regulated	NA
ENSG00000127540	4	shHIF2a_up	UQCR11	72.27	19	1605462	ubiquinol-cytochrome c reductase, complex III subunit XI [Source:HGNC Symbol;Acc:HGNC:30862]	no	YAP_regulated	NA
ENSG00000127616	4	shHIF2a_up	SMARCA4	89.38	19	10960992	SWI/SNF related, matrix associated, actin dependent regulator of chromatin, subfamily a, member 4 [Source:HGNC Symbol;Acc:HGNC:11100]	no	YAP_regulated	NA
ENSG00000127774	4	shHIF2a_up	EMC6	72.07	17	3668812	ER membrane protein complex subunit 6 [Source:HGNC Symbol;Acc:HGNC:28430]	no	YAP_regulated	NA
ENSG00000127824	4	shHIF2a_up	TUBA4A	268.87	2	219253918	tubulin alpha 4a [Source:HGNC Symbol;Acc:HGNC:12407]	no	YAP_regulated	NA
ENSG00000127989	4	shHIF2a_up	MTERF1	15.01	7	91880692	mitochondrial transcription termination factor 1 [Source:HGNC Symbol;Acc:HGNC:21463]	Yes	Not_regulated_by_YAP	mTERF
ENSG00000128524	4	shHIF2a_up	ATP6V1F	148.91	7	128862856	ATPase H+ transporting V1 subunit F [Source:HGNC Symbol;Acc:HGNC:16832]	no	YAP_regulated	NA
ENSG00000128563	4	shHIF2a_up	PRKRIP1	29.27	7	102363872	PRKR interacting protein 1 [Source:HGNC Symbol;Acc:HGNC:21894]	no	YAP_regulated	NA
ENSG00000128626	4	shHIF2a_up	MRPS12	69.04	19	38930954	mitochondrial ribosomal protein S12 [Source:HGNC Symbol;Acc:HGNC:10380]	no	YAP_regulated	NA
ENSG00000129083	4	shHIF2a_up	COPB1	131.43	11	14457886	COPI coat complex subunit beta 1 [Source:HGNC Symbol;Acc:HGNC:2231]	no	Not_regulated_by_YAP	NA
ENSG00000129187	4	shHIF2a_up	DCTD	39.31	4	182917369	dCMP deaminase [Source:HGNC Symbol;Acc:HGNC:2710]	no	Not_regulated_by_YAP	NA
ENSG00000129354	4	shHIF2a_up	AP1M2	28.25	19	10577314	adaptor related protein complex 1 subunit mu 2 [Source:HGNC Symbol;Acc:HGNC:558]	no	Not_regulated_by_YAP	NA
ENSG00000130005	4	shHIF2a_up	GAMT	31.1	19	1401542	guanidinoacetate N-methyltransferase [Source:HGNC Symbol;Acc:HGNC:4136]	no	YAP_regulated	NA
ENSG00000130204	4	shHIF2a_up	TOMM40	88.26	19	44890569	translocase of outer mitochondrial membrane 40 [Source:HGNC Symbol;Acc:HGNC:18001]	no	YAP_regulated	NA
ENSG00000130311	4	shHIF2a_up	DDA1	153.6	19	17309518	DET1 and DDB1 associated 1 [Source:HGNC Symbol;Acc:HGNC:28360]	no	YAP_regulated	NA
ENSG00000130312	4	shHIF2a_up	MRPL34	32.48	19	17292609	mitochondrial ribosomal protein L34 [Source:HGNC Symbol;Acc:HGNC:14488]	no	YAP_regulated	NA
ENSG00000130429	4	shHIF2a_up	ARPC1B	994.22	7	99374249	actin related protein 2/3 complex subunit 1B [Source:HGNC Symbol;Acc:HGNC:704]	no	YAP_regulated	NA
ENSG00000130706	4	shHIF2a_up	ADRM1	215.23	20	62302093	adhesion regulating molecule 1 [Source:HGNC Symbol;Acc:HGNC:15759]	no	YAP_regulated	NA
ENSG00000130935	4	shHIF2a_up	NOL11	51.74	17	67717936	nucleolar protein 11 [Source:HGNC Symbol;Acc:HGNC:24557]	no	YAP_regulated	NA
ENSG00000131100	4	shHIF2a_up	ATP6V1E1	197.3	22	17628749	ATPase H+ transporting V1 subunit E1 [Source:HGNC Symbol;Acc:HGNC:857]	no	YAP_regulated	NA
ENSG00000131174	4	shHIF2a_up	COX7B	57.06	X	77899440	cytochrome c oxidase subunit 7B [Source:HGNC Symbol;Acc:HGNC:2291]	no	Not_regulated_by_YAP	NA
ENSG00000131236	4	shHIF2a_up	CAP1	633.54	1	40040733	cyclase associated actin cytoskeleton regulatory protein 1 [Source:HGNC Symbol;Acc:HGNC:20040]	no	YAP_regulated	NA
ENSG00000131467	4	shHIF2a_up	PSME3	143.13	17	42824385	proteasome activator subunit 3 [Source:HGNC Symbol;Acc:HGNC:9570]	no	Not_regulated_by_YAP	NA
ENSG00000131844	4	shHIF2a_up	MCCC2	26.64	5	71587288	methylcrotonoyl-CoA carboxylase 2 [Source:HGNC Symbol;Acc:HGNC:6937]	no	YAP_regulated	NA
ENSG00000132254	4	shHIF2a_up	ARFIP2	47.78	11	6481312	ADP ribosylation factor interacting protein 2 [Source:HGNC Symbol;Acc:HGNC:17160]	no	Not_regulated_by_YAP	NA
ENSG00000132382	4	shHIF2a_up	MYBBP1A	44.73	17	4544695	MYB binding protein 1a [Source:HGNC Symbol;Acc:HGNC:7546]	no	Not_regulated_by_YAP	NA
ENSG00000132432	4	shHIF2a_up	SEC61G	775.77	7	54759246	SEC61 translocon subunit gamma [Source:HGNC Symbol;Acc:HGNC:18277]	no	Not_regulated_by_YAP	NA
ENSG00000132964	4	shHIF2a_up	CDK8	15.75	13	26396217	cyclin dependent kinase 8 [Source:HGNC Symbol;Acc:HGNC:1779]	no	Not_regulated_by_YAP	NA
ENSG00000133193	4	shHIF2a_up	FAM104A	25.48	17	73232371	family with sequence similarity 104 member A [Source:HGNC Symbol;Acc:HGNC:25918]	no	YAP_regulated	NA
ENSG00000134058	4	shHIF2a_up	CDK7	23.8	5	69234912	cyclin dependent kinase 7 [Source:HGNC Symbol;Acc:HGNC:1778]	no	Not_regulated_by_YAP	NA
ENSG00000134283	4	shHIF2a_up	PPHLN1	74.68	12	42238447	periphilin 1 [Source:HGNC Symbol;Acc:HGNC:19369]	no	YAP_regulated	NA
ENSG00000134324	4	shHIF2a_up	LPIN1	27.19	2	11677595	lipin 1 [Source:HGNC Symbol;Acc:HGNC:13345]	no	YAP_regulated	NA
ENSG00000134590	4	shHIF2a_up	RTL8C	107.48	X	135032355	retrotransposon Gag like 8C [Source:HGNC Symbol;Acc:HGNC:2569]	no	Not_regulated_by_YAP	NA
ENSG00000135046	4	shHIF2a_up	ANXA1	707.75	9	73151865	annexin A1 [Source:HGNC Symbol;Acc:HGNC:533]	no	Not_regulated_by_YAP	NA
ENSG00000135070	4	shHIF2a_up	ISCA1	53.13	9	86282538	iron-sulfur cluster assembly 1 [Source:HGNC Symbol;Acc:HGNC:28660]	no	YAP_regulated	NA
ENSG00000135372	4	shHIF2a_up	NAT10	27.56	11	34105629	N-acetyltransferase 10 [Source:HGNC Symbol;Acc:HGNC:29830]	no	Not_regulated_by_YAP	NA
ENSG00000135387	4	shHIF2a_up	CAPRIN1	141.41	11	34051731	cell cycle associated protein 1 [Source:HGNC Symbol;Acc:HGNC:6743]	no	Not_regulated_by_YAP	NA
ENSG00000136003	4	shHIF2a_up	ISCU	66.69	12	108562582	iron-sulfur cluster assembly enzyme [Source:HGNC Symbol;Acc:HGNC:29882]	no	YAP_regulated	NA
ENSG00000136045	4	shHIF2a_up	PWP1	80.61	12	107685799	PWP1 homolog, endonuclein [Source:HGNC Symbol;Acc:HGNC:17015]	no	Not_regulated_by_YAP	NA
ENSG00000136111	4	shHIF2a_up	TBC1D4	19.02	13	75367015	TBC1 domain family member 4 [Source:HGNC Symbol;Acc:HGNC:19165]	no	YAP_regulated	NA
ENSG00000136114	4	shHIF2a_up	THSD1	7.64	13	52406494	thrombospondin type 1 domain containing 1 [Source:HGNC Symbol;Acc:HGNC:17754]	no	Not_regulated_by_YAP	NA
ENSG00000136522	4	shHIF2a_up	MRPL47	58.25	3	179604638	mitochondrial ribosomal protein L47 [Source:HGNC Symbol;Acc:HGNC:16652]	no	Not_regulated_by_YAP	NA
ENSG00000136738	4	shHIF2a_up	STAM	29.9	10	17644151	signal transducing adaptor molecule [Source:HGNC Symbol;Acc:HGNC:11357]	no	YAP_regulated	NA
ENSG00000136802	4	shHIF2a_up	LRRC8A	29.42	9	128882112	leucine rich repeat containing 8 VRAC subunit A [Source:HGNC Symbol;Acc:HGNC:19027]	no	Not_regulated_by_YAP	NA
ENSG00000136875	4	shHIF2a_up	PRPF4	51.69	9	113275642	pre-mRNA processing factor 4 [Source:HGNC Symbol;Acc:HGNC:17349]	no	Not_regulated_by_YAP	NA
ENSG00000136877	4	shHIF2a_up	FPGS	75.82	9	127794597	folylpolyglutamate synthase [Source:HGNC Symbol;Acc:HGNC:3824]	no	YAP_regulated	NA
ENSG00000136897	4	shHIF2a_up	MRPL50	15.73	9	101398618	mitochondrial ribosomal protein L50 [Source:HGNC Symbol;Acc:HGNC:16654]	no	YAP_regulated	NA
ENSG00000136937	4	shHIF2a_up	NCBP1	37.77	9	97633821	nuclear cap binding protein subunit 1 [Source:HGNC Symbol;Acc:HGNC:7658]	no	YAP_regulated	NA
ENSG00000136950	4	shHIF2a_up	ARPC5L	113.9	9	124862130	actin related protein 2/3 complex subunit 5 like [Source:HGNC Symbol;Acc:HGNC:23366]	no	YAP_regulated	NA
ENSG00000136999	4	shHIF2a_up	CCN3	0.13	8	119416446	cellular communication network factor 3 [Source:HGNC Symbol;Acc:HGNC:7885]	no	Not_regulated_by_YAP	NA
ENSG00000137574	4	shHIF2a_up	TGS1	21.34	8	55773470	trimethylguanosine synthase 1 [Source:HGNC Symbol;Acc:HGNC:17843]	no	YAP_regulated	NA
ENSG00000137713	4	shHIF2a_up	PPP2R1B	23.65	11	111766368	protein phosphatase 2 scaffold subunit Abeta [Source:HGNC Symbol;Acc:HGNC:9303]	no	Not_regulated_by_YAP	NA
ENSG00000137714	4	shHIF2a_up	FDX1	10.93	11	110429948	ferredoxin 1 [Source:HGNC Symbol;Acc:HGNC:3638]	no	YAP_regulated	NA
ENSG00000137947	4	shHIF2a_up	GTF2B	35.44	1	88891589	general transcription factor IIB [Source:HGNC Symbol;Acc:HGNC:4648]	Yes	Not_regulated_by_YAP	Unknown
ENSG00000137996	4	shHIF2a_up	RTCA	48.94	1	100266207	RNA 3'-terminal phosphate cyclase [Source:HGNC Symbol;Acc:HGNC:17981]	no	Not_regulated_by_YAP	NA
ENSG00000138035	4	shHIF2a_up	PNPT1	32.07	2	55693844	polyribonucleotide nucleotidyltransferase 1 [Source:HGNC Symbol;Acc:HGNC:23166]	no	Not_regulated_by_YAP	NA
ENSG00000138069	4	shHIF2a_up	RAB1A	260.84	2	65130331	RAB1A, member RAS oncogene family [Source:HGNC Symbol;Acc:HGNC:9758]	no	YAP_regulated	NA
ENSG00000138073	4	shHIF2a_up	PREB	43.39	2	27134615	prolactin regulatory element binding [Source:HGNC Symbol;Acc:HGNC:9356]	Yes	YAP_regulated	Unknown
ENSG00000138363	4	shHIF2a_up	ATIC	179.55	2	215312059	5-aminoimidazole-4-carboxamide ribonucleotide formyltransferase/IMP cyclohydrolase [Source:HGNC Symbol;Acc:HGNC:794]	no	YAP_regulated	NA
ENSG00000138496	4	shHIF2a_up	PARP9	9.17	3	122564577	poly(ADP-ribose) polymerase family member 9 [Source:HGNC Symbol;Acc:HGNC:24118]	no	Not_regulated_by_YAP	NA
ENSG00000139233	4	shHIF2a_up	LLPH	94.53	12	66130750	LLP homolog, long-term synaptic facilitation factor [Source:HGNC Symbol;Acc:HGNC:28229]	no	Not_regulated_by_YAP	NA
ENSG00000139278	4	shHIF2a_up	GLIPR1	93.85	12	75480755	GLI pathogenesis related 1 [Source:HGNC Symbol;Acc:HGNC:17001]	no	Not_regulated_by_YAP	NA
ENSG00000139372	4	shHIF2a_up	TDG	43.38	12	103965822	thymine DNA glycosylase [Source:HGNC Symbol;Acc:HGNC:11700]	no	YAP_regulated	NA
ENSG00000139410	4	shHIF2a_up	SDSL	10.58	12	113422380	serine dehydratase like [Source:HGNC Symbol;Acc:HGNC:30404]	no	YAP_regulated	NA
ENSG00000139433	4	shHIF2a_up	GLTP	26.56	12	109880541	glycolipid transfer protein [Source:HGNC Symbol;Acc:HGNC:24867]	no	Not_regulated_by_YAP	NA
ENSG00000139645	4	shHIF2a_up	ANKRD52	33.22	12	56244727	ankyrin repeat domain 52 [Source:HGNC Symbol;Acc:HGNC:26614]	no	Not_regulated_by_YAP	NA
ENSG00000139719	4	shHIF2a_up	VPS33A	14.72	12	122266494	VPS33A core subunit of CORVET and HOPS complexes [Source:HGNC Symbol;Acc:HGNC:18179]	no	YAP_regulated	NA
ENSG00000139974	4	shHIF2a_up	SLC38A6	8.09	14	60981162	solute carrier family 38 member 6 [Source:HGNC Symbol;Acc:HGNC:19863]	no	Not_regulated_by_YAP	NA
ENSG00000140157	4	shHIF2a_up	NIPA2	104.74	15	22838644	NIPA magnesium transporter 2 [Source:HGNC Symbol;Acc:HGNC:17044]	no	YAP_regulated	NA
ENSG00000140297	4	shHIF2a_up	GCNT3	7.66	15	59594875	glucosaminyl (N-acetyl) transferase 3, mucin type [Source:HGNC Symbol;Acc:HGNC:4205]	no	YAP_regulated	NA
ENSG00000140750	4	shHIF2a_up	ARHGAP17	30.55	16	25015369	Rho GTPase activating protein 17 [Source:HGNC Symbol;Acc:HGNC:18239]	no	YAP_regulated	NA
ENSG00000140941	4	shHIF2a_up	MAP1LC3B	94.96	16	87383953	microtubule associated protein 1 light chain 3 beta [Source:HGNC Symbol;Acc:HGNC:13352]	no	YAP_regulated	NA
ENSG00000141349	4	shHIF2a_up	G6PC3	62.79	17	44070735	glucose-6-phosphatase catalytic subunit 3 [Source:HGNC Symbol;Acc:HGNC:24861]	no	YAP_regulated	NA
ENSG00000141378	4	shHIF2a_up	PTRH2	39.55	17	59707415	peptidyl-tRNA hydrolase 2 [Source:HGNC Symbol;Acc:HGNC:24265]	no	YAP_regulated	NA
ENSG00000141429	4	shHIF2a_up	GALNT1	86	18	35581117	polypeptide N-acetylgalactosaminyltransferase 1 [Source:HGNC Symbol;Acc:HGNC:4123]	no	Not_regulated_by_YAP	NA
ENSG00000141642	4	shHIF2a_up	ELAC1	6.1	18	50967991	elaC ribonuclease Z 1 [Source:HGNC Symbol;Acc:HGNC:14197]	no	YAP_regulated	NA
ENSG00000141759	4	shHIF2a_up	TXNL4A	74.4	18	79988563	thioredoxin like 4A [Source:HGNC Symbol;Acc:HGNC:30551]	no	YAP_regulated	NA
ENSG00000142207	4	shHIF2a_up	URB1	10.21	21	32393012	URB1 ribosome biogenesis homolog [Source:HGNC Symbol;Acc:HGNC:17344]	no	Not_regulated_by_YAP	NA
ENSG00000142444	4	shHIF2a_up	TIMM29	17.6	19	10928811	translocase of inner mitochondrial membrane 29 [Source:HGNC Symbol;Acc:HGNC:25152]	no	YAP_regulated	NA
ENSG00000142684	4	shHIF2a_up	ZNF593	15.96	1	26169942	zinc finger protein 593 [Source:HGNC Symbol;Acc:HGNC:30943]	no	Not_regulated_by_YAP	NA
ENSG00000143079	4	shHIF2a_up	CTTNBP2NL	10.84	1	112396214	CTTNBP2 N-terminal like [Source:HGNC Symbol;Acc:HGNC:25330]	no	YAP_regulated	NA
ENSG00000143106	4	shHIF2a_up	PSMA5	293.97	1	109426448	proteasome 20S subunit alpha 5 [Source:HGNC Symbol;Acc:HGNC:9534]	no	YAP_regulated	NA
ENSG00000143222	4	shHIF2a_up	UFC1	96.04	1	161152776	ubiquitin-fold modifier conjugating enzyme 1 [Source:HGNC Symbol;Acc:HGNC:26941]	no	Not_regulated_by_YAP	NA
ENSG00000143314	4	shHIF2a_up	MRPL24	99.48	1	156741088	mitochondrial ribosomal protein L24 [Source:HGNC Symbol;Acc:HGNC:14037]	no	YAP_regulated	NA
ENSG00000143319	4	shHIF2a_up	ISG20L2	31.96	1	156725867	interferon stimulated exonuclease gene 20 like 2 [Source:HGNC Symbol;Acc:HGNC:25745]	no	Not_regulated_by_YAP	NA
ENSG00000143367	4	shHIF2a_up	TUFT1	34.91	1	151540305	tuftelin 1 [Source:HGNC Symbol;Acc:HGNC:12422]	no	YAP_regulated	NA
ENSG00000143390	4	shHIF2a_up	RFX5	34.03	1	151346818	regulatory factor X5 [Source:HGNC Symbol;Acc:HGNC:9986]	Yes	YAP_regulated	RFX
ENSG00000143479	4	shHIF2a_up	DYRK3	5.78	1	206635536	dual specificity tyrosine phosphorylation regulated kinase 3 [Source:HGNC Symbol;Acc:HGNC:3094]	no	YAP_regulated	NA
ENSG00000143569	4	shHIF2a_up	UBAP2L	157.06	1	154220179	ubiquitin associated protein 2 like [Source:HGNC Symbol;Acc:HGNC:29877]	no	YAP_regulated	NA
ENSG00000143633	4	shHIF2a_up	C1orf131	23.51	1	231241187	chromosome 1 open reading frame 131 [Source:HGNC Symbol;Acc:HGNC:25332]	no	Not_regulated_by_YAP	NA
ENSG00000143774	4	shHIF2a_up	GUK1	347	1	228139962	guanylate kinase 1 [Source:HGNC Symbol;Acc:HGNC:4693]	no	YAP_regulated	NA
ENSG00000143799	4	shHIF2a_up	PARP1	124.24	1	226363160	poly(ADP-ribose) polymerase 1 [Source:HGNC Symbol;Acc:HGNC:270]	no	YAP_regulated	NA
ENSG00000143942	4	shHIF2a_up	CHAC2	12.17	2	53767804	ChaC cation transport regulator homolog 2 [Source:HGNC Symbol;Acc:HGNC:32363]	no	Not_regulated_by_YAP	NA
ENSG00000143947	4	shHIF2a_up	RPS27A	1687.9	2	55232678	ribosomal protein S27a [Source:HGNC Symbol;Acc:HGNC:10417]	no	YAP_regulated	NA
ENSG00000144355	4	shHIF2a_up	DLX1	13.98	2	172084740	distal-less homeobox 1 [Source:HGNC Symbol;Acc:HGNC:2914]	Yes	YAP_regulated	Homeodomain
ENSG00000144395	4	shHIF2a_up	CCDC150	10.34	2	196639554	coiled-coil domain containing 150 [Source:HGNC Symbol;Acc:HGNC:26834]	no	YAP_regulated	NA
ENSG00000144401	4	shHIF2a_up	METTL21A	45.7	2	207625121	methyltransferase like 21A [Source:HGNC Symbol;Acc:HGNC:30476]	no	YAP_regulated	NA
ENSG00000144560	4	shHIF2a_up	VGLL4	17.39	3	11720746	vestigial like family member 4 [Source:HGNC Symbol;Acc:HGNC:28966]	no	YAP_regulated	NA
ENSG00000144736	4	shHIF2a_up	SHQ1	13.1	3	72795590	SHQ1, H/ACA ribonucleoprotein assembly factor [Source:HGNC Symbol;Acc:HGNC:25543]	no	Not_regulated_by_YAP	NA
ENSG00000144815	4	shHIF2a_up	NXPE3	31.65	3	101779202	neurexophilin and PC-esterase domain family member 3 [Source:HGNC Symbol;Acc:HGNC:28238]	no	YAP_regulated	NA
ENSG00000144827	4	shHIF2a_up	ABHD10	27.83	3	111979052	abhydrolase domain containing 10 [Source:HGNC Symbol;Acc:HGNC:25656]	no	YAP_regulated	NA
ENSG00000144848	4	shHIF2a_up	ATG3	65.41	3	112561962	autophagy related 3 [Source:HGNC Symbol;Acc:HGNC:20962]	no	YAP_regulated	NA
ENSG00000144909	4	shHIF2a_up	OSBPL11	7.94	3	125595497	oxysterol binding protein like 11 [Source:HGNC Symbol;Acc:HGNC:16397]	no	YAP_regulated	NA
ENSG00000145331	4	shHIF2a_up	TRMT10A	7.32	4	99564017	tRNA methyltransferase 10A [Source:HGNC Symbol;Acc:HGNC:28403]	no	YAP_regulated	NA
ENSG00000145494	4	shHIF2a_up	NDUFS6	84.55	5	1801407	NADH:ubiquinone oxidoreductase subunit S6 [Source:HGNC Symbol;Acc:HGNC:7713]	no	Not_regulated_by_YAP	NA
ENSG00000146386	4	shHIF2a_up	ABRACL	158.62	6	139028745	ABRA C-terminal like [Source:HGNC Symbol;Acc:HGNC:21230]	no	Not_regulated_by_YAP	NA
ENSG00000146731	4	shHIF2a_up	CCT6A	447.71	7	56051765	chaperonin containing TCP1 subunit 6A [Source:HGNC Symbol;Acc:HGNC:1620]	no	YAP_regulated	NA
ENSG00000146826	4	shHIF2a_up	MAP11	13.26	7	100156440	microtubule associated protein 11 [Source:HGNC Symbol;Acc:HGNC:25604]	no	Not_regulated_by_YAP	NA
ENSG00000147224	4	shHIF2a_up	PRPS1	139.33	X	107628510	phosphoribosyl pyrophosphate synthetase 1 [Source:HGNC Symbol;Acc:HGNC:9462]	no	YAP_regulated	NA
ENSG00000147586	4	shHIF2a_up	MRPS28	82.94	8	80030259	mitochondrial ribosomal protein S28 [Source:HGNC Symbol;Acc:HGNC:14513]	no	YAP_regulated	NA
ENSG00000147592	4	shHIF2a_up	LACTB2	52.28	8	70669174	lactamase beta 2 [Source:HGNC Symbol;Acc:HGNC:18512]	no	YAP_regulated	NA
ENSG00000147669	4	shHIF2a_up	POLR2K	184.5	8	100150636	RNA polymerase II subunit K [Source:HGNC Symbol;Acc:HGNC:9198]	no	Not_regulated_by_YAP	NA
ENSG00000147676	4	shHIF2a_up	MAL2	17.57	8	119165034	mal, T cell differentiation protein 2 (gene/pseudogene) [Source:HGNC Symbol;Acc:HGNC:13634]	no	Not_regulated_by_YAP	NA
ENSG00000147684	4	shHIF2a_up	NDUFB9	406.77	8	124539101	NADH:ubiquinone oxidoreductase subunit B9 [Source:HGNC Symbol;Acc:HGNC:7704]	no	Not_regulated_by_YAP	NA
ENSG00000148229	4	shHIF2a_up	POLE3	141.87	9	113410343	DNA polymerase epsilon 3, accessory subunit [Source:HGNC Symbol;Acc:HGNC:13546]	no	Not_regulated_by_YAP	NA
ENSG00000148331	4	shHIF2a_up	ASB6	18.21	9	129642124	ankyrin repeat and SOCS box containing 6 [Source:HGNC Symbol;Acc:HGNC:17181]	no	YAP_regulated	NA
ENSG00000148334	4	shHIF2a_up	PTGES2	65.64	9	128128418	prostaglandin E synthase 2 [Source:HGNC Symbol;Acc:HGNC:17822]	no	YAP_regulated	NA
ENSG00000148411	4	shHIF2a_up	NACC2	22.72	9	136019480	NACC family member 2 [Source:HGNC Symbol;Acc:HGNC:23846]	Yes	YAP_regulated	Unknown
ENSG00000148459	4	shHIF2a_up	PDSS1	22.54	10	26697701	decaprenyl diphosphate synthase subunit 1 [Source:HGNC Symbol;Acc:HGNC:17759]	no	Not_regulated_by_YAP	NA
ENSG00000148634	4	shHIF2a_up	HERC4	25.28	10	68039967	HECT and RLD domain containing E3 ubiquitin protein ligase 4 [Source:HGNC Symbol;Acc:HGNC:24521]	no	YAP_regulated	NA
ENSG00000148843	4	shHIF2a_up	PDCD11	24.96	10	103396626	programmed cell death 11 [Source:HGNC Symbol;Acc:HGNC:13408]	no	YAP_regulated	NA
ENSG00000149357	4	shHIF2a_up	LAMTOR1	71.47	11	72103246	late endosomal/lysosomal adaptor, MAPK and MTOR activator 1 [Source:HGNC Symbol;Acc:HGNC:26068]	no	YAP_regulated	NA
ENSG00000149483	4	shHIF2a_up	TMEM138	45.68	11	61362374	transmembrane protein 138 [Source:HGNC Symbol;Acc:HGNC:26944]	no	YAP_regulated	NA
ENSG00000149547	4	shHIF2a_up	EI24	151.43	11	125569477	EI24 autophagy associated transmembrane protein [Source:HGNC Symbol;Acc:HGNC:13276]	no	YAP_regulated	NA
ENSG00000149658	4	shHIF2a_up	YTHDF1	36.9	20	63216131	YTH N6-methyladenosine RNA binding protein 1 [Source:HGNC Symbol;Acc:HGNC:15867]	no	YAP_regulated	NA
ENSG00000150687	4	shHIF2a_up	PRSS23	105.81	11	86791059	serine protease 23 [Source:HGNC Symbol;Acc:HGNC:14370]	no	YAP_regulated	NA
ENSG00000150779	4	shHIF2a_up	TIMM8B	51.52	11	112086756	translocase of inner mitochondrial membrane 8 homolog B [Source:HGNC Symbol;Acc:HGNC:11818]	no	Not_regulated_by_YAP	NA
ENSG00000150938	4	shHIF2a_up	CRIM1	106.52	2	36355778	cysteine rich transmembrane BMP regulator 1 [Source:HGNC Symbol;Acc:HGNC:2359]	no	YAP_regulated	NA
ENSG00000150990	4	shHIF2a_up	DHX37	21.62	12	124953740	DEAH-box helicase 37 [Source:HGNC Symbol;Acc:HGNC:17210]	no	Not_regulated_by_YAP	NA
ENSG00000151131	4	shHIF2a_up	C12orf45	17.97	12	104986316	chromosome 12 open reading frame 45 [Source:HGNC Symbol;Acc:HGNC:28628]	no	Not_regulated_by_YAP	NA
ENSG00000151465	4	shHIF2a_up	CDC123	161.64	10	12195965	cell division cycle 123 [Source:HGNC Symbol;Acc:HGNC:16827]	no	Not_regulated_by_YAP	NA
ENSG00000151773	4	shHIF2a_up	CCDC122	2.92	13	43879691	coiled-coil domain containing 122 [Source:HGNC Symbol;Acc:HGNC:26478]	no	Not_regulated_by_YAP	NA
ENSG00000151929	4	shHIF2a_up	BAG3	42.11	10	119651380	BAG cochaperone 3 [Source:HGNC Symbol;Acc:HGNC:939]	no	YAP_regulated	NA
ENSG00000152147	4	shHIF2a_up	GEMIN6	12.51	2	38751534	gem nuclear organelle associated protein 6 [Source:HGNC Symbol;Acc:HGNC:20044]	no	YAP_regulated	NA
ENSG00000152234	4	shHIF2a_up	ATP5F1A	360.39	18	46098296	ATP synthase F1 subunit alpha [Source:HGNC Symbol;Acc:HGNC:823]	no	Not_regulated_by_YAP	NA
ENSG00000152413	4	shHIF2a_up	HOMER1	3.39	5	79514134	homer scaffold protein 1 [Source:HGNC Symbol;Acc:HGNC:17512]	no	YAP_regulated	NA
ENSG00000152669	4	shHIF2a_up	CCNO	3.33	5	55233597	cyclin O [Source:HGNC Symbol;Acc:HGNC:18576]	no	Not_regulated_by_YAP	NA
ENSG00000153814	4	shHIF2a_up	JAZF1	11.37	7	27992252	JAZF zinc finger 1 [Source:HGNC Symbol;Acc:HGNC:28917]	Yes	Not_regulated_by_YAP	C2H2 ZF
ENSG00000154222	4	shHIF2a_up	CC2D1B	21.42	1	52360548	coiled-coil and C2 domain containing 1B [Source:HGNC Symbol;Acc:HGNC:29386]	no	YAP_regulated	NA
ENSG00000154305	4	shHIF2a_up	MIA3	33.46	1	222618097	MIA SH3 domain ER export factor 3 [Source:HGNC Symbol;Acc:HGNC:24008]	no	YAP_regulated	NA
ENSG00000154310	4	shHIF2a_up	TNIK	17.17	3	171460405	TRAF2 and NCK interacting kinase [Source:HGNC Symbol;Acc:HGNC:30765]	no	YAP_regulated	NA
ENSG00000154380	4	shHIF2a_up	ENAH	203.39	1	225652699	ENAH actin regulator [Source:HGNC Symbol;Acc:HGNC:18271]	no	YAP_regulated	NA
ENSG00000154518	4	shHIF2a_up	ATP5MC3	322.19	2	175184607	ATP synthase membrane subunit c locus 3 [Source:HGNC Symbol;Acc:HGNC:843]	no	YAP_regulated	NA
ENSG00000154589	4	shHIF2a_up	LY96	5.82	8	73991392	lymphocyte antigen 96 [Source:HGNC Symbol;Acc:HGNC:17156]	no	Not_regulated_by_YAP	NA
ENSG00000154736	4	shHIF2a_up	ADAMTS5	0.93	21	26967088	ADAM metallopeptidase with thrombospondin type 1 motif 5 [Source:HGNC Symbol;Acc:HGNC:221]	no	Not_regulated_by_YAP	NA
ENSG00000155097	4	shHIF2a_up	ATP6V1C1	54.62	8	103021063	ATPase H+ transporting V1 subunit C1 [Source:HGNC Symbol;Acc:HGNC:856]	no	YAP_regulated	NA
ENSG00000155100	4	shHIF2a_up	OTUD6B	33.36	8	91070196	OTU deubiquitinase 6B [Source:HGNC Symbol;Acc:HGNC:24281]	no	YAP_regulated	NA
ENSG00000155366	4	shHIF2a_up	RHOC	550.26	1	112707127	ras homolog family member C [Source:HGNC Symbol;Acc:HGNC:669]	no	YAP_regulated	NA
ENSG00000155438	4	shHIF2a_up	NIFK	105.43	2	121735805	nucleolar protein interacting with the FHA domain of MKI67 [Source:HGNC Symbol;Acc:HGNC:17838]	no	YAP_regulated	NA
ENSG00000155636	4	shHIF2a_up	RBM45	12.07	2	178112437	RNA binding motif protein 45 [Source:HGNC Symbol;Acc:HGNC:24468]	no	Not_regulated_by_YAP	NA
ENSG00000155957	4	shHIF2a_up	TMBIM4	70.57	12	66170072	transmembrane BAX inhibitor motif containing 4 [Source:HGNC Symbol;Acc:HGNC:24257]	no	YAP_regulated	NA
ENSG00000156017	4	shHIF2a_up	CARNMT1	16.29	9	75028293	carnosine N-methyltransferase 1 [Source:HGNC Symbol;Acc:HGNC:23435]	no	YAP_regulated	NA
ENSG00000156261	4	shHIF2a_up	CCT8	353.51	21	29073797	chaperonin containing TCP1 subunit 8 [Source:HGNC Symbol;Acc:HGNC:1623]	no	YAP_regulated	NA
ENSG00000156265	4	shHIF2a_up	MAP3K7CL	13.2	21	29077471	MAP3K7 C-terminal like [Source:HGNC Symbol;Acc:HGNC:16457]	no	YAP_regulated	NA
ENSG00000156587	4	shHIF2a_up	UBE2L6	15.71	11	57568284	ubiquitin conjugating enzyme E2 L6 [Source:HGNC Symbol;Acc:HGNC:12490]	no	Not_regulated_by_YAP	NA
ENSG00000156697	4	shHIF2a_up	UTP14A	31.55	X	129906164	UTP14A small subunit processome component [Source:HGNC Symbol;Acc:HGNC:10665]	no	Not_regulated_by_YAP	NA
ENSG00000156709	4	shHIF2a_up	AIFM1	53.56	X	130165841	apoptosis inducing factor mitochondria associated 1 [Source:HGNC Symbol;Acc:HGNC:8768]	no	YAP_regulated	NA
ENSG00000157168	4	shHIF2a_up	NRG1	25.42	8	32647962	neuregulin 1 [Source:HGNC Symbol;Acc:HGNC:7997]	no	Not_regulated_by_YAP	NA
ENSG00000157191	4	shHIF2a_up	NECAP2	72.19	1	16440724	NECAP endocytosis associated 2 [Source:HGNC Symbol;Acc:HGNC:25528]	no	Not_regulated_by_YAP	NA
ENSG00000157916	4	shHIF2a_up	RER1	152.96	1	2391841	retention in endoplasmic reticulum sorting receptor 1 [Source:HGNC Symbol;Acc:HGNC:30309]	no	YAP_regulated	NA
ENSG00000158480	4	shHIF2a_up	SPATA2	6.36	20	49915529	spermatogenesis associated 2 [Source:HGNC Symbol;Acc:HGNC:14681]	no	Not_regulated_by_YAP	NA
ENSG00000158716	4	shHIF2a_up	DUSP23	46.28	1	159780932	dual specificity phosphatase 23 [Source:HGNC Symbol;Acc:HGNC:21480]	no	Not_regulated_by_YAP	NA
ENSG00000158864	4	shHIF2a_up	NDUFS2	68.41	1	161197104	NADH:ubiquinone oxidoreductase core subunit S2 [Source:HGNC Symbol;Acc:HGNC:7708]	no	Not_regulated_by_YAP	NA
ENSG00000159199	4	shHIF2a_up	ATP5MC1	352.06	17	48892765	ATP synthase membrane subunit c locus 1 [Source:HGNC Symbol;Acc:HGNC:841]	no	YAP_regulated	NA
ENSG00000159210	4	shHIF2a_up	SNF8	135.14	17	48944733	SNF8 subunit of ESCRT-II [Source:HGNC Symbol;Acc:HGNC:17028]	no	Not_regulated_by_YAP	NA
ENSG00000160072	4	shHIF2a_up	ATAD3B	45.92	1	1471765	ATPase family AAA domain containing 3B [Source:HGNC Symbol;Acc:HGNC:24007]	no	Not_regulated_by_YAP	NA
ENSG00000160087	4	shHIF2a_up	UBE2J2	102.99	1	1273827	ubiquitin conjugating enzyme E2 J2 [Source:HGNC Symbol;Acc:HGNC:19268]	no	YAP_regulated	NA
ENSG00000160194	4	shHIF2a_up	NDUFV3	15.51	21	42879644	NADH:ubiquinone oxidoreductase subunit V3 [Source:HGNC Symbol;Acc:HGNC:7719]	no	YAP_regulated	NA
ENSG00000160326	4	shHIF2a_up	SLC2A6	41.39	9	133479096	solute carrier family 2 member 6 [Source:HGNC Symbol;Acc:HGNC:11011]	no	YAP_regulated	NA
ENSG00000160688	4	shHIF2a_up	FLAD1	26.22	1	154983338	flavin adenine dinucleotide synthetase 1 [Source:HGNC Symbol;Acc:HGNC:24671]	no	Not_regulated_by_YAP	NA
ENSG00000160818	4	shHIF2a_up	GPATCH4	50.13	1	156601483	G-patch domain containing 4 [Source:HGNC Symbol;Acc:HGNC:25982]	no	Not_regulated_by_YAP	NA
ENSG00000160959	4	shHIF2a_up	LRRC14	18.2	8	144518745	leucine rich repeat containing 14 [Source:HGNC Symbol;Acc:HGNC:20419]	no	Not_regulated_by_YAP	NA
ENSG00000160991	4	shHIF2a_up	ORAI2	42.6	7	102433106	ORAI calcium release-activated calcium modulator 2 [Source:HGNC Symbol;Acc:HGNC:21667]	no	YAP_regulated	NA
ENSG00000161203	4	shHIF2a_up	AP2M1	610.81	3	184174689	adaptor related protein complex 2 subunit mu 1 [Source:HGNC Symbol;Acc:HGNC:564]	no	YAP_regulated	NA
ENSG00000161204	4	shHIF2a_up	ABCF3	31.42	3	184186191	ATP binding cassette subfamily F member 3 [Source:HGNC Symbol;Acc:HGNC:72]	no	YAP_regulated	NA
ENSG00000161526	4	shHIF2a_up	SAP30BP	77.23	17	75703770	SAP30 binding protein [Source:HGNC Symbol;Acc:HGNC:30785]	no	YAP_regulated	NA
ENSG00000162377	4	shHIF2a_up	COA7	20.66	1	52698347	cytochrome c oxidase assembly factor 7 (putative) [Source:HGNC Symbol;Acc:HGNC:25716]	no	Not_regulated_by_YAP	NA
ENSG00000162408	4	shHIF2a_up	NOL9	8.07	1	6554513	nucleolar protein 9 [Source:HGNC Symbol;Acc:HGNC:26265]	no	Not_regulated_by_YAP	NA
ENSG00000162616	4	shHIF2a_up	DNAJB4	20.28	1	77979175	DnaJ heat shock protein family (Hsp40) member B4 [Source:HGNC Symbol;Acc:HGNC:14886]	no	YAP_regulated	NA
ENSG00000162851	4	shHIF2a_up	TFB2M	39.33	1	246566261	transcription factor B2, mitochondrial [Source:HGNC Symbol;Acc:HGNC:18559]	no	YAP_regulated	NA
ENSG00000163166	4	shHIF2a_up	IWS1	48.88	2	127486618	interacts with SUPT6H, CTD assembly factor 1 [Source:HGNC Symbol;Acc:HGNC:25467]	no	Not_regulated_by_YAP	NA
ENSG00000163485	4	shHIF2a_up	ADORA1	18.37	1	203090654	adenosine A1 receptor [Source:HGNC Symbol;Acc:HGNC:262]	no	YAP_regulated	NA
ENSG00000163597	4	shHIF2a_up	SNHG16	48.31	17	76557764	small nucleolar RNA host gene 16 [Source:HGNC Symbol;Acc:HGNC:44352]	no	Not_regulated_by_YAP	NA
ENSG00000163626	4	shHIF2a_up	COX18	8.99	4	73069741	cytochrome c oxidase assembly factor COX18 [Source:HGNC Symbol;Acc:HGNC:26801]	no	YAP_regulated	NA
ENSG00000163728	4	shHIF2a_up	TTC14	20.6	3	180602163	tetratricopeptide repeat domain 14 [Source:HGNC Symbol;Acc:HGNC:24697]	no	Not_regulated_by_YAP	NA
ENSG00000163754	4	shHIF2a_up	GYG1	46.49	3	148991408	glycogenin 1 [Source:HGNC Symbol;Acc:HGNC:4699]	no	YAP_regulated	NA
ENSG00000164022	4	shHIF2a_up	AIMP1	68.2	4	106315544	aminoacyl tRNA synthetase complex interacting multifunctional protein 1 [Source:HGNC Symbol;Acc:HGNC:10648]	no	YAP_regulated	NA
ENSG00000164116	4	shHIF2a_up	GUCY1A1	2.44	4	155666711	guanylate cyclase 1 soluble subunit alpha 1 [Source:HGNC Symbol;Acc:HGNC:4685]	no	Not_regulated_by_YAP	NA
ENSG00000164163	4	shHIF2a_up	ABCE1	62.65	4	145098311	ATP binding cassette subfamily E member 1 [Source:HGNC Symbol;Acc:HGNC:69]	no	Not_regulated_by_YAP	NA
ENSG00000164209	4	shHIF2a_up	SLC25A46	35.96	5	110755120	solute carrier family 25 member 46 [Source:HGNC Symbol;Acc:HGNC:25198]	no	Not_regulated_by_YAP	NA
ENSG00000164338	4	shHIF2a_up	UTP15	10.67	5	73565443	UTP15 small subunit processome component [Source:HGNC Symbol;Acc:HGNC:25758]	no	Not_regulated_by_YAP	NA
ENSG00000164405	4	shHIF2a_up	UQCRQ	248.77	5	132866642	ubiquinol-cytochrome c reductase complex III subunit VII [Source:HGNC Symbol;Acc:HGNC:29594]	no	YAP_regulated	NA
ENSG00000164466	4	shHIF2a_up	SFXN1	89.37	5	175477062	sideroflexin 1 [Source:HGNC Symbol;Acc:HGNC:16085]	no	Not_regulated_by_YAP	NA
ENSG00000164815	4	shHIF2a_up	ORC5	39.61	7	104208013	origin recognition complex subunit 5 [Source:HGNC Symbol;Acc:HGNC:8491]	no	Not_regulated_by_YAP	NA
ENSG00000164825	4	shHIF2a_up	NA	NA	NA	NA	NA	NA	NA	NA
ENSG00000164889	4	shHIF2a_up	SLC4A2	214.34	7	151058212	solute carrier family 4 member 2 [Source:HGNC Symbol;Acc:HGNC:11028]	no	YAP_regulated	NA
ENSG00000164941	4	shHIF2a_up	INTS8	38.48	8	94813311	integrator complex subunit 8 [Source:HGNC Symbol;Acc:HGNC:26048]	no	YAP_regulated	NA
ENSG00000165055	4	shHIF2a_up	METTL2B	42.86	7	128476729	methyltransferase like 2B [Source:HGNC Symbol;Acc:HGNC:18272]	no	YAP_regulated	NA
ENSG00000165092	4	shHIF2a_up	ALDH1A1	98.05	9	72953053	aldehyde dehydrogenase 1 family member A1 [Source:HGNC Symbol;Acc:HGNC:402]	no	Not_regulated_by_YAP	NA
ENSG00000165288	4	shHIF2a_up	BRWD3	2.9	X	80809877	bromodomain and WD repeat domain containing 3 [Source:HGNC Symbol;Acc:HGNC:17342]	no	Not_regulated_by_YAP	NA
ENSG00000165572	4	shHIF2a_up	KBTBD6	3.11	13	41132802	kelch repeat and BTB domain containing 6 [Source:HGNC Symbol;Acc:HGNC:25340]	no	Not_regulated_by_YAP	NA
ENSG00000165630	4	shHIF2a_up	PRPF18	27.25	10	13586965	pre-mRNA processing factor 18 [Source:HGNC Symbol;Acc:HGNC:17351]	no	Not_regulated_by_YAP	NA
ENSG00000165672	4	shHIF2a_up	PRDX3	370.06	10	119174772	peroxiredoxin 3 [Source:HGNC Symbol;Acc:HGNC:9354]	no	YAP_regulated	NA
ENSG00000165675	4	shHIF2a_up	ENOX2	8.36	X	130709313	ecto-NOX disulfide-thiol exchanger 2 [Source:HGNC Symbol;Acc:HGNC:2259]	no	Not_regulated_by_YAP	NA
ENSG00000165684	4	shHIF2a_up	SNAPC4	10.53	9	136398797	small nuclear RNA activating complex polypeptide 4 [Source:HGNC Symbol;Acc:HGNC:11137]	Yes	Not_regulated_by_YAP	Myb/SANT
ENSG00000165688	4	shHIF2a_up	PMPCA	79.14	9	136410658	peptidase, mitochondrial processing subunit alpha [Source:HGNC Symbol;Acc:HGNC:18667]	no	Not_regulated_by_YAP	NA
ENSG00000165732	4	shHIF2a_up	DDX21	195.84	10	68956170	DExD-box helicase 21 [Source:HGNC Symbol;Acc:HGNC:2744]	no	Not_regulated_by_YAP	NA
ENSG00000165733	4	shHIF2a_up	BMS1	26.28	10	42782795	BMS1 ribosome biogenesis factor [Source:HGNC Symbol;Acc:HGNC:23505]	no	Not_regulated_by_YAP	NA
ENSG00000165832	4	shHIF2a_up	TRUB1	25.45	10	114938195	TruB pseudouridine synthase family member 1 [Source:HGNC Symbol;Acc:HGNC:16060]	no	Not_regulated_by_YAP	NA
ENSG00000166197	4	shHIF2a_up	NOLC1	172.68	10	102152389	nucleolar and coiled-body phosphoprotein 1 [Source:HGNC Symbol;Acc:HGNC:15608]	no	YAP_regulated	NA
ENSG00000166226	4	shHIF2a_up	CCT2	321.96	12	69585459	chaperonin containing TCP1 subunit 2 [Source:HGNC Symbol;Acc:HGNC:1615]	no	YAP_regulated	NA
ENSG00000166592	4	shHIF2a_up	RRAD	84.03	16	66925535	RRAD, Ras related glycolysis inhibitor and calcium channel regulator [Source:HGNC Symbol;Acc:HGNC:10446]	no	YAP_regulated	NA
ENSG00000166908	4	shHIF2a_up	PIP4K2C	24.31	12	57591174	phosphatidylinositol-5-phosphate 4-kinase type 2 gamma [Source:HGNC Symbol;Acc:HGNC:23786]	no	Not_regulated_by_YAP	NA
ENSG00000167112	4	shHIF2a_up	TRUB2	36.43	9	128322447	TruB pseudouridine synthase family member 2 [Source:HGNC Symbol;Acc:HGNC:17170]	no	Not_regulated_by_YAP	NA
ENSG00000167114	4	shHIF2a_up	SLC27A4	18.66	9	128340646	solute carrier family 27 member 4 [Source:HGNC Symbol;Acc:HGNC:10998]	no	YAP_regulated	NA
ENSG00000167378	4	shHIF2a_up	IRGQ	4.96	19	43589687	immunity related GTPase Q [Source:HGNC Symbol;Acc:HGNC:24868]	no	YAP_regulated	NA
ENSG00000167657	4	shHIF2a_up	DAPK3	118.49	19	3971099	death associated protein kinase 3 [Source:HGNC Symbol;Acc:HGNC:2676]	no	YAP_regulated	NA
ENSG00000167977	4	shHIF2a_up	KCTD5	42.43	16	2682523	potassium channel tetramerization domain containing 5 [Source:HGNC Symbol;Acc:HGNC:21423]	no	YAP_regulated	NA
ENSG00000168575	4	shHIF2a_up	SLC20A2	11.1	8	42541926	solute carrier family 20 member 2 [Source:HGNC Symbol;Acc:HGNC:10947]	no	YAP_regulated	NA
ENSG00000168806	4	shHIF2a_up	LCMT2	5.95	15	43330573	leucine carboxyl methyltransferase 2 [Source:HGNC Symbol;Acc:HGNC:17558]	no	YAP_regulated	NA
ENSG00000168827	4	shHIF2a_up	GFM1	54.87	3	158682107	G elongation factor mitochondrial 1 [Source:HGNC Symbol;Acc:HGNC:13780]	no	Not_regulated_by_YAP	NA
ENSG00000169019	4	shHIF2a_up	COMMD8	49.35	4	47463702	COMM domain containing 8 [Source:HGNC Symbol;Acc:HGNC:26036]	no	Not_regulated_by_YAP	NA
ENSG00000169020	4	shHIF2a_up	ATP5ME	396.69	4	674121	ATP synthase membrane subunit e [Source:HGNC Symbol;Acc:HGNC:846]	no	YAP_regulated	NA
ENSG00000169180	4	shHIF2a_up	XPO6	116.8	16	28152918	exportin 6 [Source:HGNC Symbol;Acc:HGNC:19733]	no	YAP_regulated	NA
ENSG00000169230	4	shHIF2a_up	PRELID1	294.65	5	177303799	PRELI domain containing 1 [Source:HGNC Symbol;Acc:HGNC:30255]	no	Not_regulated_by_YAP	NA
ENSG00000169251	4	shHIF2a_up	NMD3	64.77	3	161221324	NMD3 ribosome export adaptor [Source:HGNC Symbol;Acc:HGNC:24250]	no	Not_regulated_by_YAP	NA
ENSG00000169641	4	shHIF2a_up	LUZP1	29.14	1	23177808	leucine zipper protein 1 [Source:HGNC Symbol;Acc:HGNC:14985]	no	YAP_regulated	NA
ENSG00000169727	4	shHIF2a_up	GPS1	79.81	17	82051898	G protein pathway suppressor 1 [Source:HGNC Symbol;Acc:HGNC:4549]	no	Not_regulated_by_YAP	NA
ENSG00000169764	4	shHIF2a_up	UGP2	88.57	2	63840969	UDP-glucose pyrophosphorylase 2 [Source:HGNC Symbol;Acc:HGNC:12527]	no	YAP_regulated	NA
ENSG00000170006	4	shHIF2a_up	TMEM154	3.95	4	152641425	transmembrane protein 154 [Source:HGNC Symbol;Acc:HGNC:26489]	no	Not_regulated_by_YAP	NA
ENSG00000170385	4	shHIF2a_up	SLC30A1	13.9	1	211579161	solute carrier family 30 member 1 [Source:HGNC Symbol;Acc:HGNC:11012]	no	Not_regulated_by_YAP	NA
ENSG00000170445	4	shHIF2a_up	HARS1	89.82	5	140691377	histidyl-tRNA synthetase 1 [Source:HGNC Symbol;Acc:HGNC:4816]	no	Not_regulated_by_YAP	NA
ENSG00000170473	4	shHIF2a_up	PYM1	24.34	12	55927894	PYM homolog 1, exon junction complex associated factor [Source:HGNC Symbol;Acc:HGNC:30258]	no	Not_regulated_by_YAP	NA
ENSG00000170619	4	shHIF2a_up	COMMD5	37.72	8	144851174	COMM domain containing 5 [Source:HGNC Symbol;Acc:HGNC:17902]	no	Not_regulated_by_YAP	NA
ENSG00000170634	4	shHIF2a_up	ACYP2	3.64	2	53970838	acylphosphatase 2 [Source:HGNC Symbol;Acc:HGNC:180]	no	YAP_regulated	NA
ENSG00000170836	4	shHIF2a_up	PPM1D	5.59	17	60600193	protein phosphatase, Mg2+/Mn2+ dependent 1D [Source:HGNC Symbol;Acc:HGNC:9277]	no	YAP_regulated	NA
ENSG00000170871	4	shHIF2a_up	KIAA0232	13.56	4	6781375	KIAA0232 [Source:HGNC Symbol;Acc:HGNC:28992]	no	YAP_regulated	NA
ENSG00000170903	4	shHIF2a_up	MSANTD4	13.63	11	106022403	Myb/SANT DNA binding domain containing 4 with coiled-coils [Source:HGNC Symbol;Acc:HGNC:29383]	Yes	Not_regulated_by_YAP	Myb/SANT
ENSG00000170989	4	shHIF2a_up	S1PR1	3.35	1	101236865	sphingosine-1-phosphate receptor 1 [Source:HGNC Symbol;Acc:HGNC:3165]	no	Not_regulated_by_YAP	NA
ENSG00000171311	4	shHIF2a_up	EXOSC1	70.71	10	97446006	exosome component 1 [Source:HGNC Symbol;Acc:HGNC:17286]	no	YAP_regulated	NA
ENSG00000171314	4	shHIF2a_up	PGAM1	1077.5	10	97426191	phosphoglycerate mutase 1 [Source:HGNC Symbol;Acc:HGNC:8888]	no	YAP_regulated	NA
ENSG00000171453	4	shHIF2a_up	POLR1C	53.48	6	43509702	RNA polymerase I and III subunit C [Source:HGNC Symbol;Acc:HGNC:20194]	no	Not_regulated_by_YAP	NA
ENSG00000171617	4	shHIF2a_up	ENC1	43.67	5	74640582	ectodermal-neural cortex 1 [Source:HGNC Symbol;Acc:HGNC:3345]	no	YAP_regulated	NA
ENSG00000171860	4	shHIF2a_up	C3AR1	2.88	12	8066359	complement C3a receptor 1 [Source:HGNC Symbol;Acc:HGNC:1319]	no	Not_regulated_by_YAP	NA
ENSG00000171865	4	shHIF2a_up	RNASEH1	44.7	2	3558333	ribonuclease H1 [Source:HGNC Symbol;Acc:HGNC:18466]	no	YAP_regulated	NA
ENSG00000172115	4	shHIF2a_up	CYCS	249.45	7	25125260	cytochrome c, somatic [Source:HGNC Symbol;Acc:HGNC:19986]	no	YAP_regulated	NA
ENSG00000172336	4	shHIF2a_up	POP7	101.15	7	100706121	POP7 homolog, ribonuclease P/MRP subunit [Source:HGNC Symbol;Acc:HGNC:19949]	no	YAP_regulated	NA
ENSG00000172380	4	shHIF2a_up	GNG12	192.1	1	67833467	G protein subunit gamma 12 [Source:HGNC Symbol;Acc:HGNC:19663]	no	YAP_regulated	NA
ENSG00000172534	4	shHIF2a_up	HCFC1	31.71	X	153971184	host cell factor C1 [Source:HGNC Symbol;Acc:HGNC:4839]	no	YAP_regulated	NA
ENSG00000172716	4	shHIF2a_up	SLFN11	51.81	17	35373701	schlafen family member 11 [Source:HGNC Symbol;Acc:HGNC:26633]	no	Not_regulated_by_YAP	NA
ENSG00000173041	4	shHIF2a_up	ZNF680	12.29	7	64544219	zinc finger protein 680 [Source:HGNC Symbol;Acc:HGNC:26897]	Yes	Not_regulated_by_YAP	C2H2 ZF
ENSG00000173113	4	shHIF2a_up	TRMT112	193.1	11	64317559	tRNA methyltransferase subunit 11-2 [Source:HGNC Symbol;Acc:HGNC:26940]	no	Not_regulated_by_YAP	NA
ENSG00000173141	4	shHIF2a_up	MRPL57	11.47	13	21176658	mitochondrial ribosomal protein L57 [Source:HGNC Symbol;Acc:HGNC:14514]	no	YAP_regulated	NA
ENSG00000173221	4	shHIF2a_up	GLRX	21.79	5	95822726	glutaredoxin [Source:HGNC Symbol;Acc:HGNC:4330]	no	Not_regulated_by_YAP	NA
ENSG00000173436	4	shHIF2a_up	MICOS10	157.22	1	19484403	mitochondrial contact site and cristae organizing system subunit 10 [Source:HGNC Symbol;Acc:HGNC:32068]	no	YAP_regulated	NA
ENSG00000173545	4	shHIF2a_up	ZNF622	45.15	5	16465800	zinc finger protein 622 [Source:HGNC Symbol;Acc:HGNC:30958]	no	Not_regulated_by_YAP	NA
ENSG00000173614	4	shHIF2a_up	NMNAT1	8.71	1	9943428	nicotinamide nucleotide adenylyltransferase 1 [Source:HGNC Symbol;Acc:HGNC:17877]	no	YAP_regulated	NA
ENSG00000173692	4	shHIF2a_up	PSMD1	149.72	2	231056894	proteasome 26S subunit, non-ATPase 1 [Source:HGNC Symbol;Acc:HGNC:9554]	no	YAP_regulated	NA
ENSG00000173846	4	shHIF2a_up	PLK3	7.89	1	44800377	polo like kinase 3 [Source:HGNC Symbol;Acc:HGNC:2154]	no	YAP_regulated	NA
ENSG00000173915	4	shHIF2a_up	ATP5MD	777.86	10	103396492	ATP synthase membrane subunit DAPIT [Source:HGNC Symbol;Acc:HGNC:30889]	no	YAP_regulated	NA
ENSG00000174021	4	shHIF2a_up	GNG5	195.98	1	84503833	G protein subunit gamma 5 [Source:HGNC Symbol;Acc:HGNC:4408]	no	YAP_regulated	NA
ENSG00000174173	4	shHIF2a_up	TRMT10C	28.73	3	101561868	tRNA methyltransferase 10C, mitochondrial RNase P subunit [Source:HGNC Symbol;Acc:HGNC:26022]	no	Not_regulated_by_YAP	NA
ENSG00000174227	4	shHIF2a_up	PIGG	44.14	4	525365	phosphatidylinositol glycan anchor biosynthesis class G [Source:HGNC Symbol;Acc:HGNC:25985]	no	Not_regulated_by_YAP	NA
ENSG00000174243	4	shHIF2a_up	DDX23	79.3	12	48852163	DEAD-box helicase 23 [Source:HGNC Symbol;Acc:HGNC:17347]	no	YAP_regulated	NA
ENSG00000174840	4	shHIF2a_up	PDE12	7.29	3	57556276	phosphodiesterase 12 [Source:HGNC Symbol;Acc:HGNC:25386]	no	Not_regulated_by_YAP	NA
ENSG00000174851	4	shHIF2a_up	YIF1A	88.68	11	66285335	Yip1 interacting factor homolog A, membrane trafficking protein [Source:HGNC Symbol;Acc:HGNC:16688]	no	YAP_regulated	NA
ENSG00000174886	4	shHIF2a_up	NDUFA11	243.89	19	5903786	NADH:ubiquinone oxidoreductase subunit A11 [Source:HGNC Symbol;Acc:HGNC:20371]	no	YAP_regulated	NA
ENSG00000174996	4	shHIF2a_up	KLC2	24.25	11	66257294	kinesin light chain 2 [Source:HGNC Symbol;Acc:HGNC:20716]	no	YAP_regulated	NA
ENSG00000175137	4	shHIF2a_up	SH3BP5L	28.22	1	248814173	SH3 binding domain protein 5 like [Source:HGNC Symbol;Acc:HGNC:29360]	no	YAP_regulated	NA
ENSG00000175220	4	shHIF2a_up	ARHGAP1	35.14	11	46700619	Rho GTPase activating protein 1 [Source:HGNC Symbol;Acc:HGNC:673]	no	YAP_regulated	NA
ENSG00000175283	4	shHIF2a_up	DOLK	19.76	9	128947603	dolichol kinase [Source:HGNC Symbol;Acc:HGNC:23406]	no	YAP_regulated	NA
ENSG00000175567	4	shHIF2a_up	UCP2	27.81	11	73983246	uncoupling protein 2 [Source:HGNC Symbol;Acc:HGNC:12518]	no	YAP_regulated	NA
ENSG00000175606	4	shHIF2a_up	TMEM70	46.93	8	73972437	transmembrane protein 70 [Source:HGNC Symbol;Acc:HGNC:26050]	no	YAP_regulated	NA
ENSG00000175701	4	shHIF2a_up	MTLN	47.08	2	110245420	mitoregulin [Source:HGNC Symbol;Acc:HGNC:27339]	no	Not_regulated_by_YAP	NA
ENSG00000175756	4	shHIF2a_up	AURKAIP1	137.05	1	1375144	aurora kinase A interacting protein 1 [Source:HGNC Symbol;Acc:HGNC:24114]	no	YAP_regulated	NA
ENSG00000175792	4	shHIF2a_up	RUVBL1	107.58	3	128087795	RuvB like AAA ATPase 1 [Source:HGNC Symbol;Acc:HGNC:10474]	no	YAP_regulated	NA
ENSG00000175866	4	shHIF2a_up	BAIAP2	32.92	17	81035122	BAR/IMD domain containing adaptor protein 2 [Source:HGNC Symbol;Acc:HGNC:947]	no	YAP_regulated	NA
ENSG00000176022	4	shHIF2a_up	B3GALT6	16.01	1	1232237	beta-1,3-galactosyltransferase 6 [Source:HGNC Symbol;Acc:HGNC:17978]	no	YAP_regulated	NA
ENSG00000176261	4	shHIF2a_up	ZBTB8OS	74.58	1	32650565	zinc finger and BTB domain containing 8 opposite strand [Source:HGNC Symbol;Acc:HGNC:24094]	no	YAP_regulated	NA
ENSG00000176273	4	shHIF2a_up	SLC35G1	8.17	10	93893973	solute carrier family 35 member G1 [Source:HGNC Symbol;Acc:HGNC:26607]	no	Not_regulated_by_YAP	NA
ENSG00000176410	4	shHIF2a_up	DNAJC30	4.4	7	73683453	DnaJ heat shock protein family (Hsp40) member C30 [Source:HGNC Symbol;Acc:HGNC:16410]	no	Not_regulated_by_YAP	NA
ENSG00000176597	4	shHIF2a_up	B3GNT5	22.38	3	183253555	UDP-GlcNAc:betaGal beta-1,3-N-acetylglucosaminyltransferase 5 [Source:HGNC Symbol;Acc:HGNC:15684]	no	YAP_regulated	NA
ENSG00000176697	4	shHIF2a_up	BDNF	6.21	11	27659658	brain derived neurotrophic factor [Source:HGNC Symbol;Acc:HGNC:1033]	no	Not_regulated_by_YAP	NA
ENSG00000176720	4	shHIF2a_up	BOK	12.69	2	241551424	BCL2 family apoptosis regulator BOK [Source:HGNC Symbol;Acc:HGNC:1087]	no	YAP_regulated	NA
ENSG00000176871	4	shHIF2a_up	WSB2	73.31	12	118062410	WD repeat and SOCS box containing 2 [Source:HGNC Symbol;Acc:HGNC:19222]	no	YAP_regulated	NA
ENSG00000177542	4	shHIF2a_up	SLC25A22	22.63	11	796203	solute carrier family 25 member 22 [Source:HGNC Symbol;Acc:HGNC:19954]	no	Not_regulated_by_YAP	NA
ENSG00000177613	4	shHIF2a_up	CSTF2T	13.35	10	51699595	cleavage stimulation factor subunit 2 tau variant [Source:HGNC Symbol;Acc:HGNC:17086]	no	Not_regulated_by_YAP	NA
ENSG00000177675	4	shHIF2a_up	CD163L1	29.52	12	7368970	CD163 molecule like 1 [Source:HGNC Symbol;Acc:HGNC:30375]	no	Not_regulated_by_YAP	NA
ENSG00000177885	4	shHIF2a_up	GRB2	70.03	17	75405678	growth factor receptor bound protein 2 [Source:HGNC Symbol;Acc:HGNC:4566]	no	YAP_regulated	NA
ENSG00000178307	4	shHIF2a_up	TMEM11	29.15	17	21214161	transmembrane protein 11 [Source:HGNC Symbol;Acc:HGNC:16823]	no	YAP_regulated	NA
ENSG00000179115	4	shHIF2a_up	FARSA	72.2	19	12933698	phenylalanyl-tRNA synthetase subunit alpha [Source:HGNC Symbol;Acc:HGNC:3592]	no	YAP_regulated	NA
ENSG00000179918	4	shHIF2a_up	SEPHS2	32.91	16	30445874	selenophosphate synthetase 2 [Source:HGNC Symbol;Acc:HGNC:19686]	no	Not_regulated_by_YAP	NA
ENSG00000179950	4	shHIF2a_up	PUF60	194.52	8	143824460	poly(U) binding splicing factor 60 [Source:HGNC Symbol;Acc:HGNC:17042]	no	YAP_regulated	NA
ENSG00000180185	4	shHIF2a_up	FAHD1	21.66	16	1826941	fumarylacetoacetate hydrolase domain containing 1 [Source:HGNC Symbol;Acc:HGNC:14169]	no	YAP_regulated	NA
ENSG00000180879	4	shHIF2a_up	SSR4	301.48	X	153794679	signal sequence receptor subunit 4 [Source:HGNC Symbol;Acc:HGNC:11326]	no	YAP_regulated	NA
ENSG00000180964	4	shHIF2a_up	TCEAL8	40.98	X	103255185	transcription elongation factor A like 8 [Source:HGNC Symbol;Acc:HGNC:28683]	no	Not_regulated_by_YAP	NA
ENSG00000181274	4	shHIF2a_up	FRAT2	6.02	10	97334729	FRAT regulator of WNT signaling pathway 2 [Source:HGNC Symbol;Acc:HGNC:16048]	no	YAP_regulated	NA
ENSG00000181610	4	shHIF2a_up	MRPS23	128.33	17	57850056	mitochondrial ribosomal protein S23 [Source:HGNC Symbol;Acc:HGNC:14509]	no	Not_regulated_by_YAP	NA
ENSG00000181649	4	shHIF2a_up	PHLDA2	41.68	11	2929420	pleckstrin homology like domain family A member 2 [Source:HGNC Symbol;Acc:HGNC:12385]	no	YAP_regulated	NA
ENSG00000182117	4	shHIF2a_up	NOP10	226.19	15	34343136	NOP10 ribonucleoprotein [Source:HGNC Symbol;Acc:HGNC:14378]	no	Not_regulated_by_YAP	NA
ENSG00000182263	4	shHIF2a_up	FIGN	13.31	2	163736008	fidgetin, microtubule severing factor [Source:HGNC Symbol;Acc:HGNC:13285]	no	Not_regulated_by_YAP	NA
ENSG00000182612	4	shHIF2a_up	TSPAN10	0.83	17	81637171	tetraspanin 10 [Source:HGNC Symbol;Acc:HGNC:29942]	no	Not_regulated_by_YAP	NA
ENSG00000182934	4	shHIF2a_up	SRPRA	91.09	11	126268895	SRP receptor subunit alpha [Source:HGNC Symbol;Acc:HGNC:11307]	no	YAP_regulated	NA
ENSG00000183287	4	shHIF2a_up	CCBE1	31.41	18	59455212	collagen and calcium binding EGF domains 1 [Source:HGNC Symbol;Acc:HGNC:29426]	no	Not_regulated_by_YAP	NA
ENSG00000183617	4	shHIF2a_up	MRPL54	61.27	19	3762705	mitochondrial ribosomal protein L54 [Source:HGNC Symbol;Acc:HGNC:16685]	no	YAP_regulated	NA
ENSG00000184232	4	shHIF2a_up	OAF	11.21	11	120211032	out at first homolog [Source:HGNC Symbol;Acc:HGNC:28752]	no	Not_regulated_by_YAP	NA
ENSG00000184371	4	shHIF2a_up	CSF1	79.1	1	109910605	colony stimulating factor 1 [Source:HGNC Symbol;Acc:HGNC:2432]	no	Not_regulated_by_YAP	NA
ENSG00000184432	4	shHIF2a_up	COPB2	198.62	3	139359121	COPI coat complex subunit beta 2 [Source:HGNC Symbol;Acc:HGNC:2232]	no	YAP_regulated	NA
ENSG00000185278	4	shHIF2a_up	ZBTB37	2.04	1	173868394	zinc finger and BTB domain containing 37 [Source:HGNC Symbol;Acc:HGNC:28365]	Yes	YAP_regulated	C2H2 ZF
ENSG00000185298	4	shHIF2a_up	CCDC137	44.72	17	81666772	coiled-coil domain containing 137 [Source:HGNC Symbol;Acc:HGNC:33451]	no	YAP_regulated	NA
ENSG00000185504	4	shHIF2a_up	FAAP100	11.36	17	81552376	FA core complex associated protein 100 [Source:HGNC Symbol;Acc:HGNC:26171]	no	YAP_regulated	NA
ENSG00000185627	4	shHIF2a_up	PSMD13	199.1	11	236977	proteasome 26S subunit, non-ATPase 13 [Source:HGNC Symbol;Acc:HGNC:9558]	no	YAP_regulated	NA
ENSG00000185787	4	shHIF2a_up	MORF4L1	333.49	15	78810487	mortality factor 4 like 1 [Source:HGNC Symbol;Acc:HGNC:16989]	no	YAP_regulated	NA
ENSG00000185813	4	shHIF2a_up	PCYT2	23.55	17	81906177	phosphate cytidylyltransferase 2, ethanolamine [Source:HGNC Symbol;Acc:HGNC:8756]	no	Not_regulated_by_YAP	NA
ENSG00000186222	4	shHIF2a_up	BLOC1S4	8.33	4	6716174	biogenesis of lysosomal organelles complex 1 subunit 4 [Source:HGNC Symbol;Acc:HGNC:24206]	no	Not_regulated_by_YAP	NA
ENSG00000186575	4	shHIF2a_up	NF2	36.04	22	29603568	neurofibromin 2 [Source:HGNC Symbol;Acc:HGNC:7773]	no	YAP_regulated	NA
ENSG00000186594	4	shHIF2a_up	MIR22HG	30.66	17	1716210	MIR22 host gene [Source:HGNC Symbol;Acc:HGNC:28219]	no	YAP_regulated	NA
ENSG00000186834	4	shHIF2a_up	HEXIM1	8.24	17	45148475	HEXIM P-TEFb complex subunit 1 [Source:HGNC Symbol;Acc:HGNC:24953]	no	YAP_regulated	NA
ENSG00000187024	4	shHIF2a_up	PTRH1	11.43	9	127724832	peptidyl-tRNA hydrolase 1 homolog [Source:HGNC Symbol;Acc:HGNC:27039]	no	YAP_regulated	NA
ENSG00000187498	4	shHIF2a_up	COL4A1	135.14	13	110307157	collagen type IV alpha 1 chain [Source:HGNC Symbol;Acc:HGNC:2202]	no	Not_regulated_by_YAP	NA
ENSG00000187608	4	shHIF2a_up	ISG15	37.32	1	1001138	ISG15 ubiquitin like modifier [Source:HGNC Symbol;Acc:HGNC:4053]	no	Not_regulated_by_YAP	NA
ENSG00000187713	4	shHIF2a_up	TMEM203	52.92	9	137205648	transmembrane protein 203 [Source:HGNC Symbol;Acc:HGNC:28217]	no	Not_regulated_by_YAP	NA
ENSG00000188191	4	shHIF2a_up	PRKAR1B	14.55	7	712572	protein kinase cAMP-dependent type I regulatory subunit beta [Source:HGNC Symbol;Acc:HGNC:9390]	no	Not_regulated_by_YAP	NA
ENSG00000188643	4	shHIF2a_up	S100A16	335.81	1	153609337	S100 calcium binding protein A16 [Source:HGNC Symbol;Acc:HGNC:20441]	no	YAP_regulated	NA
ENSG00000188690	4	shHIF2a_up	UROS	58.95	10	125823258	uroporphyrinogen III synthase [Source:HGNC Symbol;Acc:HGNC:12592]	no	YAP_regulated	NA
ENSG00000189043	4	shHIF2a_up	NDUFA4	70.16	7	10940135	NDUFA4 mitochondrial complex associated [Source:HGNC Symbol;Acc:HGNC:7687]	no	YAP_regulated	NA
ENSG00000189159	4	shHIF2a_up	JPT1	555.16	17	75168261	Jupiter microtubule associated homolog 1 [Source:HGNC Symbol;Acc:HGNC:14569]	no	YAP_regulated	NA
ENSG00000189306	4	shHIF2a_up	RRP7A	35.93	22	42519796	ribosomal RNA processing 7 homolog A [Source:HGNC Symbol;Acc:HGNC:24286]	no	Not_regulated_by_YAP	NA
ENSG00000196396	4	shHIF2a_up	PTPN1	59.93	20	50510383	protein tyrosine phosphatase non-receptor type 1 [Source:HGNC Symbol;Acc:HGNC:9642]	no	YAP_regulated	NA
ENSG00000196449	4	shHIF2a_up	YRDC	37.89	1	37808208	yrdC N6-threonylcarbamoyltransferase domain containing [Source:HGNC Symbol;Acc:HGNC:28905]	no	YAP_regulated	NA
ENSG00000196511	4	shHIF2a_up	TPK1	21.02	7	144738922	thiamin pyrophosphokinase 1 [Source:HGNC Symbol;Acc:HGNC:17358]	no	YAP_regulated	NA
ENSG00000196981	4	shHIF2a_up	WDR5B	4.82	3	122416062	WD repeat domain 5B [Source:HGNC Symbol;Acc:HGNC:17826]	no	YAP_regulated	NA
ENSG00000197136	4	shHIF2a_up	PCNX3	15.69	11	65615773	pecanex 3 [Source:HGNC Symbol;Acc:HGNC:18760]	no	YAP_regulated	NA
ENSG00000197170	4	shHIF2a_up	PSMD12	117.48	17	67342484	proteasome 26S subunit, non-ATPase 12 [Source:HGNC Symbol;Acc:HGNC:9557]	no	YAP_regulated	NA
ENSG00000197226	4	shHIF2a_up	TBC1D9B	47.75	5	179888314	TBC1 domain family member 9B [Source:HGNC Symbol;Acc:HGNC:29097]	no	Not_regulated_by_YAP	NA
ENSG00000197448	4	shHIF2a_up	GSTK1	111.16	7	143244093	glutathione S-transferase kappa 1 [Source:HGNC Symbol;Acc:HGNC:16906]	no	Not_regulated_by_YAP	NA
ENSG00000197785	4	shHIF2a_up	ATAD3A	81.56	1	1512162	ATPase family AAA domain containing 3A [Source:HGNC Symbol;Acc:HGNC:25567]	no	YAP_regulated	NA
ENSG00000198026	4	shHIF2a_up	ZNF335	14.49	20	45964516	zinc finger protein 335 [Source:HGNC Symbol;Acc:HGNC:15807]	Yes	YAP_regulated	C2H2 ZF
ENSG00000198258	4	shHIF2a_up	UBL5	716.15	19	9827892	ubiquitin like 5 [Source:HGNC Symbol;Acc:HGNC:13736]	no	Not_regulated_by_YAP	NA
ENSG00000198417	4	shHIF2a_up	MT1F	14.75	16	56659234	metallothionein 1F [Source:HGNC Symbol;Acc:HGNC:7398]	no	Not_regulated_by_YAP	NA
ENSG00000198468	4	shHIF2a_up	FLVCR1-DT	4.53	1	212858125	FLVCR1 divergent transcript [Source:HGNC Symbol;Acc:HGNC:39077]	no	YAP_regulated	NA
ENSG00000198498	4	shHIF2a_up	TMA16	29.51	4	163512424	translation machinery associated 16 homolog [Source:HGNC Symbol;Acc:HGNC:25638]	no	YAP_regulated	NA
ENSG00000198728	4	shHIF2a_up	LDB1	18.12	10	102120368	LIM domain binding 1 [Source:HGNC Symbol;Acc:HGNC:6532]	no	YAP_regulated	NA
ENSG00000198786	4	shHIF2a_up	MT-ND5	2065.5	MT	12337	mitochondrially encoded NADH:ubiquinone oxidoreductase core subunit 5 [Source:HGNC Symbol;Acc:HGNC:7461]	no	Not_regulated_by_YAP	NA
ENSG00000198796	4	shHIF2a_up	ALPK2	52.17	18	58629091	alpha kinase 2 [Source:HGNC Symbol;Acc:HGNC:20565]	no	YAP_regulated	NA
ENSG00000198832	4	shHIF2a_up	SELENOM	337.74	22	31107466	selenoprotein M [Source:HGNC Symbol;Acc:HGNC:30397]	no	YAP_regulated	NA
ENSG00000198886	4	shHIF2a_up	MT-ND4	9494.7	MT	10760	mitochondrially encoded NADH:ubiquinone oxidoreductase core subunit 4 [Source:HGNC Symbol;Acc:HGNC:7459]	no	Not_regulated_by_YAP	NA
ENSG00000203724	4	shHIF2a_up	C1orf53	1.44	1	197902778	chromosome 1 open reading frame 53 [Source:HGNC Symbol;Acc:HGNC:30003]	no	Not_regulated_by_YAP	NA
ENSG00000204120	4	shHIF2a_up	GIGYF2	27.92	2	232697299	GRB10 interacting GYF protein 2 [Source:HGNC Symbol;Acc:HGNC:11960]	no	YAP_regulated	NA
ENSG00000204237	4	shHIF2a_up	OXLD1	21.16	17	81666605	oxidoreductase like domain containing 1 [Source:HGNC Symbol;Acc:HGNC:27901]	no	YAP_regulated	NA
ENSG00000204386	4	shHIF2a_up	NEU1	21.27	6	31862796	neuraminidase 1 [Source:HGNC Symbol;Acc:HGNC:7758]	no	YAP_regulated	NA
ENSG00000204394	4	shHIF2a_up	VARS1	104.78	6	31792960	valyl-tRNA synthetase 1 [Source:HGNC Symbol;Acc:HGNC:12651]	no	Not_regulated_by_YAP	NA
ENSG00000205336	4	shHIF2a_up	ADGRG1	94.67	16	57627711	adhesion G protein-coupled receptor G1 [Source:HGNC Symbol;Acc:HGNC:4512]	no	YAP_regulated	NA
ENSG00000205352	4	shHIF2a_up	PRR13	256.74	12	53441734	proline rich 13 [Source:HGNC Symbol;Acc:HGNC:24528]	no	YAP_regulated	NA
ENSG00000206573	4	shHIF2a_up	THUMPD3-AS1	65.1	3	9396623	THUMPD3 antisense RNA 1 [Source:HGNC Symbol;Acc:HGNC:44478]	no	YAP_regulated	NA
ENSG00000213694	4	shHIF2a_up	S1PR3	10.42	9	88991468	sphingosine-1-phosphate receptor 3 [Source:HGNC Symbol;Acc:HGNC:3167]	no	Not_regulated_by_YAP	NA
ENSG00000214160	4	shHIF2a_up	ALG3	76.45	3	184248962	ALG3 alpha-1,3- mannosyltransferase [Source:HGNC Symbol;Acc:HGNC:23056]	no	Not_regulated_by_YAP	NA
ENSG00000214253	4	shHIF2a_up	FIS1	173.43	7	101245075	fission, mitochondrial 1 [Source:HGNC Symbol;Acc:HGNC:21689]	no	YAP_regulated	NA
ENSG00000214517	4	shHIF2a_up	PPME1	31.1	11	74171322	protein phosphatase methylesterase 1 [Source:HGNC Symbol;Acc:HGNC:30178]	no	YAP_regulated	NA
ENSG00000215301	4	shHIF2a_up	DDX3X	134.92	X	41334606	DEAD-box helicase 3 X-linked [Source:HGNC Symbol;Acc:HGNC:2745]	no	YAP_regulated	NA
ENSG00000224877	4	shHIF2a_up	NDUFAF8	35.51	17	81239311	NADH:ubiquinone oxidoreductase complex assembly factor 8 [Source:HGNC Symbol;Acc:HGNC:33551]	no	YAP_regulated	NA
ENSG00000227372	4	shHIF2a_up	TP73-AS1	9.9	1	3746884	TP73 antisense RNA 1 [Source:HGNC Symbol;Acc:HGNC:29052]	no	Not_regulated_by_YAP	NA
ENSG00000232956	4	shHIF2a_up	SNHG15	56.22	7	44986669	small nucleolar RNA host gene 15 [Source:HGNC Symbol;Acc:HGNC:27797]	no	Not_regulated_by_YAP	NA
ENSG00000235173	4	shHIF2a_up	HGH1	25.81	8	144138759	HGH1 homolog [Source:HGNC Symbol;Acc:HGNC:24161]	no	YAP_regulated	NA
ENSG00000238227	4	shHIF2a_up	TMEM250	23.74	9	136118438	transmembrane protein 250 [Source:HGNC Symbol;Acc:HGNC:31009]	no	YAP_regulated	NA
ENSG00000239672	4	shHIF2a_up	NME1	344.71	17	51153578	NME/NM23 nucleoside diphosphate kinase 1 [Source:HGNC Symbol;Acc:HGNC:7849]	no	YAP_regulated	NA
ENSG00000241878	4	shHIF2a_up	PISD	62.64	22	31628982	phosphatidylserine decarboxylase [Source:HGNC Symbol;Acc:HGNC:8999]	no	Not_regulated_by_YAP	NA
ENSG00000242372	4	shHIF2a_up	EIF6	371.62	20	35284786	eukaryotic translation initiation factor 6 [Source:HGNC Symbol;Acc:HGNC:6159]	no	Not_regulated_by_YAP	NA
ENSG00000243364	4	shHIF2a_up	EFNA4	12.51	1	155063740	ephrin A4 [Source:HGNC Symbol;Acc:HGNC:3224]	no	Not_regulated_by_YAP	NA
ENSG00000244045	4	shHIF2a_up	TMEM199	22.08	17	28357708	transmembrane protein 199 [Source:HGNC Symbol;Acc:HGNC:18085]	no	YAP_regulated	NA
ENSG00000246985	4	shHIF2a_up	SOCS2-AS1	0.73	12	93570961	SOCS2 antisense RNA 1 [Source:HGNC Symbol;Acc:HGNC:27054]	no	Not_regulated_by_YAP	NA
ENSG00000249673	4	shHIF2a_up	NOP14-AS1	10.31	4	2935140	NOP14 antisense RNA 1 [Source:HGNC Symbol;Acc:HGNC:20205]	no	YAP_regulated	NA
ENSG00000250317	4	shHIF2a_up	SMIM20	42.63	4	25861830	small integral membrane protein 20 [Source:HGNC Symbol;Acc:HGNC:37260]	no	YAP_regulated	NA
ENSG00000254093	4	shHIF2a_up	PINX1	16.88	8	10839876	PIN2 (TERF1) interacting telomerase inhibitor 1 [Source:HGNC Symbol;Acc:HGNC:30046]	no	Not_regulated_by_YAP	NA
ENSG00000256628	4	shHIF2a_up	ZBTB11-AS1	1.96	3	101676475	ZBTB11 antisense RNA 1 [Source:HGNC Symbol;Acc:HGNC:48573]	no	Not_regulated_by_YAP	NA
ENSG00000257727	4	shHIF2a_up	CNPY2	154.04	12	56311312	canopy FGF signaling regulator 2 [Source:HGNC Symbol;Acc:HGNC:13529]	no	YAP_regulated	NA
ENSG00000260025	4	shHIF2a_up	CRIM1-DT	2.2	2	36355114	CRIM1 divergent transcript [Source:HGNC Symbol;Acc:HGNC:54057]	no	Not_regulated_by_YAP	NA
ENSG00000261115	4	shHIF2a_up	TMEM178B	3.34	7	141074064	transmembrane protein 178B [Source:HGNC Symbol;Acc:HGNC:44112]	no	Not_regulated_by_YAP	NA
ENSG00000261236	4	shHIF2a_up	NA	NA	NA	NA	NA	NA	NA	NA
ENSG00000262814	4	shHIF2a_up	MRPL12	121.08	17	81703367	mitochondrial ribosomal protein L12 [Source:HGNC Symbol;Acc:HGNC:10378]	no	Not_regulated_by_YAP	NA
ENSG00000265354	4	shHIF2a_up	NA	NA	NA	NA	NA	NA	NA	NA
ENSG00000266962	4	shHIF2a_up	AC067852.2	3.26	17	42554748	novel transcript, antisense to HSD17B1	no	Not_regulated_by_YAP	NA
ENSG00000267673	4	shHIF2a_up	FDX2	27.82	19	10315795	ferredoxin 2 [Source:HGNC Symbol;Acc:HGNC:30546]	no	Not_regulated_by_YAP	NA
ENSG00000267745	4	shHIF2a_up	AC060766.7	2.69	17	35409768	novel transcript	no	Not_regulated_by_YAP	NA
ENSG00000272047	4	shHIF2a_up	GTF2H5	4.03	6	158168350	general transcription factor IIH subunit 5 [Source:HGNC Symbol;Acc:HGNC:21157]	no	YAP_regulated	NA
ENSG00000274070	4	shHIF2a_up	NA	NA	NA	NA	NA	NA	NA	NA
ENSG00000275342	4	shHIF2a_up	NA	NA	NA	NA	NA	NA	NA	NA
ENSG00000277791	4	shHIF2a_up	NA	NA	NA	NA	NA	NA	NA	NA
ENSG00000285417	4	shHIF2a_up	NA	NA	NA	NA	NA	NA	NA	NA
ENSG00000291136	4	shHIF2a_up	NA	NA	NA	NA	NA	NA	NA	NA
ENSG00000291237	4	shHIF2a_up	NA	NA	NA	NA	NA	NA	NA	NA
ENSG00000089127	4	shHIF2a_up	OAS1	1.08	12	112906962	2'-5'-oligoadenylate synthetase 1 [Source:HGNC Symbol;Acc:HGNC:8086]	no	Not_regulated_by_YAP	NA
ENSG00000127081	4	shHIF2a_up	ZNF484	1.96	9	92878022	zinc finger protein 484 [Source:HGNC Symbol;Acc:HGNC:23385]	Yes	Not_regulated_by_YAP	C2H2 ZF
ENSG00000132357	4	shHIF2a_up	CARD6	1.81	5	40841367	caspase recruitment domain family member 6 [Source:HGNC Symbol;Acc:HGNC:16394]	no	Not_regulated_by_YAP	NA
ENSG00000133107	4	shHIF2a_up	TRPC4	2.15	13	37869772	transient receptor potential cation channel subfamily C member 4 [Source:HGNC Symbol;Acc:HGNC:12336]	no	Not_regulated_by_YAP	NA
ENSG00000135114	4	shHIF2a_up	OASL	0.76	12	121039242	2'-5'-oligoadenylate synthetase like [Source:HGNC Symbol;Acc:HGNC:8090]	no	Not_regulated_by_YAP	NA
ENSG00000145736	4	shHIF2a_up	GTF2H2	19.66	5	71067652	general transcription factor IIH subunit 2 [Source:HGNC Symbol;Acc:HGNC:4656]	no	Not_regulated_by_YAP	NA
ENSG00000157833	4	shHIF2a_up	GAREM2	0.87	2	26173088	GRB2 associated regulator of MAPK1 subtype 2 [Source:HGNC Symbol;Acc:HGNC:27172]	no	Not_regulated_by_YAP	NA
ENSG00000164124	4	shHIF2a_up	TMEM144	2.92	4	158210485	transmembrane protein 144 [Source:HGNC Symbol;Acc:HGNC:25633]	no	Not_regulated_by_YAP	NA
ENSG00000164220	4	shHIF2a_up	F2RL2	1.05	5	76623403	coagulation factor II thrombin receptor like 2 [Source:HGNC Symbol;Acc:HGNC:3539]	no	Not_regulated_by_YAP	NA
ENSG00000168961	4	shHIF2a_up	LGALS9	0.13	17	27631226	galectin 9 [Source:HGNC Symbol;Acc:HGNC:6570]	no	Not_regulated_by_YAP	NA
ENSG00000172671	4	shHIF2a_up	ZFAND4	1.75	10	45672772	zinc finger AN1-type containing 4 [Source:HGNC Symbol;Acc:HGNC:23504]	no	Not_regulated_by_YAP	NA
ENSG00000174130	4	shHIF2a_up	TLR6	2.65	4	38829539	toll like receptor 6 [Source:HGNC Symbol;Acc:HGNC:16711]	no	YAP_regulated	NA
ENSG00000182667	4	shHIF2a_up	NTM	0.3	11	131370478	neurotrimin [Source:HGNC Symbol;Acc:HGNC:17941]	no	Not_regulated_by_YAP	NA
ENSG00000184205	4	shHIF2a_up	TSPYL2	5.74	X	53082367	TSPY like 2 [Source:HGNC Symbol;Acc:HGNC:24358]	no	Not_regulated_by_YAP	NA
ENSG00000188015	4	shHIF2a_up	S100A3	2.81	1	153549258	S100 calcium binding protein A3 [Source:HGNC Symbol;Acc:HGNC:10493]	no	Not_regulated_by_YAP	NA
ENSG00000222009	4	shHIF2a_up	BTBD19	1.51	1	44811680	BTB domain containing 19 [Source:HGNC Symbol;Acc:HGNC:27145]	no	Not_regulated_by_YAP	NA
ENSG00000226674	4	shHIF2a_up	TEX41	0.42	2	144668007	testis expressed 41 [Source:HGNC Symbol;Acc:HGNC:48667]	no	Not_regulated_by_YAP	NA
ENSG00000259343	4	shHIF2a_up	TMC3-AS1	0.94	15	81324510	TMC3 antisense RNA 1 [Source:HGNC Symbol;Acc:HGNC:51424]	no	Not_regulated_by_YAP	NA
ENSG00000267128	4	shHIF2a_up	RNF157-AS1	0.21	17	76140556	RNF157 antisense RNA 1 [Source:HGNC Symbol;Acc:HGNC:44127]	no	Not_regulated_by_YAP	NA
ENSG00000272599	4	shHIF2a_up	AC016394.3	3.3	10	73125532	novel transcript to NUDT13	no	Not_regulated_by_YAP	NA
ENSG00000273568	4	shHIF2a_up	NA	NA	NA	NA	NA	NA	NA	NA
ENSG00000275074	4	shHIF2a_up	NA	NA	NA	NA	NA	NA	NA	NA
ENSG00000291142	4	shHIF2a_up	NA	NA	NA	NA	NA	NA	NA	NA
ENSG00000100228	4	shHIF2a_up	RAB36	3.85	22	23145326	RAB36, member RAS oncogene family [Source:HGNC Symbol;Acc:HGNC:9775]	no	YAP_regulated	NA
ENSG00000102575	4	shHIF2a_up	ACP5	0.12	19	11577645	acid phosphatase 5, tartrate resistant [Source:HGNC Symbol;Acc:HGNC:124]	no	Not_regulated_by_YAP	NA
ENSG00000109819	4	shHIF2a_up	PPARGC1A	0.04	4	23890077	PPARG coactivator 1 alpha [Source:HGNC Symbol;Acc:HGNC:9237]	no	Not_regulated_by_YAP	NA
ENSG00000111261	4	shHIF2a_up	MANSC1	0.67	12	12350242	MANSC domain containing 1 [Source:HGNC Symbol;Acc:HGNC:25505]	no	Not_regulated_by_YAP	NA
ENSG00000112499	4	shHIF2a_up	SLC22A2	0.22	6	160245541	solute carrier family 22 member 2 [Source:HGNC Symbol;Acc:HGNC:10966]	no	Not_regulated_by_YAP	NA
ENSG00000112852	4	shHIF2a_up	PCDHB2	0.86	5	141094615	protocadherin beta 2 [Source:HGNC Symbol;Acc:HGNC:8687]	no	Not_regulated_by_YAP	NA
ENSG00000120327	4	shHIF2a_up	PCDHB14	0.33	5	141222932	protocadherin beta 14 [Source:HGNC Symbol;Acc:HGNC:8685]	no	Not_regulated_by_YAP	NA
ENSG00000125848	4	shHIF2a_up	FLRT3	0.07	20	14337608	fibronectin leucine rich transmembrane protein 3 [Source:HGNC Symbol;Acc:HGNC:3762]	no	Not_regulated_by_YAP	NA
ENSG00000132437	4	shHIF2a_up	DDC	0.24	7	50561054	dopa decarboxylase [Source:HGNC Symbol;Acc:HGNC:2719]	no	Not_regulated_by_YAP	NA
ENSG00000138336	4	shHIF2a_up	TET1	0.15	10	68560337	tet methylcytosine dioxygenase 1 [Source:HGNC Symbol;Acc:HGNC:29484]	Yes	Not_regulated_by_YAP	CxxC
ENSG00000141447	4	shHIF2a_up	OSBPL1A	0.14	18	24397788	oxysterol binding protein like 1A [Source:HGNC Symbol;Acc:HGNC:16398]	no	Not_regulated_by_YAP	NA
ENSG00000144339	4	shHIF2a_up	TMEFF2	0.02	2	192194916	transmembrane protein with EGF like and two follistatin like domains 2 [Source:HGNC Symbol;Acc:HGNC:11867]	no	Not_regulated_by_YAP	NA
ENSG00000147576	4	shHIF2a_up	ADHFE1	0.74	8	66432499	alcohol dehydrogenase iron containing 1 [Source:HGNC Symbol;Acc:HGNC:16354]	no	Not_regulated_by_YAP	NA
ENSG00000151117	4	shHIF2a_up	TMEM86A	0.01	11	18693122	transmembrane protein 86A [Source:HGNC Symbol;Acc:HGNC:26890]	no	Not_regulated_by_YAP	NA
ENSG00000154646	4	shHIF2a_up	NA	NA	NA	NA	NA	NA	NA	NA
ENSG00000158560	4	shHIF2a_up	DYNC1I1	4.64	7	95772579	dynein cytoplasmic 1 intermediate chain 1 [Source:HGNC Symbol;Acc:HGNC:2963]	no	Not_regulated_by_YAP	NA
ENSG00000165259	4	shHIF2a_up	HDX	0.07	X	84469576	highly divergent homeobox [Source:HGNC Symbol;Acc:HGNC:26411]	Yes	Not_regulated_by_YAP	Homeodomain
ENSG00000169067	4	shHIF2a_up	ACTBL2	1.13	5	57482811	actin beta like 2 [Source:HGNC Symbol;Acc:HGNC:17780]	no	Not_regulated_by_YAP	NA
ENSG00000170381	4	shHIF2a_up	SEMA3E	0.72	7	83649139	semaphorin 3E [Source:HGNC Symbol;Acc:HGNC:10727]	no	Not_regulated_by_YAP	NA
ENSG00000177570	4	shHIF2a_up	SAMD12	0.05	8	118621914	sterile alpha motif domain containing 12 [Source:HGNC Symbol;Acc:HGNC:31750]	no	Not_regulated_by_YAP	NA
ENSG00000180777	4	shHIF2a_up	ANKRD30B	0.37	18	14728272	ankyrin repeat domain 30B [Source:HGNC Symbol;Acc:HGNC:24165]	no	Not_regulated_by_YAP	NA
ENSG00000181045	4	shHIF2a_up	SLC26A11	0.15	17	80221346	solute carrier family 26 member 11 [Source:HGNC Symbol;Acc:HGNC:14471]	no	Not_regulated_by_YAP	NA
ENSG00000183668	4	shHIF2a_up	PSG9	0.19	19	43260746	pregnancy specific beta-1-glycoprotein 9 [Source:HGNC Symbol;Acc:HGNC:9526]	no	Not_regulated_by_YAP	NA
ENSG00000187801	4	shHIF2a_up	ZFP69B	2.05	1	40450102	ZFP69 zinc finger protein B [Source:HGNC Symbol;Acc:HGNC:28053]	Yes	Not_regulated_by_YAP	C2H2 ZF
ENSG00000187808	4	shHIF2a_up	SOWAHD	0.05	X	119758588	sosondowah ankyrin repeat domain family member D [Source:HGNC Symbol;Acc:HGNC:32960]	no	Not_regulated_by_YAP	NA
ENSG00000196208	4	shHIF2a_up	GREB1	0.01	2	11534045	growth regulating estrogen receptor binding 1 [Source:HGNC Symbol;Acc:HGNC:24885]	no	Not_regulated_by_YAP	NA
ENSG00000215105	4	shHIF2a_up	TTC3P1	0.54	X	75746911	tetratricopeptide repeat domain 3 pseudogene 1 [Source:HGNC Symbol;Acc:HGNC:23318]	no	Not_regulated_by_YAP	NA
ENSG00000232859	4	shHIF2a_up	LYRM9	1.07	17	27894752	LYR motif containing 9 [Source:HGNC Symbol;Acc:HGNC:27314]	no	Not_regulated_by_YAP	NA
ENSG00000247416	4	shHIF2a_up	AP000802.1	0.84	11	112963460	novel transcript, antisense to NCAM1	no	Not_regulated_by_YAP	NA
ENSG00000248538	4	shHIF2a_up	AC022784.1	0.06	8	9404306	novel transcript	no	Not_regulated_by_YAP	NA
ENSG00000251257	4	shHIF2a_up	AC010457.1	0.79	5	38468307	novel transcript	no	Not_regulated_by_YAP	NA
ENSG00000253414	4	shHIF2a_up	AC124067.2	0.42	8	37517728	novel transcript	no	Not_regulated_by_YAP	NA
ENSG00000260604	4	shHIF2a_up	AL590004.3	0.7	6	3911979	novel transcript	no	Not_regulated_by_YAP	NA
ENSG00000265737	4	shHIF2a_up	AP006565.1	0.15	18	14825249	novel transcript, antisense to ANKRD30B	no	Not_regulated_by_YAP	NA
ENSG00000003147	5	shYT_down	ICA1	0.65	7	8262167	islet cell autoantigen 1 [Source:HGNC Symbol;Acc:HGNC:5343]	no	Not_regulated_by_YAP	NA
ENSG00000003393	5	shYT_down	ALS2	28.95	2	201780933	alsin Rho guanine nucleotide exchange factor ALS2 [Source:HGNC Symbol;Acc:HGNC:443]	no	YAP_regulated	NA
ENSG00000005156	5	shYT_down	LIG3	18.62	17	34994187	DNA ligase 3 [Source:HGNC Symbol;Acc:HGNC:6600]	no	YAP_regulated	NA
ENSG00000006125	5	shYT_down	AP2B1	111.15	17	35578046	adaptor related protein complex 2 subunit beta 1 [Source:HGNC Symbol;Acc:HGNC:563]	no	YAP_regulated	NA
ENSG00000006652	5	shYT_down	IFRD1	87.23	7	112422968	interferon related developmental regulator 1 [Source:HGNC Symbol;Acc:HGNC:5456]	no	YAP_regulated	NA
ENSG00000006704	5	shYT_down	GTF2IRD1	40.83	7	74508075	GTF2I repeat domain containing 1 [Source:HGNC Symbol;Acc:HGNC:4661]	Yes	YAP_regulated	GTF2I-like
ENSG00000011021	5	shYT_down	CLCN6	6.05	1	11806191	chloride voltage-gated channel 6 [Source:HGNC Symbol;Acc:HGNC:2024]	no	YAP_regulated	NA
ENSG00000012171	5	shYT_down	SEMA3B	5.48	3	50267558	semaphorin 3B [Source:HGNC Symbol;Acc:HGNC:10724]	no	Not_regulated_by_YAP	NA
ENSG00000012983	5	shYT_down	MAP4K5	18.52	14	50450600	mitogen-activated protein kinase kinase kinase kinase 5 [Source:HGNC Symbol;Acc:HGNC:6867]	no	Not_regulated_by_YAP	NA
ENSG00000015532	5	shYT_down	XYLT2	14.85	17	50346126	xylosyltransferase 2 [Source:HGNC Symbol;Acc:HGNC:15517]	no	Not_regulated_by_YAP	NA
ENSG00000021355	5	shYT_down	SERPINB1	69.53	6	2841863	serpin family B member 1 [Source:HGNC Symbol;Acc:HGNC:3311]	no	YAP_regulated	NA
ENSG00000021645	5	shYT_down	NRXN3	5.01	14	78170373	neurexin 3 [Source:HGNC Symbol;Acc:HGNC:8010]	no	Not_regulated_by_YAP	NA
ENSG00000025039	5	shYT_down	RRAGD	0.03	6	89412273	Ras related GTP binding D [Source:HGNC Symbol;Acc:HGNC:19903]	no	Not_regulated_by_YAP	NA
ENSG00000033627	5	shYT_down	ATP6V0A1	6.64	17	42458844	ATPase H+ transporting V0 subunit a1 [Source:HGNC Symbol;Acc:HGNC:865]	no	Not_regulated_by_YAP	NA
ENSG00000035681	5	shYT_down	NSMAF	52.18	8	58659853	neutral sphingomyelinase activation associated factor [Source:HGNC Symbol;Acc:HGNC:8017]	no	YAP_regulated	NA
ENSG00000038945	5	shYT_down	MSR1	5.69	8	16192651	macrophage scavenger receptor 1 [Source:HGNC Symbol;Acc:HGNC:7376]	no	Not_regulated_by_YAP	NA
ENSG00000040487	5	shYT_down	SLC66A1	16.1	1	19312326	solute carrier family 66 member 1 [Source:HGNC Symbol;Acc:HGNC:26001]	no	Not_regulated_by_YAP	NA
ENSG00000043039	5	shYT_down	BARX2	1.98	11	129375848	BARX homeobox 2 [Source:HGNC Symbol;Acc:HGNC:956]	Yes	Not_regulated_by_YAP	Homeodomain
ENSG00000048828	5	shYT_down	FAM120A	125.69	9	93451685	family with sequence similarity 120A [Source:HGNC Symbol;Acc:HGNC:13247]	no	Not_regulated_by_YAP	NA
ENSG00000048991	5	shYT_down	R3HDM1	44.34	2	135531455	R3H domain containing 1 [Source:HGNC Symbol;Acc:HGNC:9757]	no	YAP_regulated	NA
ENSG00000052723	5	shYT_down	SIKE1	40.06	1	114780685	suppressor of IKBKE 1 [Source:HGNC Symbol;Acc:HGNC:26119]	no	YAP_regulated	NA
ENSG00000055163	5	shYT_down	CYFIP2	11.35	5	157266079	cytoplasmic FMR1 interacting protein 2 [Source:HGNC Symbol;Acc:HGNC:13760]	no	Not_regulated_by_YAP	NA
ENSG00000055732	5	shYT_down	MCOLN3	0.15	1	85048500	mucolipin 3 [Source:HGNC Symbol;Acc:HGNC:13358]	no	Not_regulated_by_YAP	NA
ENSG00000057294	5	shYT_down	PKP2	1.88	12	32896777	plakophilin 2 [Source:HGNC Symbol;Acc:HGNC:9024]	no	Not_regulated_by_YAP	NA
ENSG00000059588	5	shYT_down	TARBP1	24.54	1	234479179	TAR (HIV-1) RNA binding protein 1 [Source:HGNC Symbol;Acc:HGNC:11568]	no	YAP_regulated	NA
ENSG00000060138	5	shYT_down	YBX3	237.62	12	10702475	Y-box binding protein 3 [Source:HGNC Symbol;Acc:HGNC:2428]	Yes	Not_regulated_by_YAP	CSD
ENSG00000060982	5	shYT_down	BCAT1	51.89	12	24949101	branched chain amino acid transaminase 1 [Source:HGNC Symbol;Acc:HGNC:976]	no	Not_regulated_by_YAP	NA
ENSG00000061676	5	shYT_down	NCKAP1	127.78	2	183038457	NCK associated protein 1 [Source:HGNC Symbol;Acc:HGNC:7666]	no	Not_regulated_by_YAP	NA
ENSG00000064042	5	shYT_down	LIMCH1	4.39	4	41359607	LIM and calponin homology domains 1 [Source:HGNC Symbol;Acc:HGNC:29191]	no	Not_regulated_by_YAP	NA
ENSG00000064601	5	shYT_down	CTSA	148.87	20	45890144	cathepsin A [Source:HGNC Symbol;Acc:HGNC:9251]	no	Not_regulated_by_YAP	NA
ENSG00000065150	5	shYT_down	IPO5	119.13	13	97953658	importin 5 [Source:HGNC Symbol;Acc:HGNC:6402]	no	YAP_regulated	NA
ENSG00000065154	5	shYT_down	OAT	177.79	10	124418923	ornithine aminotransferase [Source:HGNC Symbol;Acc:HGNC:8091]	no	YAP_regulated	NA
ENSG00000066697	5	shYT_down	MSANTD3	146.58	9	100427277	Myb/SANT DNA binding domain containing 3 [Source:HGNC Symbol;Acc:HGNC:23370]	Yes	YAP_regulated	MADF
ENSG00000067048	5	shYT_down	DDX3Y	70.08	Y	12904108	DEAD-box helicase 3 Y-linked [Source:HGNC Symbol;Acc:HGNC:2699]	no	YAP_regulated	NA
ENSG00000067167	5	shYT_down	TRAM1	285.93	8	70607778	translocation associated membrane protein 1 [Source:HGNC Symbol;Acc:HGNC:20568]	no	YAP_regulated	NA
ENSG00000067704	5	shYT_down	IARS2	94.8	1	220094132	isoleucyl-tRNA synthetase 2, mitochondrial [Source:HGNC Symbol;Acc:HGNC:29685]	no	YAP_regulated	NA
ENSG00000067715	5	shYT_down	SYT1	1.05	12	78863993	synaptotagmin 1 [Source:HGNC Symbol;Acc:HGNC:11509]	no	Not_regulated_by_YAP	NA
ENSG00000068650	5	shYT_down	ATP11A	15.13	13	112690329	ATPase phospholipid transporting 11A [Source:HGNC Symbol;Acc:HGNC:13552]	no	YAP_regulated	NA
ENSG00000069869	5	shYT_down	NEDD4	29.18	15	55915654	NEDD4 E3 ubiquitin protein ligase [Source:HGNC Symbol;Acc:HGNC:7727]	no	YAP_regulated	NA
ENSG00000069956	5	shYT_down	MAPK6	62.15	15	51952106	mitogen-activated protein kinase 6 [Source:HGNC Symbol;Acc:HGNC:6879]	no	YAP_regulated	NA
ENSG00000069966	5	shYT_down	GNB5	29.95	15	52191369	G protein subunit beta 5 [Source:HGNC Symbol;Acc:HGNC:4401]	no	YAP_regulated	NA
ENSG00000070495	5	shYT_down	JMJD6	49.48	17	76726679	jumonji domain containing 6, arginine demethylase and lysine hydroxylase [Source:HGNC Symbol;Acc:HGNC:19355]	no	YAP_regulated	NA
ENSG00000070614	5	shYT_down	NDST1	128.33	5	150485818	N-deacetylase and N-sulfotransferase 1 [Source:HGNC Symbol;Acc:HGNC:7680]	no	YAP_regulated	NA
ENSG00000070882	5	shYT_down	OSBPL3	25.51	7	24980178	oxysterol binding protein like 3 [Source:HGNC Symbol;Acc:HGNC:16370]	no	YAP_regulated	NA
ENSG00000072364	5	shYT_down	AFF4	29.58	5	132963618	AF4/FMR2 family member 4 [Source:HGNC Symbol;Acc:HGNC:17869]	no	YAP_regulated	NA
ENSG00000075420	5	shYT_down	FNDC3B	68.93	3	172039628	fibronectin type III domain containing 3B [Source:HGNC Symbol;Acc:HGNC:24670]	no	YAP_regulated	NA
ENSG00000077150	5	shYT_down	NFKB2	64.56	10	102395705	nuclear factor kappa B subunit 2 [Source:HGNC Symbol;Acc:HGNC:7795]	Yes	YAP_regulated	Rel
ENSG00000077420	5	shYT_down	APBB1IP	56.25	10	26438341	amyloid beta precursor protein binding family B member 1 interacting protein [Source:HGNC Symbol;Acc:HGNC:17379]	no	Not_regulated_by_YAP	NA
ENSG00000077585	5	shYT_down	GPR137B	5.79	1	236142505	G protein-coupled receptor 137B [Source:HGNC Symbol;Acc:HGNC:11862]	no	Not_regulated_by_YAP	NA
ENSG00000079134	5	shYT_down	THOC1	35.51	18	268019	THO complex 1 [Source:HGNC Symbol;Acc:HGNC:19070]	no	Not_regulated_by_YAP	NA
ENSG00000080189	5	shYT_down	SLC35C2	64.28	20	46364404	solute carrier family 35 member C2 [Source:HGNC Symbol;Acc:HGNC:17117]	no	YAP_regulated	NA
ENSG00000080823	5	shYT_down	MOK	38.56	14	102225672	MOK protein kinase [Source:HGNC Symbol;Acc:HGNC:9833]	no	Not_regulated_by_YAP	NA
ENSG00000084764	5	shYT_down	MAPRE3	20.71	2	26970637	microtubule associated protein RP/EB family member 3 [Source:HGNC Symbol;Acc:HGNC:6892]	no	YAP_regulated	NA
ENSG00000085491	5	shYT_down	SLC25A24	62.15	1	108200343	solute carrier family 25 member 24 [Source:HGNC Symbol;Acc:HGNC:20662]	no	YAP_regulated	NA
ENSG00000086300	5	shYT_down	SNX10	23.19	7	26291921	sorting nexin 10 [Source:HGNC Symbol;Acc:HGNC:14974]	no	YAP_regulated	NA
ENSG00000086666	5	shYT_down	ZFAND6	71.09	15	80059676	zinc finger AN1-type containing 6 [Source:HGNC Symbol;Acc:HGNC:30164]	no	YAP_regulated	NA
ENSG00000087088	5	shYT_down	BAX	115.07	19	48954815	BCL2 associated X, apoptosis regulator [Source:HGNC Symbol;Acc:HGNC:959]	no	YAP_regulated	NA
ENSG00000089220	5	shYT_down	PEBP1	254.75	12	118136124	phosphatidylethanolamine binding protein 1 [Source:HGNC Symbol;Acc:HGNC:8630]	no	Not_regulated_by_YAP	NA
ENSG00000090339	5	shYT_down	ICAM1	147.27	19	10271120	intercellular adhesion molecule 1 [Source:HGNC Symbol;Acc:HGNC:5344]	no	Not_regulated_by_YAP	NA
ENSG00000091483	5	shYT_down	FH	115.09	1	241519755	fumarate hydratase [Source:HGNC Symbol;Acc:HGNC:3700]	no	YAP_regulated	NA
ENSG00000092931	5	shYT_down	MFSD11	13.98	17	76735865	major facilitator superfamily domain containing 11 [Source:HGNC Symbol;Acc:HGNC:25458]	no	YAP_regulated	NA
ENSG00000095015	5	shYT_down	MAP3K1	4.86	5	56815549	mitogen-activated protein kinase kinase kinase 1 [Source:HGNC Symbol;Acc:HGNC:6848]	no	YAP_regulated	NA
ENSG00000095209	5	shYT_down	TMEM38B	16.81	9	105694544	transmembrane protein 38B [Source:HGNC Symbol;Acc:HGNC:25535]	no	YAP_regulated	NA
ENSG00000099139	5	shYT_down	PCSK5	21.46	9	75890670	proprotein convertase subtilisin/kexin type 5 [Source:HGNC Symbol;Acc:HGNC:8747]	no	YAP_regulated	NA
ENSG00000099804	5	shYT_down	CDC34	41.75	19	531760	cell division cycle 34 [Source:HGNC Symbol;Acc:HGNC:1734]	no	Not_regulated_by_YAP	NA
ENSG00000101079	5	shYT_down	NDRG3	34.02	20	36746053	NDRG family member 3 [Source:HGNC Symbol;Acc:HGNC:14462]	no	Not_regulated_by_YAP	NA
ENSG00000101132	5	shYT_down	PFDN4	187.31	20	54208087	prefoldin subunit 4 [Source:HGNC Symbol;Acc:HGNC:8868]	no	Not_regulated_by_YAP	NA
ENSG00000101146	5	shYT_down	RAE1	54.83	20	57351255	ribonucleic acid export 1 [Source:HGNC Symbol;Acc:HGNC:9828]	no	Not_regulated_by_YAP	NA
ENSG00000101158	5	shYT_down	NELFCD	99.58	20	58981252	negative elongation factor complex member C/D [Source:HGNC Symbol;Acc:HGNC:15934]	no	YAP_regulated	NA
ENSG00000101166	5	shYT_down	PRELID3B	97.58	20	59042786	PRELI domain containing 3B [Source:HGNC Symbol;Acc:HGNC:15892]	no	YAP_regulated	NA
ENSG00000101444	5	shYT_down	AHCY	201.24	20	34303355	adenosylhomocysteinase [Source:HGNC Symbol;Acc:HGNC:343]	no	YAP_regulated	NA
ENSG00000102096	5	shYT_down	PIM2	10.99	X	48919024	Pim-2 proto-oncogene, serine/threonine kinase [Source:HGNC Symbol;Acc:HGNC:8987]	no	Not_regulated_by_YAP	NA
ENSG00000102471	5	shYT_down	NDFIP2	49.45	13	79481152	Nedd4 family interacting protein 2 [Source:HGNC Symbol;Acc:HGNC:18537]	no	YAP_regulated	NA
ENSG00000102543	5	shYT_down	CDADC1	6.63	13	49247925	cytidine and dCMP deaminase domain containing 1 [Source:HGNC Symbol;Acc:HGNC:20299]	no	Not_regulated_by_YAP	NA
ENSG00000102547	5	shYT_down	CAB39L	5.07	13	49401599	calcium binding protein 39 like [Source:HGNC Symbol;Acc:HGNC:20290]	no	YAP_regulated	NA
ENSG00000102710	5	shYT_down	SUPT20H	32.36	13	37024947	SPT20 homolog, SAGA complex component [Source:HGNC Symbol;Acc:HGNC:20596]	no	YAP_regulated	NA
ENSG00000102786	5	shYT_down	INTS6	16.51	13	51369131	integrator complex subunit 6 [Source:HGNC Symbol;Acc:HGNC:14879]	no	YAP_regulated	NA
ENSG00000103485	5	shYT_down	QPRT	6.37	16	29663279	quinolinate phosphoribosyltransferase [Source:HGNC Symbol;Acc:HGNC:9755]	no	Not_regulated_by_YAP	NA
ENSG00000103811	5	shYT_down	CTSH	5.96	15	78945046	cathepsin H [Source:HGNC Symbol;Acc:HGNC:2535]	no	YAP_regulated	NA
ENSG00000104177	5	shYT_down	MYEF2	21.03	15	48178316	myelin expression factor 2 [Source:HGNC Symbol;Acc:HGNC:17940]	no	Not_regulated_by_YAP	NA
ENSG00000104267	5	shYT_down	CA2	37.62	8	85464007	carbonic anhydrase 2 [Source:HGNC Symbol;Acc:HGNC:1373]	no	YAP_regulated	NA
ENSG00000104450	5	shYT_down	SPAG1	25.44	8	100157906	sperm associated antigen 1 [Source:HGNC Symbol;Acc:HGNC:11212]	no	YAP_regulated	NA
ENSG00000104529	5	shYT_down	EEF1D	625.89	8	143597396	eukaryotic translation elongation factor 1 delta [Source:HGNC Symbol;Acc:HGNC:3211]	no	YAP_regulated	NA
ENSG00000104880	5	shYT_down	ARHGEF18	12.53	19	7395113	Rho/Rac guanine nucleotide exchange factor 18 [Source:HGNC Symbol;Acc:HGNC:17090]	no	Not_regulated_by_YAP	NA
ENSG00000104881	5	shYT_down	PPP1R13L	43.83	19	45406327	protein phosphatase 1 regulatory subunit 13 like [Source:HGNC Symbol;Acc:HGNC:18838]	no	Not_regulated_by_YAP	NA
ENSG00000104964	5	shYT_down	TLE5	166.96	19	3056768	TLE family member 5, transcriptional modulator [Source:HGNC Symbol;Acc:HGNC:307]	no	Not_regulated_by_YAP	NA
ENSG00000105220	5	shYT_down	GPI	178.58	19	34359480	glucose-6-phosphate isomerase [Source:HGNC Symbol;Acc:HGNC:4458]	no	YAP_regulated	NA
ENSG00000105784	5	shYT_down	RUNDC3B	1.91	7	87627548	RUN domain containing 3B [Source:HGNC Symbol;Acc:HGNC:30286]	no	Not_regulated_by_YAP	NA
ENSG00000105865	5	shYT_down	DUS4L	22.04	7	107563484	dihydrouridine synthase 4 like [Source:HGNC Symbol;Acc:HGNC:21517]	no	YAP_regulated	NA
ENSG00000106105	5	shYT_down	GARS1	303.26	7	30594878	glycyl-tRNA synthetase 1 [Source:HGNC Symbol;Acc:HGNC:4162]	no	Not_regulated_by_YAP	NA
ENSG00000106153	5	shYT_down	CHCHD2	717.34	7	56106476	coiled-coil-helix-coiled-coil-helix domain containing 2 [Source:HGNC Symbol;Acc:HGNC:21645]	no	YAP_regulated	NA
ENSG00000106299	5	shYT_down	WASL	33.35	7	123749003	WASP like actin nucleation promoting factor [Source:HGNC Symbol;Acc:HGNC:12735]	no	YAP_regulated	NA
ENSG00000106526	5	shYT_down	ACTR3C	21.36	7	150323573	actin related protein 3C [Source:HGNC Symbol;Acc:HGNC:37282]	no	Not_regulated_by_YAP	NA
ENSG00000106976	5	shYT_down	DNM1	22.52	9	128191655	dynamin 1 [Source:HGNC Symbol;Acc:HGNC:2972]	no	YAP_regulated	NA
ENSG00000107404	5	shYT_down	DVL1	39.42	1	1349135	dishevelled segment polarity protein 1 [Source:HGNC Symbol;Acc:HGNC:3084]	no	Not_regulated_by_YAP	NA
ENSG00000107518	5	shYT_down	ATRNL1	3.35	10	115093365	attractin like 1 [Source:HGNC Symbol;Acc:HGNC:29063]	no	Not_regulated_by_YAP	NA
ENSG00000107521	5	shYT_down	HPS1	30.06	10	98446935	HPS1 biogenesis of lysosomal organelles complex 3 subunit 1 [Source:HGNC Symbol;Acc:HGNC:5163]	no	Not_regulated_by_YAP	NA
ENSG00000107779	5	shYT_down	BMPR1A	15.95	10	86756619	bone morphogenetic protein receptor type 1A [Source:HGNC Symbol;Acc:HGNC:1076]	no	YAP_regulated	NA
ENSG00000108010	5	shYT_down	GLRX3	249.6	10	130136391	glutaredoxin 3 [Source:HGNC Symbol;Acc:HGNC:15987]	no	YAP_regulated	NA
ENSG00000108055	5	shYT_down	SMC3	62.96	10	110567695	structural maintenance of chromosomes 3 [Source:HGNC Symbol;Acc:HGNC:2468]	no	YAP_regulated	NA
ENSG00000108256	5	shYT_down	NUFIP2	23.24	17	29294148	nuclear FMR1 interacting protein 2 [Source:HGNC Symbol;Acc:HGNC:17634]	no	YAP_regulated	NA
ENSG00000108298	5	shYT_down	RPL19	1533.8	17	39200283	ribosomal protein L19 [Source:HGNC Symbol;Acc:HGNC:10312]	no	YAP_regulated	NA
ENSG00000108349	5	shYT_down	CASC3	30.56	17	40140318	CASC3 exon junction complex subunit [Source:HGNC Symbol;Acc:HGNC:17040]	no	YAP_regulated	NA
ENSG00000108509	5	shYT_down	CAMTA2	25.82	17	4987370	calmodulin binding transcription activator 2 [Source:HGNC Symbol;Acc:HGNC:18807]	Yes	YAP_regulated	CG-1
ENSG00000108639	5	shYT_down	SYNGR2	121.21	17	78168558	synaptogyrin 2 [Source:HGNC Symbol;Acc:HGNC:11499]	no	Not_regulated_by_YAP	NA
ENSG00000108679	5	shYT_down	LGALS3BP	234.1	17	78979918	galectin 3 binding protein [Source:HGNC Symbol;Acc:HGNC:6564]	no	YAP_regulated	NA
ENSG00000108799	5	shYT_down	EZH1	5.67	17	42745040	enhancer of zeste 1 polycomb repressive complex 2 subunit [Source:HGNC Symbol;Acc:HGNC:3526]	no	YAP_regulated	NA
ENSG00000108828	5	shYT_down	VAT1	49.34	17	43022385	vesicle amine transport 1 [Source:HGNC Symbol;Acc:HGNC:16919]	no	YAP_regulated	NA
ENSG00000108946	5	shYT_down	PRKAR1A	90.36	17	68511780	protein kinase cAMP-dependent type I regulatory subunit alpha [Source:HGNC Symbol;Acc:HGNC:9388]	no	YAP_regulated	NA
ENSG00000108984	5	shYT_down	MAP2K6	0.46	17	69414697	mitogen-activated protein kinase kinase 6 [Source:HGNC Symbol;Acc:HGNC:6846]	no	Not_regulated_by_YAP	NA
ENSG00000109065	5	shYT_down	NAT9	35.86	17	74776345	N-acetyltransferase 9 (putative) [Source:HGNC Symbol;Acc:HGNC:23133]	no	YAP_regulated	NA
ENSG00000109089	5	shYT_down	CDR2L	30.09	17	74987632	cerebellar degeneration related protein 2 like [Source:HGNC Symbol;Acc:HGNC:29999]	no	YAP_regulated	NA
ENSG00000109113	5	shYT_down	RAB34	125.58	17	28716373	RAB34, member RAS oncogene family [Source:HGNC Symbol;Acc:HGNC:16519]	no	YAP_regulated	NA
ENSG00000110011	5	shYT_down	DNAJC4	13.97	11	64230278	DnaJ heat shock protein family (Hsp40) member C4 [Source:HGNC Symbol;Acc:HGNC:5271]	no	Not_regulated_by_YAP	NA
ENSG00000110719	5	shYT_down	TCIRG1	25.09	11	68039025	T cell immune regulator 1, ATPase H+ transporting V0 subunit a3 [Source:HGNC Symbol;Acc:HGNC:11647]	no	YAP_regulated	NA
ENSG00000110768	5	shYT_down	GTF2H1	40.05	11	18322567	general transcription factor IIH subunit 1 [Source:HGNC Symbol;Acc:HGNC:4655]	no	YAP_regulated	NA
ENSG00000111110	5	shYT_down	PPM1H	3.12	12	62935150	protein phosphatase, Mg2+/Mn2+ dependent 1H [Source:HGNC Symbol;Acc:HGNC:18583]	no	Not_regulated_by_YAP	NA
ENSG00000111321	5	shYT_down	LTBR	112.63	12	6375045	lymphotoxin beta receptor [Source:HGNC Symbol;Acc:HGNC:6718]	no	YAP_regulated	NA
ENSG00000111696	5	shYT_down	NT5DC3	5.02	12	103785384	5'-nucleotidase domain containing 3 [Source:HGNC Symbol;Acc:HGNC:30826]	no	YAP_regulated	NA
ENSG00000112977	5	shYT_down	DAP	191.38	5	10761199	death associated protein [Source:HGNC Symbol;Acc:HGNC:2672]	no	YAP_regulated	NA
ENSG00000113013	5	shYT_down	HSPA9	320.56	5	138575401	heat shock protein family A (Hsp70) member 9 [Source:HGNC Symbol;Acc:HGNC:5244]	no	YAP_regulated	NA
ENSG00000113407	5	shYT_down	TARS1	449.64	5	33440696	threonyl-tRNA synthetase 1 [Source:HGNC Symbol;Acc:HGNC:11572]	no	Not_regulated_by_YAP	NA
ENSG00000113583	5	shYT_down	C5orf15	165.24	5	133968625	chromosome 5 open reading frame 15 [Source:HGNC Symbol;Acc:HGNC:20656]	no	YAP_regulated	NA
ENSG00000113645	5	shYT_down	WWC1	69.74	5	168291651	WW and C2 domain containing 1 [Source:HGNC Symbol;Acc:HGNC:29435]	no	YAP_regulated	NA
ENSG00000113648	5	shYT_down	MACROH2A1	300.03	5	135399622	macroH2A.1 histone [Source:HGNC Symbol;Acc:HGNC:4740]	no	Not_regulated_by_YAP	NA
ENSG00000113721	5	shYT_down	PDGFRB	0.46	5	150155860	platelet derived growth factor receptor beta [Source:HGNC Symbol;Acc:HGNC:8804]	no	Not_regulated_by_YAP	NA
ENSG00000113734	5	shYT_down	BNIP1	24.78	5	173144442	BCL2 interacting protein 1 [Source:HGNC Symbol;Acc:HGNC:1082]	no	YAP_regulated	NA
ENSG00000114315	5	shYT_down	HES1	5.16	3	194136148	hes family bHLH transcription factor 1 [Source:HGNC Symbol;Acc:HGNC:5192]	Yes	YAP_regulated	bHLH
ENSG00000114374	5	shYT_down	USP9Y	16.89	Y	12847045	ubiquitin specific peptidase 9 Y-linked [Source:HGNC Symbol;Acc:HGNC:12633]	no	Not_regulated_by_YAP	NA
ENSG00000114544	5	shYT_down	SLC41A3	31.24	3	126084109	solute carrier family 41 member 3 [Source:HGNC Symbol;Acc:HGNC:31046]	no	YAP_regulated	NA
ENSG00000114638	5	shYT_down	UPK1B	4.24	3	119173517	uroplakin 1B [Source:HGNC Symbol;Acc:HGNC:12578]	no	Not_regulated_by_YAP	NA
ENSG00000115226	5	shYT_down	FNDC4	5.66	2	27495200	fibronectin type III domain containing 4 [Source:HGNC Symbol;Acc:HGNC:20239]	no	YAP_regulated	NA
ENSG00000115289	5	shYT_down	PCGF1	20.16	2	74507151	polycomb group ring finger 1 [Source:HGNC Symbol;Acc:HGNC:17615]	no	YAP_regulated	NA
ENSG00000115310	5	shYT_down	RTN4	463.4	2	55050451	reticulon 4 [Source:HGNC Symbol;Acc:HGNC:14085]	no	YAP_regulated	NA
ENSG00000115339	5	shYT_down	GALNT3	58.74	2	165794247	polypeptide N-acetylgalactosaminyltransferase 3 [Source:HGNC Symbol;Acc:HGNC:4125]	no	Not_regulated_by_YAP	NA
ENSG00000115641	5	shYT_down	FHL2	270.08	2	105438503	four and a half LIM domains 2 [Source:HGNC Symbol;Acc:HGNC:3703]	no	YAP_regulated	NA
ENSG00000115677	5	shYT_down	HDLBP	422.88	2	241272886	high density lipoprotein binding protein [Source:HGNC Symbol;Acc:HGNC:4857]	no	YAP_regulated	NA
ENSG00000115944	5	shYT_down	COX7A2L	149.54	2	42361149	cytochrome c oxidase subunit 7A2 like [Source:HGNC Symbol;Acc:HGNC:2289]	no	YAP_regulated	NA
ENSG00000115963	5	shYT_down	RND3	62.08	2	150487667	Rho family GTPase 3 [Source:HGNC Symbol;Acc:HGNC:671]	no	YAP_regulated	NA
ENSG00000115993	5	shYT_down	TRAK2	22.8	2	201451500	trafficking kinesin protein 2 [Source:HGNC Symbol;Acc:HGNC:13206]	no	YAP_regulated	NA
ENSG00000116574	5	shYT_down	RHOU	0.05	1	228735479	ras homolog family member U [Source:HGNC Symbol;Acc:HGNC:17794]	no	Not_regulated_by_YAP	NA
ENSG00000116954	5	shYT_down	RRAGC	18.52	1	38859772	Ras related GTP binding C [Source:HGNC Symbol;Acc:HGNC:19902]	no	YAP_regulated	NA
ENSG00000116977	5	shYT_down	LGALS8	31.42	1	236518000	galectin 8 [Source:HGNC Symbol;Acc:HGNC:6569]	no	Not_regulated_by_YAP	NA
ENSG00000117280	5	shYT_down	RAB29	11.98	1	205775482	RAB29, member RAS oncogene family [Source:HGNC Symbol;Acc:HGNC:9789]	no	Not_regulated_by_YAP	NA
ENSG00000117410	5	shYT_down	ATP6V0B	171.51	1	43974487	ATPase H+ transporting V0 subunit b [Source:HGNC Symbol;Acc:HGNC:861]	no	Not_regulated_by_YAP	NA
ENSG00000117500	5	shYT_down	TMED5	67.35	1	93180413	transmembrane p24 trafficking protein 5 [Source:HGNC Symbol;Acc:HGNC:24251]	no	YAP_regulated	NA
ENSG00000118257	5	shYT_down	NRP2	144.56	2	205682500	neuropilin 2 [Source:HGNC Symbol;Acc:HGNC:8005]	no	YAP_regulated	NA
ENSG00000118432	5	shYT_down	CNR1	0.44	6	88166359	cannabinoid receptor 1 [Source:HGNC Symbol;Acc:HGNC:2159]	no	Not_regulated_by_YAP	NA
ENSG00000118508	5	shYT_down	RAB32	87.55	6	146543833	RAB32, member RAS oncogene family [Source:HGNC Symbol;Acc:HGNC:9772]	no	YAP_regulated	NA
ENSG00000118873	5	shYT_down	RAB3GAP2	12.81	1	220272453	RAB3 GTPase activating non-catalytic protein subunit 2 [Source:HGNC Symbol;Acc:HGNC:17168]	no	Not_regulated_by_YAP	NA
ENSG00000118960	5	shYT_down	HS1BP3	12.64	2	20651082	HCLS1 binding protein 3 [Source:HGNC Symbol;Acc:HGNC:24979]	no	YAP_regulated	NA
ENSG00000119048	5	shYT_down	UBE2B	137.71	5	134371569	ubiquitin conjugating enzyme E2 B [Source:HGNC Symbol;Acc:HGNC:12473]	no	YAP_regulated	NA
ENSG00000119729	5	shYT_down	RHOQ	62.9	2	46541806	ras homolog family member Q [Source:HGNC Symbol;Acc:HGNC:17736]	no	YAP_regulated	NA
ENSG00000120686	5	shYT_down	UFM1	88.1	13	38349849	ubiquitin fold modifier 1 [Source:HGNC Symbol;Acc:HGNC:20597]	no	Not_regulated_by_YAP	NA
ENSG00000120699	5	shYT_down	EXOSC8	89.25	13	37000783	exosome component 8 [Source:HGNC Symbol;Acc:HGNC:17035]	no	Not_regulated_by_YAP	NA
ENSG00000120727	5	shYT_down	PAIP2	73.82	5	139342451	poly(A) binding protein interacting protein 2 [Source:HGNC Symbol;Acc:HGNC:17970]	no	YAP_regulated	NA
ENSG00000120889	5	shYT_down	TNFRSF10B	81.13	8	23027968	TNF receptor superfamily member 10b [Source:HGNC Symbol;Acc:HGNC:11905]	no	YAP_regulated	NA
ENSG00000120992	5	shYT_down	LYPLA1	156.93	8	54101947	lysophospholipase 1 [Source:HGNC Symbol;Acc:HGNC:6737]	no	YAP_regulated	NA
ENSG00000121310	5	shYT_down	ECHDC2	44.22	1	52927179	enoyl-CoA hydratase domain containing 2 [Source:HGNC Symbol;Acc:HGNC:23408]	no	Not_regulated_by_YAP	NA
ENSG00000121350	5	shYT_down	PYROXD1	26.43	12	21437615	pyridine nucleotide-disulphide oxidoreductase domain 1 [Source:HGNC Symbol;Acc:HGNC:26162]	no	Not_regulated_by_YAP	NA
ENSG00000121741	5	shYT_down	ZMYM2	15.16	13	19959859	zinc finger MYM-type containing 2 [Source:HGNC Symbol;Acc:HGNC:12989]	no	Not_regulated_by_YAP	NA
ENSG00000122026	5	shYT_down	RPL21	1396.6	13	27251309	ribosomal protein L21 [Source:HGNC Symbol;Acc:HGNC:10313]	no	Not_regulated_by_YAP	NA
ENSG00000122033	5	shYT_down	MTIF3	39.6	13	27440475	mitochondrial translational initiation factor 3 [Source:HGNC Symbol;Acc:HGNC:29788]	no	YAP_regulated	NA
ENSG00000122958	5	shYT_down	VPS26A	99.66	10	69124156	VPS26, retromer complex component A [Source:HGNC Symbol;Acc:HGNC:12711]	no	YAP_regulated	NA
ENSG00000123136	5	shYT_down	DDX39A	200.91	19	14410929	DExD-box helicase 39A [Source:HGNC Symbol;Acc:HGNC:17821]	no	YAP_regulated	NA
ENSG00000123191	5	shYT_down	ATP7B	1.87	13	51934521	ATPase copper transporting beta [Source:HGNC Symbol;Acc:HGNC:870]	no	Not_regulated_by_YAP	NA
ENSG00000124214	5	shYT_down	STAU1	98.22	20	49188367	staufen double-stranded RNA binding protein 1 [Source:HGNC Symbol;Acc:HGNC:11370]	no	YAP_regulated	NA
ENSG00000124226	5	shYT_down	RNF114	65.56	20	49936407	ring finger protein 114 [Source:HGNC Symbol;Acc:HGNC:13094]	no	Not_regulated_by_YAP	NA
ENSG00000124762	5	shYT_down	CDKN1A	42.99	6	36678714	cyclin dependent kinase inhibitor 1A [Source:HGNC Symbol;Acc:HGNC:1784]	no	YAP_regulated	NA
ENSG00000125304	5	shYT_down	TM9SF2	122.54	13	99446311	transmembrane 9 superfamily member 2 [Source:HGNC Symbol;Acc:HGNC:11865]	no	Not_regulated_by_YAP	NA
ENSG00000125351	5	shYT_down	UPF3B	19.34	X	119837932	UPF3B regulator of nonsense mediated mRNA decay [Source:HGNC Symbol;Acc:HGNC:20439]	no	YAP_regulated	NA
ENSG00000125686	5	shYT_down	MED1	24.85	17	39451263	mediator complex subunit 1 [Source:HGNC Symbol;Acc:HGNC:9234]	no	YAP_regulated	NA
ENSG00000125726	5	shYT_down	CD70	498.36	19	6591139	CD70 molecule [Source:HGNC Symbol;Acc:HGNC:11937]	no	YAP_regulated	NA
ENSG00000125731	5	shYT_down	SH2D3A	3.1	19	6755241	SH2 domain containing 3A [Source:HGNC Symbol;Acc:HGNC:16885]	no	Not_regulated_by_YAP	NA
ENSG00000125733	5	shYT_down	TRIP10	87.53	19	6737925	thyroid hormone receptor interactor 10 [Source:HGNC Symbol;Acc:HGNC:12304]	no	YAP_regulated	NA
ENSG00000125967	5	shYT_down	NECAB3	20.15	20	33659547	N-terminal EF-hand calcium binding protein 3 [Source:HGNC Symbol;Acc:HGNC:15851]	no	YAP_regulated	NA
ENSG00000125977	5	shYT_down	EIF2S2	179.75	20	34112243	eukaryotic translation initiation factor 2 subunit beta [Source:HGNC Symbol;Acc:HGNC:3266]	no	YAP_regulated	NA
ENSG00000125991	5	shYT_down	ERGIC3	254.4	20	35542021	ERGIC and golgi 3 [Source:HGNC Symbol;Acc:HGNC:15927]	no	YAP_regulated	NA
ENSG00000126226	5	shYT_down	PCID2	35.17	13	113208669	PCI domain containing 2 [Source:HGNC Symbol;Acc:HGNC:25653]	no	YAP_regulated	NA
ENSG00000126934	5	shYT_down	MAP2K2	95.01	19	4124122	mitogen-activated protein kinase kinase 2 [Source:HGNC Symbol;Acc:HGNC:6842]	no	Not_regulated_by_YAP	NA
ENSG00000127481	5	shYT_down	UBR4	156.52	1	19177745	ubiquitin protein ligase E3 component n-recognin 4 [Source:HGNC Symbol;Acc:HGNC:30313]	no	YAP_regulated	NA
ENSG00000127666	5	shYT_down	TICAM1	15.94	19	4831704	toll like receptor adaptor molecule 1 [Source:HGNC Symbol;Acc:HGNC:18348]	no	YAP_regulated	NA
ENSG00000127948	5	shYT_down	POR	150.2	7	75915182	cytochrome p450 oxidoreductase [Source:HGNC Symbol;Acc:HGNC:9208]	no	YAP_regulated	NA
ENSG00000128591	5	shYT_down	FLNC	162.83	7	128830377	filamin C [Source:HGNC Symbol;Acc:HGNC:3756]	no	Not_regulated_by_YAP	NA
ENSG00000129824	5	shYT_down	RPS4Y1	650.65	Y	2841602	ribosomal protein S4 Y-linked 1 [Source:HGNC Symbol;Acc:HGNC:10425]	no	Not_regulated_by_YAP	NA
ENSG00000130177	5	shYT_down	CDC16	41.43	13	114234934	cell division cycle 16 [Source:HGNC Symbol;Acc:HGNC:1720]	no	YAP_regulated	NA
ENSG00000130193	5	shYT_down	THEM6	13.47	8	142727223	thioesterase superfamily member 6 [Source:HGNC Symbol;Acc:HGNC:29656]	no	YAP_regulated	NA
ENSG00000130303	5	shYT_down	BST2	350.05	19	17405630	bone marrow stromal cell antigen 2 [Source:HGNC Symbol;Acc:HGNC:1119]	no	YAP_regulated	NA
ENSG00000130714	5	shYT_down	POMT1	29.39	9	131502918	protein O-mannosyltransferase 1 [Source:HGNC Symbol;Acc:HGNC:9202]	no	YAP_regulated	NA
ENSG00000130733	5	shYT_down	YIPF2	52.41	19	10928681	Yip1 domain family member 2 [Source:HGNC Symbol;Acc:HGNC:28476]	no	YAP_regulated	NA
ENSG00000130741	5	shYT_down	EIF2S3	190.73	X	24054956	eukaryotic translation initiation factor 2 subunit gamma [Source:HGNC Symbol;Acc:HGNC:3267]	no	YAP_regulated	NA
ENSG00000130939	5	shYT_down	UBE4B	32.75	1	10032832	ubiquitination factor E4B [Source:HGNC Symbol;Acc:HGNC:12500]	no	YAP_regulated	NA
ENSG00000131018	5	shYT_down	SYNE1	23.66	6	152147763	spectrin repeat containing nuclear envelope protein 1 [Source:HGNC Symbol;Acc:HGNC:17089]	no	YAP_regulated	NA
ENSG00000131069	5	shYT_down	ACSS2	13.23	20	34872146	acyl-CoA synthetase short chain family member 2 [Source:HGNC Symbol;Acc:HGNC:15814]	no	YAP_regulated	NA
ENSG00000131080	5	shYT_down	EDA2R	5.85	X	66639298	ectodysplasin A2 receptor [Source:HGNC Symbol;Acc:HGNC:17756]	no	Not_regulated_by_YAP	NA
ENSG00000131238	5	shYT_down	PPT1	91.45	1	40097727	palmitoyl-protein thioesterase 1 [Source:HGNC Symbol;Acc:HGNC:9325]	no	Not_regulated_by_YAP	NA
ENSG00000131584	5	shYT_down	ACAP3	13.78	1	1307930	ArfGAP with coiled-coil, ankyrin repeat and PH domains 3 [Source:HGNC Symbol;Acc:HGNC:16754]	no	YAP_regulated	NA
ENSG00000131669	5	shYT_down	NINJ1	38.43	9	93134251	ninjurin 1 [Source:HGNC Symbol;Acc:HGNC:7824]	no	Not_regulated_by_YAP	NA
ENSG00000131711	5	shYT_down	MAP1B	23.35	5	72107234	microtubule associated protein 1B [Source:HGNC Symbol;Acc:HGNC:6836]	no	Not_regulated_by_YAP	NA
ENSG00000131748	5	shYT_down	STARD3	29.03	17	39637144	StAR related lipid transfer domain containing 3 [Source:HGNC Symbol;Acc:HGNC:17579]	no	YAP_regulated	NA
ENSG00000132122	5	shYT_down	SPATA6	3.07	1	48472204	spermatogenesis associated 6 [Source:HGNC Symbol;Acc:HGNC:18309]	no	Not_regulated_by_YAP	NA
ENSG00000132170	5	shYT_down	PPARG	7.12	3	12289071	peroxisome proliferator activated receptor gamma [Source:HGNC Symbol;Acc:HGNC:9236]	Yes	YAP_regulated	Nuclear receptor
ENSG00000132274	5	shYT_down	TRIM22	13.99	11	5691027	tripartite motif containing 22 [Source:HGNC Symbol;Acc:HGNC:16379]	no	Not_regulated_by_YAP	NA
ENSG00000132406	5	shYT_down	TMEM128	38.49	4	4248212	transmembrane protein 128 [Source:HGNC Symbol;Acc:HGNC:28201]	no	Not_regulated_by_YAP	NA
ENSG00000132471	5	shYT_down	WBP2	69.73	17	75855322	WW domain binding protein 2 [Source:HGNC Symbol;Acc:HGNC:12738]	no	YAP_regulated	NA
ENSG00000132530	5	shYT_down	XAF1	10.85	17	6756079	XIAP associated factor 1 [Source:HGNC Symbol;Acc:HGNC:30932]	no	YAP_regulated	NA
ENSG00000132563	5	shYT_down	REEP2	0.16	5	138439057	receptor accessory protein 2 [Source:HGNC Symbol;Acc:HGNC:17975]	no	Not_regulated_by_YAP	NA
ENSG00000132840	5	shYT_down	BHMT2	20.1	5	79069767	betaine--homocysteine S-methyltransferase 2 [Source:HGNC Symbol;Acc:HGNC:1048]	no	Not_regulated_by_YAP	NA
ENSG00000132842	5	shYT_down	AP3B1	21.03	5	78294698	adaptor related protein complex 3 subunit beta 1 [Source:HGNC Symbol;Acc:HGNC:566]	no	Not_regulated_by_YAP	NA
ENSG00000133104	5	shYT_down	SPART	47.12	13	36346394	spartin [Source:HGNC Symbol;Acc:HGNC:18514]	no	YAP_regulated	NA
ENSG00000133612	5	shYT_down	AGAP3	84.35	7	151085831	ArfGAP with GTPase domain, ankyrin repeat and PH domain 3 [Source:HGNC Symbol;Acc:HGNC:16923]	no	Not_regulated_by_YAP	NA
ENSG00000133706	5	shYT_down	LARS1	94.23	5	146182660	leucyl-tRNA synthetase 1 [Source:HGNC Symbol;Acc:HGNC:6512]	no	Not_regulated_by_YAP	NA
ENSG00000133740	5	shYT_down	E2F5	9.68	8	85177225	E2F transcription factor 5 [Source:HGNC Symbol;Acc:HGNC:3119]	Yes	YAP_regulated	E2F
ENSG00000133858	5	shYT_down	ZFC3H1	26.85	12	71663848	zinc finger C3H1-type containing [Source:HGNC Symbol;Acc:HGNC:28328]	no	YAP_regulated	NA
ENSG00000134250	5	shYT_down	NOTCH2	47.22	1	120054225	notch receptor 2 [Source:HGNC Symbol;Acc:HGNC:7882]	no	Not_regulated_by_YAP	NA
ENSG00000134463	5	shYT_down	ECHDC3	7.66	10	11742382	enoyl-CoA hydratase domain containing 3 [Source:HGNC Symbol;Acc:HGNC:23489]	no	Not_regulated_by_YAP	NA
ENSG00000134470	5	shYT_down	IL15RA	25.95	10	5960567	interleukin 15 receptor subunit alpha [Source:HGNC Symbol;Acc:HGNC:5978]	no	YAP_regulated	NA
ENSG00000134516	5	shYT_down	DOCK2	37.67	5	169637268	dedicator of cytokinesis 2 [Source:HGNC Symbol;Acc:HGNC:2988]	no	Not_regulated_by_YAP	NA
ENSG00000134824	5	shYT_down	FADS2	207.81	11	61816403	fatty acid desaturase 2 [Source:HGNC Symbol;Acc:HGNC:3575]	no	YAP_regulated	NA
ENSG00000135018	5	shYT_down	UBQLN1	169.69	9	83707958	ubiquilin 1 [Source:HGNC Symbol;Acc:HGNC:12508]	no	YAP_regulated	NA
ENSG00000135211	5	shYT_down	TMEM60	50.14	7	77798434	transmembrane protein 60 [Source:HGNC Symbol;Acc:HGNC:21754]	no	YAP_regulated	NA
ENSG00000135446	5	shYT_down	CDK4	180.44	12	57752310	cyclin dependent kinase 4 [Source:HGNC Symbol;Acc:HGNC:1773]	no	YAP_regulated	NA
ENSG00000135525	5	shYT_down	MAP7	4	6	136550819	microtubule associated protein 7 [Source:HGNC Symbol;Acc:HGNC:6869]	no	Not_regulated_by_YAP	NA
ENSG00000135679	5	shYT_down	MDM2	18.87	12	68813602	MDM2 proto-oncogene [Source:HGNC Symbol;Acc:HGNC:6973]	no	YAP_regulated	NA
ENSG00000135750	5	shYT_down	KCNK1	10.34	1	233614106	potassium two pore domain channel subfamily K member 1 [Source:HGNC Symbol;Acc:HGNC:6272]	no	Not_regulated_by_YAP	NA
ENSG00000135966	5	shYT_down	TGFBRAP1	13.56	2	105329735	transforming growth factor beta receptor associated protein 1 [Source:HGNC Symbol;Acc:HGNC:16836]	no	YAP_regulated	NA
ENSG00000136152	5	shYT_down	COG3	15.13	13	45464898	component of oligomeric golgi complex 3 [Source:HGNC Symbol;Acc:HGNC:18619]	no	YAP_regulated	NA
ENSG00000136770	5	shYT_down	DNAJC1	24.32	10	22003399	DnaJ heat shock protein family (Hsp40) member C1 [Source:HGNC Symbol;Acc:HGNC:20090]	no	YAP_regulated	NA
ENSG00000136868	5	shYT_down	SLC31A1	56.02	9	113221544	solute carrier family 31 member 1 [Source:HGNC Symbol;Acc:HGNC:11016]	no	YAP_regulated	NA
ENSG00000137343	5	shYT_down	ATAT1	4.92	6	30626842	alpha tubulin acetyltransferase 1 [Source:HGNC Symbol;Acc:HGNC:21186]	no	YAP_regulated	NA
ENSG00000137876	5	shYT_down	RSL24D1	110.6	15	55196941	ribosomal L24 domain containing 1 [Source:HGNC Symbol;Acc:HGNC:18479]	no	YAP_regulated	NA
ENSG00000137941	5	shYT_down	TTLL7	4.63	1	83948936	tubulin tyrosine ligase like 7 [Source:HGNC Symbol;Acc:HGNC:26242]	no	Not_regulated_by_YAP	NA
ENSG00000138031	5	shYT_down	ADCY3	43.4	2	24919839	adenylate cyclase 3 [Source:HGNC Symbol;Acc:HGNC:234]	no	Not_regulated_by_YAP	NA
ENSG00000138095	5	shYT_down	LRPPRC	61.94	2	43995989	leucine rich pentatricopeptide repeat containing [Source:HGNC Symbol;Acc:HGNC:15714]	no	YAP_regulated	NA
ENSG00000138162	5	shYT_down	TACC2	12.25	10	121989163	transforming acidic coiled-coil containing protein 2 [Source:HGNC Symbol;Acc:HGNC:11523]	no	YAP_regulated	NA
ENSG00000138614	5	shYT_down	INTS14	33.61	15	65611289	integrator complex subunit 14 [Source:HGNC Symbol;Acc:HGNC:25372]	no	YAP_regulated	NA
ENSG00000138744	5	shYT_down	NAAA	19.29	4	75941013	N-acylethanolamine acid amidase [Source:HGNC Symbol;Acc:HGNC:736]	no	Not_regulated_by_YAP	NA
ENSG00000139329	5	shYT_down	LUM	5.28	12	91111494	lumican [Source:HGNC Symbol;Acc:HGNC:6724]	no	Not_regulated_by_YAP	NA
ENSG00000139496	5	shYT_down	NUP58	45.02	13	25301645	nucleoporin 58 [Source:HGNC Symbol;Acc:HGNC:20261]	no	Not_regulated_by_YAP	NA
ENSG00000139687	5	shYT_down	RB1	43.28	13	48303747	RB transcriptional corepressor 1 [Source:HGNC Symbol;Acc:HGNC:9884]	no	YAP_regulated	NA
ENSG00000139697	5	shYT_down	SBNO1	11.69	12	123364843	strawberry notch homolog 1 [Source:HGNC Symbol;Acc:HGNC:22973]	no	YAP_regulated	NA
ENSG00000139793	5	shYT_down	MBNL2	27.6	13	97222296	muscleblind like splicing regulator 2 [Source:HGNC Symbol;Acc:HGNC:16746]	Yes	Not_regulated_by_YAP	CCCH ZF
ENSG00000139915	5	shYT_down	MDGA2	2.98	14	47301560	MAM domain containing glycosylphosphatidylinositol anchor 2 [Source:HGNC Symbol;Acc:HGNC:19835]	no	Not_regulated_by_YAP	NA
ENSG00000140262	5	shYT_down	TCF12	34.16	15	57118350	transcription factor 12 [Source:HGNC Symbol;Acc:HGNC:11623]	Yes	Not_regulated_by_YAP	bHLH
ENSG00000140263	5	shYT_down	SORD	39.87	15	45023168	sorbitol dehydrogenase [Source:HGNC Symbol;Acc:HGNC:11184]	no	Not_regulated_by_YAP	NA
ENSG00000140391	5	shYT_down	TSPAN3	192.44	15	77071109	tetraspanin 3 [Source:HGNC Symbol;Acc:HGNC:17752]	no	YAP_regulated	NA
ENSG00000140406	5	shYT_down	TLNRD1	8.48	15	81000923	talin rod domain containing 1 [Source:HGNC Symbol;Acc:HGNC:13519]	no	YAP_regulated	NA
ENSG00000140511	5	shYT_down	HAPLN3	3.26	15	88895544	hyaluronan and proteoglycan link protein 3 [Source:HGNC Symbol;Acc:HGNC:21446]	no	Not_regulated_by_YAP	NA
ENSG00000140521	5	shYT_down	POLG	36.65	15	89334861	DNA polymerase gamma, catalytic subunit [Source:HGNC Symbol;Acc:HGNC:9179]	no	YAP_regulated	NA
ENSG00000140545	5	shYT_down	MFGE8	28.89	15	88913379	milk fat globule-EGF factor 8 protein [Source:HGNC Symbol;Acc:HGNC:7036]	no	YAP_regulated	NA
ENSG00000141384	5	shYT_down	TAF4B	6.44	18	26226883	TATA-box binding protein associated factor 4b [Source:HGNC Symbol;Acc:HGNC:11538]	no	Not_regulated_by_YAP	NA
ENSG00000141428	5	shYT_down	C18orf21	22.64	18	35972713	chromosome 18 open reading frame 21 [Source:HGNC Symbol;Acc:HGNC:28802]	no	Not_regulated_by_YAP	NA
ENSG00000141448	5	shYT_down	GATA6	4.07	18	22170933	GATA binding protein 6 [Source:HGNC Symbol;Acc:HGNC:4174]	Yes	YAP_regulated	GATA
ENSG00000141452	5	shYT_down	RMC1	32.27	18	23503511	regulator of MON1-CCZ1 [Source:HGNC Symbol;Acc:HGNC:24326]	no	YAP_regulated	NA
ENSG00000141522	5	shYT_down	ARHGDIA	294.22	17	81868630	Rho GDP dissociation inhibitor alpha [Source:HGNC Symbol;Acc:HGNC:678]	no	Not_regulated_by_YAP	NA
ENSG00000141569	5	shYT_down	TRIM65	12.25	17	75892303	tripartite motif containing 65 [Source:HGNC Symbol;Acc:HGNC:27316]	no	Not_regulated_by_YAP	NA
ENSG00000141985	5	shYT_down	SH3GL1	93.88	19	4400547	SH3 domain containing GRB2 like 1, endophilin A2 [Source:HGNC Symbol;Acc:HGNC:10830]	no	YAP_regulated	NA
ENSG00000142330	5	shYT_down	CAPN10	15.76	2	240586734	calpain 10 [Source:HGNC Symbol;Acc:HGNC:1477]	no	Not_regulated_by_YAP	NA
ENSG00000142627	5	shYT_down	EPHA2	86.96	1	16156069	EPH receptor A2 [Source:HGNC Symbol;Acc:HGNC:3386]	no	YAP_regulated	NA
ENSG00000142694	5	shYT_down	EVA1B	14.79	1	36324154	eva-1 homolog B [Source:HGNC Symbol;Acc:HGNC:25558]	no	YAP_regulated	NA
ENSG00000142871	5	shYT_down	CCN1	431.13	1	85580761	cellular communication network factor 1 [Source:HGNC Symbol;Acc:HGNC:2654]	no	Not_regulated_by_YAP	NA
ENSG00000143195	5	shYT_down	ILDR2	9.67	1	166908080	immunoglobulin like domain containing receptor 2 [Source:HGNC Symbol;Acc:HGNC:18131]	no	Not_regulated_by_YAP	NA
ENSG00000143369	5	shYT_down	ECM1	8.24	1	150508062	extracellular matrix protein 1 [Source:HGNC Symbol;Acc:HGNC:3153]	no	Not_regulated_by_YAP	NA
ENSG00000143418	5	shYT_down	CERS2	206.33	1	150969112	ceramide synthase 2 [Source:HGNC Symbol;Acc:HGNC:14076]	no	YAP_regulated	NA
ENSG00000143643	5	shYT_down	TTC13	16.75	1	230978861	tetratricopeptide repeat domain 13 [Source:HGNC Symbol;Acc:HGNC:26204]	no	YAP_regulated	NA
ENSG00000143702	5	shYT_down	CEP170	42.19	1	243255281	centrosomal protein 170 [Source:HGNC Symbol;Acc:HGNC:28920]	no	YAP_regulated	NA
ENSG00000143742	5	shYT_down	SRP9	368.08	1	225777829	signal recognition particle 9 [Source:HGNC Symbol;Acc:HGNC:11304]	no	YAP_regulated	NA
ENSG00000143761	5	shYT_down	ARF1	490.75	1	228082708	ADP ribosylation factor 1 [Source:HGNC Symbol;Acc:HGNC:652]	no	YAP_regulated	NA
ENSG00000143889	5	shYT_down	HNRNPLL	9.44	2	38602928	heterogeneous nuclear ribonucleoprotein L like [Source:HGNC Symbol;Acc:HGNC:25127]	no	YAP_regulated	NA
ENSG00000144043	5	shYT_down	TEX261	77.24	2	70994873	testis expressed 261 [Source:HGNC Symbol;Acc:HGNC:30712]	no	YAP_regulated	NA
ENSG00000144369	5	shYT_down	FAM171B	1.37	2	186694060	family with sequence similarity 171 member B [Source:HGNC Symbol;Acc:HGNC:29412]	no	Not_regulated_by_YAP	NA
ENSG00000145632	5	shYT_down	PLK2	188.56	5	58460086	polo like kinase 2 [Source:HGNC Symbol;Acc:HGNC:19699]	no	YAP_regulated	NA
ENSG00000145916	5	shYT_down	RMND5B	10.78	5	178138108	required for meiotic nuclear division 5 homolog B [Source:HGNC Symbol;Acc:HGNC:26181]	no	Not_regulated_by_YAP	NA
ENSG00000146083	5	shYT_down	RNF44	11.57	5	176537402	ring finger protein 44 [Source:HGNC Symbol;Acc:HGNC:19180]	no	YAP_regulated	NA
ENSG00000146530	5	shYT_down	VWDE	0.12	7	12403865	von Willebrand factor D and EGF domains [Source:HGNC Symbol;Acc:HGNC:21897]	no	Not_regulated_by_YAP	NA
ENSG00000146592	5	shYT_down	CREB5	41.25	7	28570438	cAMP responsive element binding protein 5 [Source:HGNC Symbol;Acc:HGNC:16844]	Yes	YAP_regulated	bZIP
ENSG00000147044	5	shYT_down	CASK	51.31	X	41524713	calcium/calmodulin dependent serine protein kinase [Source:HGNC Symbol;Acc:HGNC:1497]	no	YAP_regulated	NA
ENSG00000147118	5	shYT_down	ZNF182	3.57	X	48003978	zinc finger protein 182 [Source:HGNC Symbol;Acc:HGNC:13001]	Yes	Not_regulated_by_YAP	C2H2 ZF
ENSG00000147419	5	shYT_down	CCDC25	13.58	8	27772640	coiled-coil domain containing 25 [Source:HGNC Symbol;Acc:HGNC:25591]	no	Not_regulated_by_YAP	NA
ENSG00000147649	5	shYT_down	MTDH	182.43	8	97691131	metadherin [Source:HGNC Symbol;Acc:HGNC:29608]	no	YAP_regulated	NA
ENSG00000147677	5	shYT_down	EIF3H	327.88	8	116755823	eukaryotic translation initiation factor 3 subunit H [Source:HGNC Symbol;Acc:HGNC:3273]	no	YAP_regulated	NA
ENSG00000147852	5	shYT_down	VLDLR	23.84	9	2621787	very low density lipoprotein receptor [Source:HGNC Symbol;Acc:HGNC:12698]	no	Not_regulated_by_YAP	NA
ENSG00000148154	5	shYT_down	UGCG	178.13	9	111896814	UDP-glucose ceramide glucosyltransferase [Source:HGNC Symbol;Acc:HGNC:12524]	no	YAP_regulated	NA
ENSG00000148358	5	shYT_down	GPR107	55.7	9	130053426	G protein-coupled receptor 107 [Source:HGNC Symbol;Acc:HGNC:17830]	no	YAP_regulated	NA
ENSG00000148677	5	shYT_down	ANKRD1	68.79	10	90921276	ankyrin repeat domain 1 [Source:HGNC Symbol;Acc:HGNC:15819]	no	YAP_regulated	NA
ENSG00000148824	5	shYT_down	MTG1	19.54	10	133394094	mitochondrial ribosome associated GTPase 1 [Source:HGNC Symbol;Acc:HGNC:32159]	no	YAP_regulated	NA
ENSG00000148908	5	shYT_down	RGS10	33.45	10	119527477	regulator of G protein signaling 10 [Source:HGNC Symbol;Acc:HGNC:9992]	no	Not_regulated_by_YAP	NA
ENSG00000150401	5	shYT_down	DCUN1D2	18.77	13	113490691	defective in cullin neddylation 1 domain containing 2 [Source:HGNC Symbol;Acc:HGNC:20328]	no	YAP_regulated	NA
ENSG00000150456	5	shYT_down	EEF1AKMT1	14.93	13	20773961	EEF1A lysine methyltransferase 1 [Source:HGNC Symbol;Acc:HGNC:27351]	no	YAP_regulated	NA
ENSG00000150459	5	shYT_down	SAP18	80.47	13	21140612	Sin3A associated protein 18 [Source:HGNC Symbol;Acc:HGNC:10530]	no	YAP_regulated	NA
ENSG00000151690	5	shYT_down	MFSD6	18.94	2	190408355	major facilitator superfamily domain containing 6 [Source:HGNC Symbol;Acc:HGNC:24711]	no	Not_regulated_by_YAP	NA
ENSG00000151892	5	shYT_down	GFRA1	89.25	10	116272282	GDNF family receptor alpha 1 [Source:HGNC Symbol;Acc:HGNC:4243]	no	Not_regulated_by_YAP	NA
ENSG00000152291	5	shYT_down	TGOLN2	169	2	85327989	trans-golgi network protein 2 [Source:HGNC Symbol;Acc:HGNC:15450]	no	YAP_regulated	NA
ENSG00000152767	5	shYT_down	FARP1	34.27	13	98331758	FERM, ARH/RhoGEF and pleckstrin domain protein 1 [Source:HGNC Symbol;Acc:HGNC:3591]	no	YAP_regulated	NA
ENSG00000153233	5	shYT_down	PTPRR	8.74	12	70754591	protein tyrosine phosphatase receptor type R [Source:HGNC Symbol;Acc:HGNC:9680]	no	Not_regulated_by_YAP	NA
ENSG00000153551	5	shYT_down	CMTM7	25.01	3	32391853	CKLF like MARVEL transmembrane domain containing 7 [Source:HGNC Symbol;Acc:HGNC:19178]	no	YAP_regulated	NA
ENSG00000153827	5	shYT_down	TRIP12	97.29	2	229922009	thyroid hormone receptor interactor 12 [Source:HGNC Symbol;Acc:HGNC:12306]	no	YAP_regulated	NA
ENSG00000153944	5	shYT_down	MSI2	6.76	17	57257013	musashi RNA binding protein 2 [Source:HGNC Symbol;Acc:HGNC:18585]	no	Not_regulated_by_YAP	NA
ENSG00000154265	5	shYT_down	ABCA5	1.16	17	69327133	ATP binding cassette subfamily A member 5 [Source:HGNC Symbol;Acc:HGNC:35]	no	Not_regulated_by_YAP	NA
ENSG00000154277	5	shYT_down	UCHL1	1216.5	4	41256413	ubiquitin C-terminal hydrolase L1 [Source:HGNC Symbol;Acc:HGNC:12513]	no	YAP_regulated	NA
ENSG00000154640	5	shYT_down	BTG3	69.63	21	17612844	BTG anti-proliferation factor 3 [Source:HGNC Symbol;Acc:HGNC:1132]	no	YAP_regulated	NA
ENSG00000155096	5	shYT_down	AZIN1	171.99	8	102864163	antizyme inhibitor 1 [Source:HGNC Symbol;Acc:HGNC:16432]	no	YAP_regulated	NA
ENSG00000155324	5	shYT_down	GRAMD2B	19.21	5	126360132	GRAM domain containing 2B [Source:HGNC Symbol;Acc:HGNC:24911]	no	Not_regulated_by_YAP	NA
ENSG00000156273	5	shYT_down	BACH1	10.06	21	29596040	BTB domain and CNC homolog 1 [Source:HGNC Symbol;Acc:HGNC:935]	Yes	Not_regulated_by_YAP	bZIP
ENSG00000156510	5	shYT_down	HKDC1	41.11	10	69220332	hexokinase domain containing 1 [Source:HGNC Symbol;Acc:HGNC:23302]	no	Not_regulated_by_YAP	NA
ENSG00000156675	5	shYT_down	RAB11FIP1	14.5	8	37899467	RAB11 family interacting protein 1 [Source:HGNC Symbol;Acc:HGNC:30265]	no	YAP_regulated	NA
ENSG00000156804	5	shYT_down	FBXO32	3.47	8	123541206	F-box protein 32 [Source:HGNC Symbol;Acc:HGNC:16731]	no	YAP_regulated	NA
ENSG00000157224	5	shYT_down	CLDN12	57.81	7	90403467	claudin 12 [Source:HGNC Symbol;Acc:HGNC:2034]	no	YAP_regulated	NA
ENSG00000157538	5	shYT_down	VPS26C	42.35	21	37229483	VPS26 endosomal protein sorting factor C [Source:HGNC Symbol;Acc:HGNC:3044]	no	YAP_regulated	NA
ENSG00000157764	5	shYT_down	BRAF	10.98	7	140836233	B-Raf proto-oncogene, serine/threonine kinase [Source:HGNC Symbol;Acc:HGNC:1097]	no	YAP_regulated	NA
ENSG00000157870	5	shYT_down	PRXL2B	28.9	1	2586877	peroxiredoxin like 2B [Source:HGNC Symbol;Acc:HGNC:28390]	no	YAP_regulated	NA
ENSG00000158156	5	shYT_down	XKR8	7.38	1	27959973	XK related 8 [Source:HGNC Symbol;Acc:HGNC:25508]	no	YAP_regulated	NA
ENSG00000158615	5	shYT_down	PPP1R15B	27.24	1	204411817	protein phosphatase 1 regulatory subunit 15B [Source:HGNC Symbol;Acc:HGNC:14951]	no	YAP_regulated	NA
ENSG00000158850	5	shYT_down	B4GALT3	41.07	1	161177507	beta-1,4-galactosyltransferase 3 [Source:HGNC Symbol;Acc:HGNC:926]	no	Not_regulated_by_YAP	NA
ENSG00000159200	5	shYT_down	RCAN1	36.6	21	34526850	regulator of calcineurin 1 [Source:HGNC Symbol;Acc:HGNC:3040]	no	YAP_regulated	NA
ENSG00000159388	5	shYT_down	BTG2	2.85	1	203305519	BTG anti-proliferation factor 2 [Source:HGNC Symbol;Acc:HGNC:1131]	no	YAP_regulated	NA
ENSG00000159479	5	shYT_down	MED8	62.26	1	43389808	mediator complex subunit 8 [Source:HGNC Symbol;Acc:HGNC:19971]	no	YAP_regulated	NA
ENSG00000160691	5	shYT_down	SHC1	139.32	1	154970741	SHC adaptor protein 1 [Source:HGNC Symbol;Acc:HGNC:10840]	no	YAP_regulated	NA
ENSG00000160741	5	shYT_down	CRTC2	26.83	1	153958123	CREB regulated transcription coactivator 2 [Source:HGNC Symbol;Acc:HGNC:27301]	no	YAP_regulated	NA
ENSG00000160813	5	shYT_down	PPP1R35	39.21	7	100436136	protein phosphatase 1 regulatory subunit 35 [Source:HGNC Symbol;Acc:HGNC:28320]	no	YAP_regulated	NA
ENSG00000161011	5	shYT_down	SQSTM1	222.13	5	179806398	sequestosome 1 [Source:HGNC Symbol;Acc:HGNC:11280]	no	YAP_regulated	NA
ENSG00000161202	5	shYT_down	DVL3	23.16	3	184155559	dishevelled segment polarity protein 3 [Source:HGNC Symbol;Acc:HGNC:3087]	no	YAP_regulated	NA
ENSG00000162366	5	shYT_down	PDZK1IP1	132.71	1	47190007	PDZK1 interacting protein 1 [Source:HGNC Symbol;Acc:HGNC:16887]	no	YAP_regulated	NA
ENSG00000162521	5	shYT_down	RBBP4	144.07	1	32651142	RB binding protein 4, chromatin remodeling factor [Source:HGNC Symbol;Acc:HGNC:9887]	no	YAP_regulated	NA
ENSG00000162599	5	shYT_down	NFIA	1.38	1	61277306	nuclear factor I A [Source:HGNC Symbol;Acc:HGNC:7784]	Yes	Not_regulated_by_YAP	SMAD
ENSG00000162601	5	shYT_down	MYSM1	14.32	1	58681896	Myb like, SWIRM and MPN domains 1 [Source:HGNC Symbol;Acc:HGNC:29401]	Yes	Not_regulated_by_YAP	Myb/SANT
ENSG00000162734	5	shYT_down	PEA15	282.67	1	160205384	proliferation and apoptosis adaptor protein 15 [Source:HGNC Symbol;Acc:HGNC:8822]	no	YAP_regulated	NA
ENSG00000162819	5	shYT_down	BROX	32.41	1	222712564	BRO1 domain and CAAX motif containing [Source:HGNC Symbol;Acc:HGNC:26512]	no	YAP_regulated	NA
ENSG00000163121	5	shYT_down	NEURL3	0.89	2	96505357	neuralized E3 ubiquitin protein ligase 3 [Source:HGNC Symbol;Acc:HGNC:25162]	no	Not_regulated_by_YAP	NA
ENSG00000163171	5	shYT_down	CDC42EP3	45.51	2	37672199	CDC42 effector protein 3 [Source:HGNC Symbol;Acc:HGNC:16943]	no	Not_regulated_by_YAP	NA
ENSG00000163428	5	shYT_down	LRRC58	21.96	3	120349354	leucine rich repeat containing 58 [Source:HGNC Symbol;Acc:HGNC:26968]	no	YAP_regulated	NA
ENSG00000163430	5	shYT_down	FSTL1	479.84	3	120450992	follistatin like 1 [Source:HGNC Symbol;Acc:HGNC:3972]	no	Not_regulated_by_YAP	NA
ENSG00000163576	5	shYT_down	EFHB	5.94	3	19934217	EF-hand domain family member B [Source:HGNC Symbol;Acc:HGNC:26330]	no	Not_regulated_by_YAP	NA
ENSG00000163624	5	shYT_down	CDS1	8.27	4	84583127	CDP-diacylglycerol synthase 1 [Source:HGNC Symbol;Acc:HGNC:1800]	no	YAP_regulated	NA
ENSG00000163875	5	shYT_down	MEAF6	63.56	1	37514763	MYST/Esa1 associated factor 6 [Source:HGNC Symbol;Acc:HGNC:25674]	no	Not_regulated_by_YAP	NA
ENSG00000163882	5	shYT_down	POLR2H	92.65	3	184361718	RNA polymerase II subunit H [Source:HGNC Symbol;Acc:HGNC:9195]	no	YAP_regulated	NA
ENSG00000163888	5	shYT_down	CAMK2N2	0.84	3	184261553	calcium/calmodulin dependent protein kinase II inhibitor 2 [Source:HGNC Symbol;Acc:HGNC:24197]	no	Not_regulated_by_YAP	NA
ENSG00000163956	5	shYT_down	LRPAP1	155.33	4	3532422	LDL receptor related protein associated protein 1 [Source:HGNC Symbol;Acc:HGNC:6701]	no	Not_regulated_by_YAP	NA
ENSG00000164099	5	shYT_down	PRSS12	0.95	4	118353003	serine protease 12 [Source:HGNC Symbol;Acc:HGNC:9477]	no	Not_regulated_by_YAP	NA
ENSG00000164181	5	shYT_down	ELOVL7	6.08	5	60844269	ELOVL fatty acid elongase 7 [Source:HGNC Symbol;Acc:HGNC:26292]	no	Not_regulated_by_YAP	NA
ENSG00000164292	5	shYT_down	RHOBTB3	28.25	5	95713522	Rho related BTB domain containing 3 [Source:HGNC Symbol;Acc:HGNC:18757]	no	Not_regulated_by_YAP	NA
ENSG00000164651	5	shYT_down	SP8	0.5	7	20786886	Sp8 transcription factor [Source:HGNC Symbol;Acc:HGNC:19196]	Yes	Not_regulated_by_YAP	C2H2 ZF
ENSG00000164713	5	shYT_down	BRI3	167.75	7	98282383	brain protein I3 [Source:HGNC Symbol;Acc:HGNC:1109]	no	YAP_regulated	NA
ENSG00000164949	5	shYT_down	GEM	12.33	8	94262350	GTP binding protein overexpressed in skeletal muscle [Source:HGNC Symbol;Acc:HGNC:4234]	no	YAP_regulated	NA
ENSG00000164951	5	shYT_down	PDP1	21.33	8	93857807	pyruvate dehyrogenase phosphatase catalytic subunit 1 [Source:HGNC Symbol;Acc:HGNC:9279]	no	YAP_regulated	NA
ENSG00000165025	5	shYT_down	SYK	10.35	9	90801787	spleen associated tyrosine kinase [Source:HGNC Symbol;Acc:HGNC:11491]	no	Not_regulated_by_YAP	NA
ENSG00000165097	5	shYT_down	KDM1B	18.51	6	18155444	lysine demethylase 1B [Source:HGNC Symbol;Acc:HGNC:21577]	no	YAP_regulated	NA
ENSG00000165669	5	shYT_down	FAM204A	62.54	10	118342324	family with sequence similarity 204 member A [Source:HGNC Symbol;Acc:HGNC:25794]	no	Not_regulated_by_YAP	NA
ENSG00000165678	5	shYT_down	GHITM	253.07	10	84139509	growth hormone inducible transmembrane protein [Source:HGNC Symbol;Acc:HGNC:17281]	no	YAP_regulated	NA
ENSG00000166128	5	shYT_down	RAB8B	16.12	15	63189606	RAB8B, member RAS oncogene family [Source:HGNC Symbol;Acc:HGNC:30273]	no	YAP_regulated	NA
ENSG00000166557	5	shYT_down	TMED3	107.79	15	79311112	transmembrane p24 trafficking protein 3 [Source:HGNC Symbol;Acc:HGNC:28889]	no	YAP_regulated	NA
ENSG00000166575	5	shYT_down	TMEM135	5.35	11	87037921	transmembrane protein 135 [Source:HGNC Symbol;Acc:HGNC:26167]	no	YAP_regulated	NA
ENSG00000166821	5	shYT_down	PEX11A	4.52	15	89690782	peroxisomal biogenesis factor 11 alpha [Source:HGNC Symbol;Acc:HGNC:8852]	no	Not_regulated_by_YAP	NA
ENSG00000167081	5	shYT_down	PBX3	50.42	9	125748165	PBX homeobox 3 [Source:HGNC Symbol;Acc:HGNC:8634]	Yes	YAP_regulated	Homeodomain
ENSG00000167196	5	shYT_down	FBXO22	30.31	15	75903878	F-box protein 22 [Source:HGNC Symbol;Acc:HGNC:13593]	no	YAP_regulated	NA
ENSG00000167815	5	shYT_down	PRDX2	235.28	19	12801787	peroxiredoxin 2 [Source:HGNC Symbol;Acc:HGNC:9353]	no	Not_regulated_by_YAP	NA
ENSG00000167881	5	shYT_down	SRP68	70.37	17	76072517	signal recognition particle 68 [Source:HGNC Symbol;Acc:HGNC:11302]	no	YAP_regulated	NA
ENSG00000167920	5	shYT_down	TMEM99	27.94	17	40819106	transmembrane protein 99 (putative) [Source:HGNC Symbol;Acc:HGNC:28305]	no	Not_regulated_by_YAP	NA
ENSG00000168038	5	shYT_down	ULK4	5.75	3	41962102	unc-51 like kinase 4 [Source:HGNC Symbol;Acc:HGNC:15784]	no	YAP_regulated	NA
ENSG00000168672	5	shYT_down	LRATD2	32.42	8	126558478	LRAT domain containing 2 [Source:HGNC Symbol;Acc:HGNC:24166]	no	YAP_regulated	NA
ENSG00000168679	5	shYT_down	SLC16A4	9.36	1	110391026	solute carrier family 16 member 4 [Source:HGNC Symbol;Acc:HGNC:10925]	no	Not_regulated_by_YAP	NA
ENSG00000168884	5	shYT_down	TNIP2	44.41	4	2756331	TNFAIP3 interacting protein 2 [Source:HGNC Symbol;Acc:HGNC:19118]	no	YAP_regulated	NA
ENSG00000169410	5	shYT_down	PTPN9	21.3	15	75579315	protein tyrosine phosphatase non-receptor type 9 [Source:HGNC Symbol;Acc:HGNC:9661]	no	Not_regulated_by_YAP	NA
ENSG00000169439	5	shYT_down	SDC2	68.1	8	96493813	syndecan 2 [Source:HGNC Symbol;Acc:HGNC:10659]	no	YAP_regulated	NA
ENSG00000169564	5	shYT_down	PCBP1	232.92	2	70087477	poly(rC) binding protein 1 [Source:HGNC Symbol;Acc:HGNC:8647]	no	Not_regulated_by_YAP	NA
ENSG00000169718	5	shYT_down	DUS1L	92.87	17	82065804	dihydrouridine synthase 1 like [Source:HGNC Symbol;Acc:HGNC:30086]	no	Not_regulated_by_YAP	NA
ENSG00000169760	5	shYT_down	NLGN1	2.14	3	173396284	neuroligin 1 [Source:HGNC Symbol;Acc:HGNC:14291]	no	Not_regulated_by_YAP	NA
ENSG00000170293	5	shYT_down	CMTM8	0.68	3	32238679	CKLF like MARVEL transmembrane domain containing 8 [Source:HGNC Symbol;Acc:HGNC:19179]	no	Not_regulated_by_YAP	NA
ENSG00000170855	5	shYT_down	TRIAP1	46.61	12	120446384	TP53 regulated inhibitor of apoptosis 1 [Source:HGNC Symbol;Acc:HGNC:26937]	no	Not_regulated_by_YAP	NA
ENSG00000171161	5	shYT_down	ZNF672	11.01	1	248838828	zinc finger protein 672 [Source:HGNC Symbol;Acc:HGNC:26179]	Yes	YAP_regulated	C2H2 ZF
ENSG00000171163	5	shYT_down	ZNF692	19.75	1	248858529	zinc finger protein 692 [Source:HGNC Symbol;Acc:HGNC:26049]	Yes	YAP_regulated	C2H2 ZF
ENSG00000171448	5	shYT_down	ZBTB26	5.88	9	122931265	zinc finger and BTB domain containing 26 [Source:HGNC Symbol;Acc:HGNC:23383]	Yes	YAP_regulated	C2H2 ZF
ENSG00000171530	5	shYT_down	TBCA	169.08	5	77776361	tubulin folding cofactor A [Source:HGNC Symbol;Acc:HGNC:11579]	no	Not_regulated_by_YAP	NA
ENSG00000171735	5	shYT_down	CAMTA1	129.59	1	6874056	calmodulin binding transcription activator 1 [Source:HGNC Symbol;Acc:HGNC:18806]	Yes	YAP_regulated	CG-1
ENSG00000172379	5	shYT_down	ARNT2	4.74	15	80441239	aryl hydrocarbon receptor nuclear translocator 2 [Source:HGNC Symbol;Acc:HGNC:16876]	Yes	Not_regulated_by_YAP	bHLH
ENSG00000172667	5	shYT_down	ZMAT3	5.97	3	179072215	zinc finger matrin-type 3 [Source:HGNC Symbol;Acc:HGNC:29983]	no	Not_regulated_by_YAP	NA
ENSG00000172915	5	shYT_down	NBEA	2.09	13	34942660	neurobeachin [Source:HGNC Symbol;Acc:HGNC:7648]	no	Not_regulated_by_YAP	NA
ENSG00000173530	5	shYT_down	TNFRSF10D	10.07	8	23164027	TNF receptor superfamily member 10d [Source:HGNC Symbol;Acc:HGNC:11907]	no	YAP_regulated	NA
ENSG00000173660	5	shYT_down	UQCRH	578.22	1	46303709	ubiquinol-cytochrome c reductase hinge protein [Source:HGNC Symbol;Acc:HGNC:12590]	no	YAP_regulated	NA
ENSG00000173726	5	shYT_down	TOMM20	164.74	1	235119899	translocase of outer mitochondrial membrane 20 [Source:HGNC Symbol;Acc:HGNC:20947]	no	YAP_regulated	NA
ENSG00000174233	5	shYT_down	ADCY6	12.05	12	48774496	adenylate cyclase 6 [Source:HGNC Symbol;Acc:HGNC:237]	no	Not_regulated_by_YAP	NA
ENSG00000174307	5	shYT_down	PHLDA3	31.38	1	201469188	pleckstrin homology like domain family A member 3 [Source:HGNC Symbol;Acc:HGNC:8934]	no	YAP_regulated	NA
ENSG00000174365	5	shYT_down	SNHG11	12.46	20	38446674	small nucleolar RNA host gene 11 [Source:HGNC Symbol;Acc:HGNC:25046]	no	Not_regulated_by_YAP	NA
ENSG00000174444	5	shYT_down	RPL4	2776.4	15	66504855	ribosomal protein L4 [Source:HGNC Symbol;Acc:HGNC:10353]	no	YAP_regulated	NA
ENSG00000174939	5	shYT_down	ASPHD1	57.33	16	29900375	aspartate beta-hydroxylase domain containing 1 [Source:HGNC Symbol;Acc:HGNC:27380]	no	YAP_regulated	NA
ENSG00000175061	5	shYT_down	SNHG29	470.02	17	16439045	small nucleolar RNA host gene 29 [Source:HGNC Symbol;Acc:HGNC:28619]	no	YAP_regulated	NA
ENSG00000175198	5	shYT_down	PCCA	5.9	13	100305776	propionyl-CoA carboxylase subunit alpha [Source:HGNC Symbol;Acc:HGNC:8653]	no	Not_regulated_by_YAP	NA
ENSG00000176101	5	shYT_down	SSNA1	142.28	9	137188676	SS nuclear autoantigen 1 [Source:HGNC Symbol;Acc:HGNC:11321]	no	YAP_regulated	NA
ENSG00000176340	5	shYT_down	COX8A	470.13	11	63974620	cytochrome c oxidase subunit 8A [Source:HGNC Symbol;Acc:HGNC:2294]	no	Not_regulated_by_YAP	NA
ENSG00000176390	5	shYT_down	CRLF3	10.54	17	30784413	cytokine receptor like factor 3 [Source:HGNC Symbol;Acc:HGNC:17177]	no	YAP_regulated	NA
ENSG00000177189	5	shYT_down	RPS6KA3	35.74	X	20267100	ribosomal protein S6 kinase A3 [Source:HGNC Symbol;Acc:HGNC:10432]	no	Not_regulated_by_YAP	NA
ENSG00000177225	5	shYT_down	GATD1	31.47	11	777488	glutamine amidotransferase like class 1 domain containing 1 [Source:HGNC Symbol;Acc:HGNC:26616]	no	Not_regulated_by_YAP	NA
ENSG00000177383	5	shYT_down	MAGEF1	14.56	3	184712064	MAGE family member F1 [Source:HGNC Symbol;Acc:HGNC:29639]	no	Not_regulated_by_YAP	NA
ENSG00000177674	5	shYT_down	AGTRAP	30.75	1	11736117	angiotensin II receptor associated protein [Source:HGNC Symbol;Acc:HGNC:13539]	no	YAP_regulated	NA
ENSG00000177679	5	shYT_down	SRRM3	0.4	7	76201896	serine/arginine repetitive matrix 3 [Source:HGNC Symbol;Acc:HGNC:26729]	no	Not_regulated_by_YAP	NA
ENSG00000178078	5	shYT_down	STAP2	29.2	19	4326952	signal transducing adaptor family member 2 [Source:HGNC Symbol;Acc:HGNC:30430]	no	YAP_regulated	NA
ENSG00000178662	5	shYT_down	CSRNP3	0.18	2	165574109	cysteine and serine rich nuclear protein 3 [Source:HGNC Symbol;Acc:HGNC:30729]	Yes	Not_regulated_by_YAP	Unknown
ENSG00000178951	5	shYT_down	ZBTB7A	7.36	19	4066899	zinc finger and BTB domain containing 7A [Source:HGNC Symbol;Acc:HGNC:18078]	Yes	YAP_regulated	C2H2 ZF
ENSG00000179051	5	shYT_down	RCC2	73.89	1	17439677	regulator of chromosome condensation 2 [Source:HGNC Symbol;Acc:HGNC:30297]	no	YAP_regulated	NA
ENSG00000179085	5	shYT_down	DPM3	59.52	1	155140407	dolichyl-phosphate mannosyltransferase subunit 3, regulatory [Source:HGNC Symbol;Acc:HGNC:3007]	no	Not_regulated_by_YAP	NA
ENSG00000179241	5	shYT_down	LDLRAD3	7.99	11	35943981	low density lipoprotein receptor class A domain containing 3 [Source:HGNC Symbol;Acc:HGNC:27046]	no	Not_regulated_by_YAP	NA
ENSG00000179406	5	shYT_down	LINC00174	1.25	7	66401338	long intergenic non-protein coding RNA 174 [Source:HGNC Symbol;Acc:HGNC:27788]	no	Not_regulated_by_YAP	NA
ENSG00000179456	5	shYT_down	ZBTB18	16.29	1	244051283	zinc finger and BTB domain containing 18 [Source:HGNC Symbol;Acc:HGNC:13030]	Yes	YAP_regulated	C2H2 ZF
ENSG00000180340	5	shYT_down	FZD2	2.89	17	44557484	frizzled class receptor 2 [Source:HGNC Symbol;Acc:HGNC:4040]	no	YAP_regulated	NA
ENSG00000180370	5	shYT_down	PAK2	59.77	3	196739857	p21 (RAC1) activated kinase 2 [Source:HGNC Symbol;Acc:HGNC:8591]	no	YAP_regulated	NA
ENSG00000180488	5	shYT_down	MIGA1	12.68	1	77779624	mitoguardin 1 [Source:HGNC Symbol;Acc:HGNC:24741]	no	Not_regulated_by_YAP	NA
ENSG00000180537	5	shYT_down	RNF182	0.95	6	13924867	ring finger protein 182 [Source:HGNC Symbol;Acc:HGNC:28522]	no	Not_regulated_by_YAP	NA
ENSG00000180891	5	shYT_down	CUEDC1	33.74	17	57885837	CUE domain containing 1 [Source:HGNC Symbol;Acc:HGNC:31350]	no	YAP_regulated	NA
ENSG00000180900	5	shYT_down	SCRIB	49.89	8	143815379	scribble planar cell polarity protein [Source:HGNC Symbol;Acc:HGNC:30377]	no	Not_regulated_by_YAP	NA
ENSG00000180921	5	shYT_down	FAM83H	20.94	8	143733779	family with sequence similarity 83 member H [Source:HGNC Symbol;Acc:HGNC:24797]	no	Not_regulated_by_YAP	NA
ENSG00000181350	5	shYT_down	LRRC75A	0.38	17	16448294	leucine rich repeat containing 75A [Source:HGNC Symbol;Acc:HGNC:32403]	no	Not_regulated_by_YAP	NA
ENSG00000182621	5	shYT_down	PLCB1	0.64	20	8658621	phospholipase C beta 1 [Source:HGNC Symbol;Acc:HGNC:15917]	no	Not_regulated_by_YAP	NA
ENSG00000182628	5	shYT_down	SKA2	105.81	17	59155174	spindle and kinetochore associated complex subunit 2 [Source:HGNC Symbol;Acc:HGNC:28006]	no	YAP_regulated	NA
ENSG00000182774	5	shYT_down	RPS17	1247.2	15	82540457	ribosomal protein S17 [Source:HGNC Symbol;Acc:HGNC:10397]	no	YAP_regulated	NA
ENSG00000182871	5	shYT_down	COL18A1	77.05	21	45405165	collagen type XVIII alpha 1 chain [Source:HGNC Symbol;Acc:HGNC:2195]	no	YAP_regulated	NA
ENSG00000183291	5	shYT_down	SELENOF	379.07	1	86914126	selenoprotein F [Source:HGNC Symbol;Acc:HGNC:17705]	no	YAP_regulated	NA
ENSG00000183484	5	shYT_down	GPR132	4.12	14	105065430	G protein-coupled receptor 132 [Source:HGNC Symbol;Acc:HGNC:17482]	no	YAP_regulated	NA
ENSG00000183605	5	shYT_down	SFXN4	25.67	10	119156756	sideroflexin 4 [Source:HGNC Symbol;Acc:HGNC:16088]	no	Not_regulated_by_YAP	NA
ENSG00000183671	5	shYT_down	GPR1	7.95	2	206218024	G protein-coupled receptor 1 [Source:HGNC Symbol;Acc:HGNC:4463]	no	Not_regulated_by_YAP	NA
ENSG00000183943	5	shYT_down	PRKX	5.25	X	3713649	protein kinase X-linked [Source:HGNC Symbol;Acc:HGNC:9441]	no	Not_regulated_by_YAP	NA
ENSG00000184060	5	shYT_down	ADAP2	6.8	17	30945028	ArfGAP with dual PH domains 2 [Source:HGNC Symbol;Acc:HGNC:16487]	no	YAP_regulated	NA
ENSG00000184216	5	shYT_down	IRAK1	290.32	X	154019897	interleukin 1 receptor associated kinase 1 [Source:HGNC Symbol;Acc:HGNC:6112]	no	YAP_regulated	NA
ENSG00000184349	5	shYT_down	EFNA5	11.47	5	107670937	ephrin A5 [Source:HGNC Symbol;Acc:HGNC:3225]	no	YAP_regulated	NA
ENSG00000184500	5	shYT_down	PROS1	4.87	3	93973896	protein S [Source:HGNC Symbol;Acc:HGNC:9456]	no	YAP_regulated	NA
ENSG00000184584	5	shYT_down	STING1	23.37	5	139482698	stimulator of interferon response cGAMP interactor 1 [Source:HGNC Symbol;Acc:HGNC:27962]	no	Not_regulated_by_YAP	NA
ENSG00000184719	5	shYT_down	RNLS	4.15	10	88584530	renalase, FAD dependent amine oxidase [Source:HGNC Symbol;Acc:HGNC:25641]	no	Not_regulated_by_YAP	NA
ENSG00000184785	5	shYT_down	SMIM10	6.34	X	134990991	small integral membrane protein 10 [Source:HGNC Symbol;Acc:HGNC:41913]	no	Not_regulated_by_YAP	NA
ENSG00000185088	5	shYT_down	RPS27L	130.81	15	63157281	ribosomal protein S27 like [Source:HGNC Symbol;Acc:HGNC:18476]	no	YAP_regulated	NA
ENSG00000185122	5	shYT_down	HSF1	94.34	8	144313041	heat shock transcription factor 1 [Source:HGNC Symbol;Acc:HGNC:5224]	Yes	Not_regulated_by_YAP	HSF
ENSG00000185624	5	shYT_down	P4HB	947.72	17	81846507	prolyl 4-hydroxylase subunit beta [Source:HGNC Symbol;Acc:HGNC:8548]	no	YAP_regulated	NA
ENSG00000185630	5	shYT_down	PBX1	0.06	1	164559184	PBX homeobox 1 [Source:HGNC Symbol;Acc:HGNC:8632]	Yes	Not_regulated_by_YAP	Homeodomain
ENSG00000185753	5	shYT_down	CXorf38	16.26	X	40647554	chromosome X open reading frame 38 [Source:HGNC Symbol;Acc:HGNC:28589]	no	YAP_regulated	NA
ENSG00000185896	5	shYT_down	LAMP1	193.61	13	113321767	lysosomal associated membrane protein 1 [Source:HGNC Symbol;Acc:HGNC:6499]	no	Not_regulated_by_YAP	NA
ENSG00000185904	5	shYT_down	LINC00839	42.13	10	42477208	long intergenic non-protein coding RNA 839 [Source:HGNC Symbol;Acc:HGNC:28269]	no	Not_regulated_by_YAP	NA
ENSG00000186088	5	shYT_down	GSAP	6.38	7	77416349	gamma-secretase activating protein [Source:HGNC Symbol;Acc:HGNC:28042]	no	Not_regulated_by_YAP	NA
ENSG00000186395	5	shYT_down	KRT10	12.77	17	40818983	keratin 10 [Source:HGNC Symbol;Acc:HGNC:6413]	no	Not_regulated_by_YAP	NA
ENSG00000187164	5	shYT_down	SHTN1	51.11	10	117005365	shootin 1 [Source:HGNC Symbol;Acc:HGNC:29319]	no	YAP_regulated	NA
ENSG00000187634	5	shYT_down	SAMD11	17.42	1	923928	sterile alpha motif domain containing 11 [Source:HGNC Symbol;Acc:HGNC:28706]	no	YAP_regulated	NA
ENSG00000188021	5	shYT_down	UBQLN2	21.57	X	56563639	ubiquilin 2 [Source:HGNC Symbol;Acc:HGNC:12509]	no	Not_regulated_by_YAP	NA
ENSG00000188153	5	shYT_down	COL4A5	1.82	X	108670035	collagen type IV alpha 5 chain [Source:HGNC Symbol;Acc:HGNC:2207]	no	Not_regulated_by_YAP	NA
ENSG00000188243	5	shYT_down	COMMD6	111.18	13	75530504	COMM domain containing 6 [Source:HGNC Symbol;Acc:HGNC:24015]	no	YAP_regulated	NA
ENSG00000189067	5	shYT_down	LITAF	182.62	16	11556736	lipopolysaccharide induced TNF factor [Source:HGNC Symbol;Acc:HGNC:16841]	no	Not_regulated_by_YAP	NA
ENSG00000189143	5	shYT_down	CLDN4	117.27	7	73799542	claudin 4 [Source:HGNC Symbol;Acc:HGNC:2046]	no	YAP_regulated	NA
ENSG00000189221	5	shYT_down	MAOA	4.65	X	43743704	monoamine oxidase A [Source:HGNC Symbol;Acc:HGNC:6833]	no	YAP_regulated	NA
ENSG00000189227	5	shYT_down	C15orf61	2.97	15	67521131	chromosome 15 open reading frame 61 [Source:HGNC Symbol;Acc:HGNC:34453]	no	YAP_regulated	NA
ENSG00000189410	5	shYT_down	SH2D5	5.33	1	20731175	SH2 domain containing 5 [Source:HGNC Symbol;Acc:HGNC:28819]	no	YAP_regulated	NA
ENSG00000196182	5	shYT_down	STK40	19.8	1	36362656	serine/threonine kinase 40 [Source:HGNC Symbol;Acc:HGNC:21373]	no	YAP_regulated	NA
ENSG00000196365	5	shYT_down	LONP1	78.81	19	5720156	lon peptidase 1, mitochondrial [Source:HGNC Symbol;Acc:HGNC:9479]	no	YAP_regulated	NA
ENSG00000196372	5	shYT_down	ASB13	12.86	10	5666578	ankyrin repeat and SOCS box containing 13 [Source:HGNC Symbol;Acc:HGNC:19765]	no	Not_regulated_by_YAP	NA
ENSG00000196576	5	shYT_down	PLXNB2	92.44	22	50283068	plexin B2 [Source:HGNC Symbol;Acc:HGNC:9104]	no	YAP_regulated	NA
ENSG00000197122	5	shYT_down	SRC	23.72	20	37344685	SRC proto-oncogene, non-receptor tyrosine kinase [Source:HGNC Symbol;Acc:HGNC:11283]	no	YAP_regulated	NA
ENSG00000197312	5	shYT_down	DDI2	9.6	1	15617615	DNA damage inducible 1 homolog 2 [Source:HGNC Symbol;Acc:HGNC:24578]	no	YAP_regulated	NA
ENSG00000197355	5	shYT_down	UAP1L1	4.26	9	137077517	UDP-N-acetylglucosamine pyrophosphorylase 1 like 1 [Source:HGNC Symbol;Acc:HGNC:28082]	no	YAP_regulated	NA
ENSG00000197386	5	shYT_down	HTT	30.59	4	3235424	huntingtin [Source:HGNC Symbol;Acc:HGNC:4851]	no	YAP_regulated	NA
ENSG00000197496	5	shYT_down	SLC2A10	8.26	20	46709699	solute carrier family 2 member 10 [Source:HGNC Symbol;Acc:HGNC:13444]	no	Not_regulated_by_YAP	NA
ENSG00000197696	5	shYT_down	NMB	3	15	84658563	neuromedin B [Source:HGNC Symbol;Acc:HGNC:7842]	no	Not_regulated_by_YAP	NA
ENSG00000197746	5	shYT_down	PSAP	478.38	10	71822205	prosaposin [Source:HGNC Symbol;Acc:HGNC:9498]	no	YAP_regulated	NA
ENSG00000197771	5	shYT_down	MCMBP	90.12	10	119872754	minichromosome maintenance complex binding protein [Source:HGNC Symbol;Acc:HGNC:25782]	no	YAP_regulated	NA
ENSG00000197872	5	shYT_down	CYRIA	7.31	2	16666331	CYFIP related Rac1 interactor A [Source:HGNC Symbol;Acc:HGNC:25373]	no	Not_regulated_by_YAP	NA
ENSG00000198242	5	shYT_down	RPL23A	799.71	17	28719985	ribosomal protein L23a [Source:HGNC Symbol;Acc:HGNC:10317]	no	YAP_regulated	NA
ENSG00000198546	5	shYT_down	ZNF511	27.5	10	133308941	zinc finger protein 511 [Source:HGNC Symbol;Acc:HGNC:28445]	Yes	YAP_regulated	C2H2 ZF
ENSG00000198589	5	shYT_down	LRBA	16.14	4	151015727	LPS responsive beige-like anchor protein [Source:HGNC Symbol;Acc:HGNC:1742]	no	YAP_regulated	NA
ENSG00000198763	5	shYT_down	MT-ND2	4993.6	MT	4470	mitochondrially encoded NADH:ubiquinone oxidoreductase core subunit 2 [Source:HGNC Symbol;Acc:HGNC:7456]	no	Not_regulated_by_YAP	NA
ENSG00000198840	5	shYT_down	MT-ND3	6510.1	MT	10059	mitochondrially encoded NADH:ubiquinone oxidoreductase core subunit 3 [Source:HGNC Symbol;Acc:HGNC:7458]	no	Not_regulated_by_YAP	NA
ENSG00000198860	5	shYT_down	TSEN15	86.51	1	184051718	tRNA splicing endonuclease subunit 15 [Source:HGNC Symbol;Acc:HGNC:16791]	no	Not_regulated_by_YAP	NA
ENSG00000198874	5	shYT_down	TYW1	16.48	7	66995173	tRNA-yW synthesizing protein 1 homolog [Source:HGNC Symbol;Acc:HGNC:25598]	no	Not_regulated_by_YAP	NA
ENSG00000198888	5	shYT_down	MT-ND1	3269.2	MT	3307	mitochondrially encoded NADH:ubiquinone oxidoreductase core subunit 1 [Source:HGNC Symbol;Acc:HGNC:7455]	no	Not_regulated_by_YAP	NA
ENSG00000198899	5	shYT_down	MT-ATP6	11463	MT	8527	mitochondrially encoded ATP synthase membrane subunit 6 [Source:HGNC Symbol;Acc:HGNC:7414]	no	Not_regulated_by_YAP	NA
ENSG00000198910	5	shYT_down	L1CAM	4.05	X	153886142	L1 cell adhesion molecule [Source:HGNC Symbol;Acc:HGNC:6470]	no	Not_regulated_by_YAP	NA
ENSG00000198918	5	shYT_down	RPL39	3480.7	X	119787456	ribosomal protein L39 [Source:HGNC Symbol;Acc:HGNC:10350]	no	YAP_regulated	NA
ENSG00000198952	5	shYT_down	SMG5	78.19	1	156267588	SMG5 nonsense mediated mRNA decay factor [Source:HGNC Symbol;Acc:HGNC:24644]	no	YAP_regulated	NA
ENSG00000204160	5	shYT_down	ZDHHC18	24.84	1	26826688	zinc finger DHHC-type palmitoyltransferase 18 [Source:HGNC Symbol;Acc:HGNC:20712]	no	YAP_regulated	NA
ENSG00000204334	5	shYT_down	ERICH2	0.15	2	170783786	glutamate rich 2 [Source:HGNC Symbol;Acc:HGNC:44395]	no	Not_regulated_by_YAP	NA
ENSG00000204650	5	shYT_down	LINC02210	12.15	17	45620340	long intergenic non-protein coding RNA 2210 [Source:HGNC Symbol;Acc:HGNC:26327]	no	Not_regulated_by_YAP	NA
ENSG00000204681	5	shYT_down	GABBR1	6.26	6	29628038	gamma-aminobutyric acid type B receptor subunit 1 [Source:HGNC Symbol;Acc:HGNC:4070]	no	Not_regulated_by_YAP	NA
ENSG00000205765	5	shYT_down	C5orf51	12.14	5	41904188	chromosome 5 open reading frame 51 [Source:HGNC Symbol;Acc:HGNC:27750]	no	YAP_regulated	NA
ENSG00000205903	5	shYT_down	ZNF316	4.1	7	6637350	zinc finger protein 316 [Source:HGNC Symbol;Acc:HGNC:13843]	Yes	Not_regulated_by_YAP	C2H2 ZF
ENSG00000205930	5	shYT_down	C21orf62-AS1	0.18	21	32772100	C21orf62 antisense RNA 1 [Source:HGNC Symbol;Acc:HGNC:1290]	no	Not_regulated_by_YAP	NA
ENSG00000212724	5	shYT_down	KRTAP2-3	14.87	17	41060114	keratin associated protein 2-3 [Source:HGNC Symbol;Acc:HGNC:18906]	no	Not_regulated_by_YAP	NA
ENSG00000212907	5	shYT_down	MT-ND4L	13327	MT	10470	mitochondrially encoded NADH:ubiquinone oxidoreductase core subunit 4L [Source:HGNC Symbol;Acc:HGNC:7460]	no	Not_regulated_by_YAP	NA
ENSG00000213585	5	shYT_down	VDAC1	549.3	5	133976369	voltage dependent anion channel 1 [Source:HGNC Symbol;Acc:HGNC:12669]	no	YAP_regulated	NA
ENSG00000213625	5	shYT_down	LEPROT	45	1	65420708	leptin receptor overlapping transcript [Source:HGNC Symbol;Acc:HGNC:29477]	no	YAP_regulated	NA
ENSG00000214049	5	shYT_down	UCA1	19.45	19	15828579	urothelial cancer associated 1 [Source:HGNC Symbol;Acc:HGNC:37126]	no	YAP_regulated	NA
ENSG00000214050	5	shYT_down	FBXO16	3.16	8	28490256	F-box protein 16 [Source:HGNC Symbol;Acc:HGNC:13618]	no	Not_regulated_by_YAP	NA
ENSG00000214193	5	shYT_down	SH3D21	1.75	1	36306368	SH3 domain containing 21 [Source:HGNC Symbol;Acc:HGNC:26236]	no	Not_regulated_by_YAP	NA
ENSG00000214413	5	shYT_down	BBIP1	48.46	10	110918657	BBSome interacting protein 1 [Source:HGNC Symbol;Acc:HGNC:28093]	no	YAP_regulated	NA
ENSG00000215883	5	shYT_down	CYB5RL	4.8	1	54195616	cytochrome b5 reductase like [Source:HGNC Symbol;Acc:HGNC:32220]	no	Not_regulated_by_YAP	NA
ENSG00000218510	5	shYT_down	LINC00339	8.11	1	22025538	long intergenic non-protein coding RNA 339 [Source:HGNC Symbol;Acc:HGNC:25011]	no	YAP_regulated	NA
ENSG00000218739	5	shYT_down	CEBPZOS	45.73	2	37196494	CEBPZ opposite strand [Source:HGNC Symbol;Acc:HGNC:49288]	no	YAP_regulated	NA
ENSG00000221826	5	shYT_down	PSG3	0.04	19	42739372	pregnancy specific beta-1-glycoprotein 3 [Source:HGNC Symbol;Acc:HGNC:9520]	no	Not_regulated_by_YAP	NA
ENSG00000221887	5	shYT_down	HMSD	3.79	18	63949301	histocompatibility minor serpin domain containing [Source:HGNC Symbol;Acc:HGNC:23037]	no	Not_regulated_by_YAP	NA
ENSG00000221968	5	shYT_down	FADS3	55.94	11	61880463	fatty acid desaturase 3 [Source:HGNC Symbol;Acc:HGNC:3576]	no	YAP_regulated	NA
ENSG00000221978	5	shYT_down	CCNL2	106.5	1	1399335	cyclin L2 [Source:HGNC Symbol;Acc:HGNC:20570]	no	Not_regulated_by_YAP	NA
ENSG00000223482	5	shYT_down	NUTM2A-AS1	31.97	10	87342340	NUTM2A antisense RNA 1 [Source:HGNC Symbol;Acc:HGNC:45161]	no	Not_regulated_by_YAP	NA
ENSG00000223865	5	shYT_down	HLA-DPB1	0.23	6	33075990	major histocompatibility complex, class II, DP beta 1 [Source:HGNC Symbol;Acc:HGNC:4940]	no	Not_regulated_by_YAP	NA
ENSG00000224536	5	shYT_down	NA	NA	NA	NA	NA	NA	NA	NA
ENSG00000226124	5	shYT_down	FTCDNL1	1.83	2	199851173	formiminotransferase cyclodeaminase N-terminal like [Source:HGNC Symbol;Acc:HGNC:48661]	no	Not_regulated_by_YAP	NA
ENSG00000226752	5	shYT_down	CUTALP	7.24	9	120824828	cutA divalent cation tolerance homolog-like, pseudogene [Source:HGNC Symbol;Acc:HGNC:27367]	no	YAP_regulated	NA
ENSG00000226950	5	shYT_down	DANCR	77.54	4	52712498	differentiation antagonizing non-protein coding RNA [Source:HGNC Symbol;Acc:HGNC:28964]	no	YAP_regulated	NA
ENSG00000228253	5	shYT_down	MT-ATP8	38156	MT	8366	mitochondrially encoded ATP synthase membrane subunit 8 [Source:HGNC Symbol;Acc:HGNC:7415]	no	Not_regulated_by_YAP	NA
ENSG00000228300	5	shYT_down	FAM174C	58.63	19	1275530	family with sequence similarity 174 member C [Source:HGNC Symbol;Acc:HGNC:26073]	no	Not_regulated_by_YAP	NA
ENSG00000228824	5	shYT_down	MIR4500HG	0.17	13	87671022	MIR4500 host gene [Source:HGNC Symbol;Acc:HGNC:42773]	no	Not_regulated_by_YAP	NA
ENSG00000229656	5	shYT_down	ITGB1-DT	5.47	10	32958845	ITGB1 divergent transcript [Source:HGNC Symbol;Acc:HGNC:53718]	no	Not_regulated_by_YAP	NA
ENSG00000233927	5	shYT_down	RPS28	304.58	19	8321158	ribosomal protein S28 [Source:HGNC Symbol;Acc:HGNC:10418]	no	Not_regulated_by_YAP	NA
ENSG00000234323	5	shYT_down	LINC01505	0.06	9	105993310	long intergenic non-protein coding RNA 1505 [Source:HGNC Symbol;Acc:HGNC:51186]	no	Not_regulated_by_YAP	NA
ENSG00000234420	5	shYT_down	ZNF37BP	4.62	10	42552822	zinc finger protein 37B, pseudogene [Source:HGNC Symbol;Acc:HGNC:13103]	no	Not_regulated_by_YAP	NA
ENSG00000236751	5	shYT_down	LINC01186	3.59	X	46327680	long intergenic non-protein coding RNA 1186 [Source:HGNC Symbol;Acc:HGNC:49573]	no	YAP_regulated	NA
ENSG00000237550	5	shYT_down	AC243919.1	724.97	15	82372912	ribosomal protein L9 pseudogene 9	no	Not_regulated_by_YAP	NA
ENSG00000237765	5	shYT_down	FAM200B	55.42	4	15681791	family with sequence similarity 200 member B [Source:HGNC Symbol;Acc:HGNC:27740]	Yes	YAP_regulated	BED ZF
ENSG00000240230	5	shYT_down	COX19	6.63	7	975549	cytochrome c oxidase assembly factor COX19 [Source:HGNC Symbol;Acc:HGNC:28074]	no	Not_regulated_by_YAP	NA
ENSG00000242516	5	shYT_down	LINC00960	3.53	3	75672391	long intergenic non-protein coding RNA 960 [Source:HGNC Symbol;Acc:HGNC:48710]	no	Not_regulated_by_YAP	NA
ENSG00000242588	5	shYT_down	AC108010.1	12.99	7	128574751	novel transcript	no	Not_regulated_by_YAP	NA
ENSG00000242802	5	shYT_down	AP5Z1	17.64	7	4787837	adaptor related protein complex 5 subunit zeta 1 [Source:HGNC Symbol;Acc:HGNC:22197]	no	Not_regulated_by_YAP	NA
ENSG00000244005	5	shYT_down	NFS1	36.24	20	35674798	NFS1 cysteine desulfurase [Source:HGNC Symbol;Acc:HGNC:15910]	no	YAP_regulated	NA
ENSG00000244198	5	shYT_down	ARHGEF35-AS1	4.31	7	144195888	ARHGEF35 antisense RNA 1 [Source:HGNC Symbol;Acc:HGNC:41292]	no	Not_regulated_by_YAP	NA
ENSG00000244459	5	shYT_down	AC147067.1	0.24	4	1580253	novel transcript	no	Not_regulated_by_YAP	NA
ENSG00000244486	5	shYT_down	SCARF2	6.46	22	20437825	scavenger receptor class F member 2 [Source:HGNC Symbol;Acc:HGNC:19869]	no	Not_regulated_by_YAP	NA
ENSG00000248527	5	shYT_down	MTATP6P1	530.2	1	633696	MT-ATP6 pseudogene 1 [Source:HGNC Symbol;Acc:HGNC:44575]	no	Not_regulated_by_YAP	NA
ENSG00000250846	5	shYT_down	EPHA5-AS1	1.07	4	65670530	EPHA5 antisense RNA 1 [Source:HGNC Symbol;Acc:HGNC:50602]	no	Not_regulated_by_YAP	NA
ENSG00000253549	5	shYT_down	CA3-AS1	0.58	8	85464915	CA3 antisense RNA 1 [Source:HGNC Symbol;Acc:HGNC:51657]	no	Not_regulated_by_YAP	NA
ENSG00000253719	5	shYT_down	ATXN7L3B	25.29	12	74537835	ataxin 7 like 3B [Source:HGNC Symbol;Acc:HGNC:37931]	no	YAP_regulated	NA
ENSG00000254473	5	shYT_down	AL354920.1	3.18	9	83708318	novel transcript, antisense to UBQLN1	no	Not_regulated_by_YAP	NA
ENSG00000255517	5	shYT_down	AP002748.4	3.52	11	66480231	novel transcript	no	Not_regulated_by_YAP	NA
ENSG00000255529	5	shYT_down	POLR2M	17.4	15	57706695	RNA polymerase II subunit M [Source:HGNC Symbol;Acc:HGNC:14862]	no	Not_regulated_by_YAP	NA
ENSG00000256537	5	shYT_down	SMIM10L1	5.5	12	11171194	small integral membrane protein 10 like 1 [Source:HGNC Symbol;Acc:HGNC:49847]	no	Not_regulated_by_YAP	NA
ENSG00000257103	5	shYT_down	LSM14A	68.64	19	34172504	LSM14A mRNA processing body assembly factor [Source:HGNC Symbol;Acc:HGNC:24489]	no	Not_regulated_by_YAP	NA
ENSG00000263004	5	shYT_down	AC007114.1	0.7	17	57085022	novel transcript	no	Not_regulated_by_YAP	NA
ENSG00000269893	5	shYT_down	SNHG8	202.95	4	118278709	small nucleolar RNA host gene 8 [Source:HGNC Symbol;Acc:HGNC:33098]	no	Not_regulated_by_YAP	NA
ENSG00000270170	5	shYT_down	NCBP2AS2	17.69	3	196942674	NCBP2 antisense 2 (head to head) [Source:HGNC Symbol;Acc:HGNC:25121]	no	YAP_regulated	NA
ENSG00000271122	5	shYT_down	AC018647.2	2.28	7	35695214	novel transcript	no	Not_regulated_by_YAP	NA
ENSG00000271643	5	shYT_down	AC112220.2	1.09	3	33798539	novel transcript	no	Not_regulated_by_YAP	NA
ENSG00000273117	5	shYT_down	AC144652.1	3.95	7	155297541	novel transcript	no	Not_regulated_by_YAP	NA
ENSG00000273841	5	shYT_down	NA	NA	NA	NA	NA	NA	NA	NA
ENSG00000275700	5	shYT_down	NA	NA	NA	NA	NA	NA	NA	NA
ENSG00000276334	5	shYT_down	NA	NA	NA	NA	NA	NA	NA	NA
ENSG00000276644	5	shYT_down	NA	NA	NA	NA	NA	NA	NA	NA
ENSG00000277476	5	shYT_down	NA	NA	NA	NA	NA	NA	NA	NA
ENSG00000277969	5	shYT_down	NA	NA	NA	NA	NA	NA	NA	NA
ENSG00000278540	5	shYT_down	NA	NA	NA	NA	NA	NA	NA	NA
ENSG00000280325	5	shYT_down	NA	NA	NA	NA	NA	NA	NA	NA
ENSG00000281398	5	shYT_down	NA	NA	NA	NA	NA	NA	NA	NA
ENSG00000282851	5	shYT_down	NA	NA	NA	NA	NA	NA	NA	NA
ENSG00000285756	5	shYT_down	NA	NA	NA	NA	NA	NA	NA	NA
ENSG00000288016	5	shYT_down	NA	NA	NA	NA	NA	NA	NA	NA
ENSG00000288767	5	shYT_down	NA	NA	NA	NA	NA	NA	NA	NA
ENSG00000288999	5	shYT_down	NA	NA	NA	NA	NA	NA	NA	NA
ENSG00000290445	5	shYT_down	NA	NA	NA	NA	NA	NA	NA	NA
ENSG00000291040	5	shYT_down	NA	NA	NA	NA	NA	NA	NA	NA
ENSG00000291059	5	shYT_down	NA	NA	NA	NA	NA	NA	NA	NA
ENSG00000291174	5	shYT_down	NA	NA	NA	NA	NA	NA	NA	NA
ENSG00000101199	5	shYT_down	ARFGAP1	113.33	20	63272813	ADP ribosylation factor GTPase activating protein 1 [Source:HGNC Symbol;Acc:HGNC:15852]	no	Not_regulated_by_YAP	NA
